<?xml version="1.0" encoding="UTF-8"?>
<Entities>
    <Widgets>
        <Widget
         name="statepanel">
            <UIResources>
                <FileResource
                 file="statepanel.ide.css"
                 isDevelopment="true"
                 isRuntime="false"
                 type="CSS"></FileResource>
                <FileResource
                 file="statepanel.ide.js"
                 isDevelopment="true"
                 isRuntime="false"
                 type="JS"></FileResource>
                <FileResource
                 file="statepanel.runtime.css"
                 isDevelopment="false"
                 isRuntime="true"
                 type="CSS"></FileResource>
                <FileResource
                 file="statepanel.runtime.js"
                 isDevelopment="false"
                 isRuntime="true"
                 type="JS"></FileResource>
            </UIResources>
        </Widget>
    </Widgets>
</Entities>
