<?xml version="1.0" encoding="UTF-8"?>
<Entities
 build="b88"
 majorVersion="8"
 minorVersion="2"
 modelPersistenceProviderPackage="PostgresPersistenceProviderPackage"
 revision="0"
 schemaVersion="1020"
 universal="">
    <Things>
        <Thing
         aspect.isEditableExtensionObject="true"
         aspect.isExtension="true"
         description="Tag configuration utilities {PTC.Factory.Administration.TagConfigurationUtils}"
         documentationContent=""
         effectiveThingPackage="PTC.Resource.Factory.TagConfigurationUtilsPackage"
         enabled="true"
         homeMashup=""
         identifier=""
         lastModifiedDate="2018-01-05T11:42:42.541-05:00"
         name="PTC.Factory.Administration.TagConfigurationUtils"
         projectName="PTC.SCA.SCO.User Management"
         published="false"
         tags="PTC:sca-sco;PTC:Thing;PTC:sca-sco-usermanagement"
         thingTemplate="PTC.Factory.Administration.TagConfigurationUtilsTemplate"
         valueStream="">
            <avatar></avatar>
            <DesignTimePermissions>
                <Create></Create>
                <Read></Read>
                <Update></Update>
                <Delete></Delete>
                <Metadata></Metadata>
            </DesignTimePermissions>
            <RunTimePermissions></RunTimePermissions>
            <VisibilityPermissions></VisibilityPermissions>
            <ConfigurationTables></ConfigurationTables>
            <ThingShape>
                <PropertyDefinitions></PropertyDefinitions>
                <ServiceDefinitions></ServiceDefinitions>
                <EventDefinitions></EventDefinitions>
                <ServiceMappings></ServiceMappings>
                <ServiceImplementations></ServiceImplementations>
                <Subscriptions></Subscriptions>
            </ThingShape>
            <PropertyBindings></PropertyBindings>
            <RemotePropertyBindings></RemotePropertyBindings>
            <RemoteServiceBindings></RemoteServiceBindings>
            <RemoteEventBindings></RemoteEventBindings>
            <AlertConfigurations></AlertConfigurations>
            <ImplementedShapes></ImplementedShapes>
            <ThingProperties>
                <isEquipmentSelectionPreserved>
                    <Value>true</Value>
                    <Timestamp>2018-01-05T11:42:42.552-05:00</Timestamp>
                    <Quality>GOOD</Quality>
                </isEquipmentSelectionPreserved>
            </ThingProperties>
        </Thing>
    </Things>
</Entities>
