<?xml version="1.0" encoding="UTF-8"?>
<Entities
 build="b2893"
 majorVersion="0"
 minorVersion="0"
 modelPersistenceProviderPackage="NeoPersistenceProviderPackage"
 revision="0"
 schemaVersion="940">
    <MediaEntities>
        <MediaEntity
         aspect.isEditableExtensionObject="true"
         aspect.isExtension="true"
         description="Application switcher icon (light blue) {PTC.Factory.AppSwitcher.LightBlueIcon}"
         documentationContent=""
         homeMashup=""
         lastModifiedDate="2017-04-13T11:05:08.569-04:00"
         name="PTC.Factory.AppSwitcher.LightBlueIcon"
         projectName="PTC.SCA.SCO.Application Home Page"
         tags="PTC:sca-sco;PTC:MediaEntity;PTC:sca-sco-applicationhomepage">
            <avatar></avatar>
            <DesignTimePermissions>
                <Create></Create>
                <Read></Read>
                <Update></Update>
                <Delete></Delete>
                <Metadata></Metadata>
            </DesignTimePermissions>
            <RunTimePermissions></RunTimePermissions>
            <VisibilityPermissions>
                <Visibility>
                    <Principal
                     isPermitted="true"
                     name="PTC.Factory.MachineVisibility"
                     type="Organization"></Principal>
                </Visibility>
            </VisibilityPermissions>
            <ConfigurationTables></ConfigurationTables>
            <content>
            <![CDATA[
            iVBORw0KGgoAAAANSUhEUgAAABYAAAAWCAYAAADEtGw7AAAAKElEQVR42mMonL//PzbMAAVky48a
            PIQNHnpgNPJGDR5Nx6OpYlgaDADVCIzmLHa26QAAAABJRU5ErkJggg==
            ]]>
            </content>
        </MediaEntity>
    </MediaEntities>
</Entities>
