<?xml version="1.0" encoding="UTF-8"?>
<Entities
 build="b140"
 majorVersion="8"
 minorVersion="2"
 modelPersistenceProviderPackage="PostgresPersistenceProviderPackage"
 revision="1"
 schemaVersion="1020"
 universal="">
    <StyleDefinitions>
        <StyleDefinition
         description=""
         documentationContent=""
         homeMashup=""
         lastModifiedDate="2018-02-20T09:46:32.949-05:00"
         name="PTC.SCA.SCO.InfoSolidIconStyleDefinition"
         projectName="PTC.SCA.SCO.Application Home Page"
         tags="PTC:sca-sco-applicationhomepage;">
            <avatar></avatar>
            <DesignTimePermissions>
                <Create></Create>
                <Read></Read>
                <Update></Update>
                <Delete></Delete>
                <Metadata></Metadata>
            </DesignTimePermissions>
            <RunTimePermissions></RunTimePermissions>
            <VisibilityPermissions>
                <Visibility></Visibility>
            </VisibilityPermissions>
            <ConfigurationTables></ConfigurationTables>
            <content>
            <![CDATA[
            {
              "backgroundColor" : "",
              "displayString" : "",
              "fontEmphasisBold" : false,
              "fontEmphasisItalic" : false,
              "fontEmphasisUnderline" : false,
              "foregroundColor" : "",
              "image" : "PTC.SCA.SCO.InfoSolidIcon",
              "lineColor" : "",
              "lineStyle" : "solid",
              "lineThickness" : 1,
              "secondaryBackgroundColor" : "",
              "textSize" : "normal"
            }
            ]]>
            </content>
        </StyleDefinition>
    </StyleDefinitions>
</Entities>
