<?xml version="1.0" encoding="UTF-8"?>
<Entities
 build="b238"
 majorVersion="8"
 minorVersion="2"
 modelPersistenceProviderPackage="PostgresPersistenceProviderPackage"
 revision="0"
 schemaVersion="1020"
 universal="">
    <DataShapes>
        <DataShape
         aspect.isEditableExtensionObject="false"
         aspect.isExtension="true"
         baseDataShape=""
         description="Alert Summary Details Datashape {PTC.Factory.AlertSummaryDetails}"
         documentationContent=""
         homeMashup=""
         lastModifiedDate="2018-01-22T14:59:47.375-05:00"
         name="PTC.Factory.AlertSummaryDetails"
         projectName="PTC.SCA.SCO.Alert.Model"
         tags="PTC:sca-sco;PTC:DataShape;PTC:sca-sco-alert-model">
            <avatar></avatar>
            <DesignTimePermissions>
                <Create></Create>
                <Read></Read>
                <Update></Update>
                <Delete></Delete>
                <Metadata></Metadata>
            </DesignTimePermissions>
            <RunTimePermissions></RunTimePermissions>
            <VisibilityPermissions>
                <Visibility></Visibility>
            </VisibilityPermissions>
            <ConfigurationTables></ConfigurationTables>
            <FieldDefinitions>
                <FieldDefinition
                 baseType="BOOLEAN"
                 description=""
                 name="ack"
                 ordinal="2"></FieldDefinition>
                <FieldDefinition
                 baseType="STRING"
                 description=""
                 name="ackBy"
                 ordinal="7"></FieldDefinition>
                <FieldDefinition
                 baseType="STRING"
                 description=""
                 name="ackComment"
                 ordinal="14"></FieldDefinition>
                <FieldDefinition
                 baseType="DATETIME"
                 description=""
                 name="ackTimestamp"
                 ordinal="3"></FieldDefinition>
                <FieldDefinition
                 baseType="STRING"
                 description="This field should holds the localized value of ack"
                 name="alertLocalizedAckStatus"
                 ordinal="16"></FieldDefinition>
                <FieldDefinition
                 baseType="STRING"
                 description=""
                 name="alertType"
                 ordinal="4"></FieldDefinition>
                <FieldDefinition
                 baseType="STRING"
                 description=""
                 name="description"
                 ordinal="5"></FieldDefinition>
                <FieldDefinition
                 baseType="STRING"
                 description=""
                 name="displayTimestamp"
                 ordinal="13"></FieldDefinition>
                <FieldDefinition
                 baseType="NUMBER"
                 description=""
                 name="duration"
                 ordinal="6"></FieldDefinition>
                <FieldDefinition
                 baseType="STRING"
                 description=""
                 name="message"
                 ordinal="1"></FieldDefinition>
                <FieldDefinition
                 baseType="STRING"
                 description=""
                 name="name"
                 ordinal="8"></FieldDefinition>
                <FieldDefinition
                 baseType="INTEGER"
                 description=""
                 name="priority"
                 ordinal="9"></FieldDefinition>
                <FieldDefinition
                 baseType="STRING"
                 description=""
                 name="source"
                 ordinal="10"></FieldDefinition>
                <FieldDefinition
                 baseType="STRING"
                 description=""
                 name="sourceProperty"
                 ordinal="11"></FieldDefinition>
                <FieldDefinition
                 baseType="DATETIME"
                 description=""
                 name="timestamp"
                 ordinal="12"></FieldDefinition>
                <FieldDefinition
                 aspect.isPrimaryKey="false"
                 baseType="STRING"
                 description=""
                 name="localization"
                 ordinal="17"></FieldDefinition>
            </FieldDefinitions>
        </DataShape>
    </DataShapes>
</Entities>
