<?xml version="1.0" encoding="UTF-8"?>
<Entities
 build="b1213"
 majorVersion="8"
 minorVersion="4"
 modelPersistenceProviderPackage="PostgresPersistenceProviderPackage"
 revision="0"
 schemaVersion="1040"
 universal="">
    <DataShapes>
        <DataShape
         aspect.isEditableExtensionObject="false"
         aspect.isExtension="true"
         baseDataShape=""
         description="All Alert by things Datashape {PTC.Factory.AllAlertsByThingDataShape}"
         documentationContent=""
         homeMashup=""
         lastModifiedDate="2018-06-13T11:36:35.366-04:00"
         name="PTC.Factory.AllAlertsByThingDataShape"
         projectName="PTC.SCA.SCO.Alert.Model"
         tags="PTC:sca-sco;PTC:DataShape;PTC:sca-sco-alert-model">
            <avatar></avatar>
            <DesignTimePermissions>
                <Create></Create>
                <Read></Read>
                <Update></Update>
                <Delete></Delete>
                <Metadata></Metadata>
            </DesignTimePermissions>
            <RunTimePermissions></RunTimePermissions>
            <VisibilityPermissions>
                <Visibility></Visibility>
            </VisibilityPermissions>
            <ConfigurationTableDefinitions></ConfigurationTableDefinitions>
            <ConfigurationTables></ConfigurationTables>
            <FieldDefinitions>
                <FieldDefinition
                 aspect.defaultValue=""
                 baseType="STRING"
                 description="Alert is active"
                 name="Activated"
                 ordinal="13"></FieldDefinition>
                <FieldDefinition
                 aspect.defaultValue="1"
                 aspect.maximumValue="10"
                 aspect.minimumValue="1"
                 baseType="INTEGER"
                 description="Alert priority. Valid values range from 1 (the highest) to 10 (the lowest)"
                 name="AlertPriority"
                 ordinal="17"></FieldDefinition>
                <FieldDefinition
                 baseType="STRING"
                 description="Alert type"
                 name="AlertType"
                 ordinal="10"></FieldDefinition>
                <FieldDefinition
                 baseType="STRING"
                 description="Alert message"
                 name="AlertValue"
                 ordinal="9"></FieldDefinition>
                <FieldDefinition
                 baseType="STRING"
                 description="Alert source thing name"
                 name="BaseType"
                 ordinal="9"></FieldDefinition>
                <FieldDefinition
                 baseType="STRING"
                 description="Current value of the property"
                 name="CurrentValue"
                 ordinal="15"></FieldDefinition>
                <FieldDefinition
                 baseType="STRING"
                 description="Alert definition"
                 name="Definition"
                 ordinal="14"></FieldDefinition>
                <FieldDefinition
                 baseType="STRING"
                 description="Alert description"
                 name="Description"
                 ordinal="8"></FieldDefinition>
                <FieldDefinition
                 baseType="STRING"
                 description=""
                 name="DetailsPageLink"
                 ordinal="15"></FieldDefinition>
                <FieldDefinition
                 baseType="STRING"
                 description="Name of the equipment or template where the alert is defined"
                 name="entityDisplayName"
                 ordinal="9"></FieldDefinition>
                <FieldDefinition
                 aspect.isPrimaryKey="false"
                 baseType="STRING"
                 description="Type of entity (Thing or ThingTemplate)"
                 name="entityType"
                 ordinal="18"></FieldDefinition>
                <FieldDefinition
                 baseType="STRING"
                 description=""
                 name="Id"
                 ordinal="16"></FieldDefinition>
                <FieldDefinition
                 aspect.isPrimaryKey="false"
                 baseType="BOOLEAN"
                 description="Alert is inherited from the equipment thing template"
                 name="isAlertInherited"
                 ordinal="20"></FieldDefinition>
                <FieldDefinition
                 aspect.isPrimaryKey="false"
                 baseType="BOOLEAN"
                 description="Alert is overridden for this piece of equipment"
                 name="isAlertOverridden"
                 ordinal="21"></FieldDefinition>
                <FieldDefinition
                 aspect.isPrimaryKey="false"
                 baseType="BOOLEAN"
                 description="Alert is defined on an equipment template"
                 name="isTemplateAlert"
                 ordinal="19"></FieldDefinition>
                <FieldDefinition
                 baseType="STRING"
                 description="Alert name"
                 name="Name"
                 ordinal="8"></FieldDefinition>
                <FieldDefinition
                 baseType="STRING"
                 description="Alert property"
                 name="PropertyName"
                 ordinal="9"></FieldDefinition>
                <FieldDefinition
                 aspect.isPrimaryKey="true"
                 baseType="STRING"
                 description=""
                 name="sortKey"
                 ordinal="0"></FieldDefinition>
                <FieldDefinition
                 baseType="STRING"
                 description="Alert source property"
                 name="SourceOrPropertyName"
                 ordinal="9"></FieldDefinition>
                <FieldDefinition
                 baseType="STRING"
                 description="Alert source property"
                 name="sourcePropertyDisplayName"
                 ordinal="9"></FieldDefinition>
                <FieldDefinition
                 baseType="STRING"
                 description="Alert source thing name"
                 name="ThingName"
                 ordinal="9"></FieldDefinition>
                <FieldDefinition
                 baseType="STRING"
                 description="HTML representation of the name of the equipment or template where the alert is defined"
                 name="entityDisplayNameHTML"
                 ordinal="22"></FieldDefinition>
            </FieldDefinitions>
        </DataShape>
    </DataShapes>
</Entities>
