<?xml version="1.0" encoding="UTF-8" standalone="no"?>
<Entities>
    <LocalizationTables>
        <LocalizationTable description="fr localization table" documentationContent="" homeMashup="" languageCommon="French" languageNative="Français" lastModifiedDate="2020-03-05T12:00:00.000+00:00" name="fr" projectName="" tags="">
            <avatar></avatar>
            <DesignTimePermissions>
                <Create></Create>
                <Read></Read>
                <Update></Update>
                <Delete></Delete>
                <Metadata></Metadata>
            </DesignTimePermissions>
            <RunTimePermissions></RunTimePermissions>
            <VisibilityPermissions>
                <Visibility></Visibility>
            </VisibilityPermissions>
            <ConfigurationTables>
                <ConfigurationTable description="Localization tokens and usage" isMultiRow="true" name="LocalizationTokens" ordinal="0">
                    <DataShape>
                        <FieldDefinitions>
              <FieldDefinition aspect.friendlyName="Translation context" baseType="STRING" description="Translation context" name="context" ordinal="3" />
              <FieldDefinition aspect.friendlyName="Token name" baseType="STRING" description="Token name" name="name" ordinal="0" />
              <FieldDefinition aspect.friendlyName="Token usage" baseType="STRING" description="Token usage" name="usage" ordinal="2" />
              <FieldDefinition aspect.friendlyName="Localized value" baseType="STRING" description="Localized value" name="value" ordinal="1" />
            </FieldDefinitions>
                    </DataShape>
                    <Rows>
                        <Row>
                            <context></context>
                            <name><![CDATA[TW.ThingView.Description]]></name>
                            <usage></usage>
                            <value><![CDATA[Le widget Creo View WebGL permet d'afficher des modèles 3D.]]></value>
                        </Row>
                        <Row>
                            <context></context>
                            <name><![CDATA[TW.ThingView.Properties.ProductToView.Description]]></name>
                            <usage></usage>
                            <value><![CDATA[URL du fichier à charger]]></value>
                        </Row>
                        <Row>
                            <context><![CDATA[Base url to windchill server]]></context>
                            <name><![CDATA[TW.ThingView.Properties.BaseUrl.Description]]></name>
                            <usage></usage>
                            <value><![CDATA[URL de base de la structure]]></value>
                        </Row>
                        <Row>
                            <context><![CDATA[ObjectIdentifier string to WTPart]]></context>
                            <name><![CDATA[TW.ThingView.Properties.Oid.Description]]></name>
                            <usage></usage>
                            <value><![CDATA[OID de la structure]]></value>
                        </Row>
                        <Row>
                            <context><![CDATA[url to map file in windchill server]]></context>
                            <name><![CDATA[TW.ThingView.Properties.MapUrl.Description]]></name>
                            <usage></usage>
                            <value><![CDATA[URL du fichier de mappage]]></value>
                        </Row>
                        <Row>
                            <context><![CDATA[url to markup file in windchill server]]></context>
                            <name><![CDATA[TW.ThingView.Properties.MarkupUrl.Description]]></name>
                            <usage></usage>
                            <value><![CDATA[URL du contenu de marquage]]></value>
                        </Row>
                        <Row>
                            <name><![CDATA[TW.ThingView.Properties.Orientations.Description]]></name>
                            <usage></usage>
                            <value><![CDATA[Orientations de la vue 3D]]></value>
                        </Row>
                        <Row>
                            <context></context>
                            <name><![CDATA[TW.ThingView.Properties.Orientations.SelectOptions.ISO1]]></name>
                            <usage></usage>
                            <value><![CDATA[ISO 1]]></value>
                        </Row>
                        <Row>
                            <context></context>
                            <name><![CDATA[TW.ThingView.Properties.Orientations.SelectOptions.ISO2]]></name>
                            <usage></usage>
                            <value><![CDATA[ISO 2]]></value>
                        </Row>
                        <Row>
                            <context></context>
                            <name><![CDATA[TW.ThingView.Properties.Orientations.SelectOptions.Top]]></name>
                            <usage></usage>
                            <value><![CDATA[Haut]]></value>
                        </Row>
                        <Row>
                            <context></context>
                            <name><![CDATA[TW.ThingView.Properties.Orientations.SelectOptions.Bottom]]></name>
                            <usage></usage>
                            <value><![CDATA[Bas]]></value>
                        </Row>
                        <Row>
                            <context></context>
                            <name><![CDATA[TW.ThingView.Properties.Orientations.SelectOptions.Left]]></name>
                            <usage></usage>
                            <value><![CDATA[Gauche]]></value>
                        </Row>
                        <Row>
                            <context></context>
                            <name><![CDATA[TW.ThingView.Properties.Orientations.SelectOptions.Right]]></name>
                            <usage></usage>
                            <value><![CDATA[Droite]]></value>
                        </Row>
                        <Row>
                            <context></context>
                            <name><![CDATA[TW.ThingView.Properties.Orientations.SelectOptions.Front]]></name>
                            <usage></usage>
                            <value><![CDATA[Avant]]></value>
                        </Row>
                        <Row>
                            <context></context>
                            <name><![CDATA[TW.ThingView.Properties.Orientations.SelectOptions.Back]]></name>
                            <usage></usage>
                            <value><![CDATA[Arrière]]></value>
                        </Row>
                        <Row>
                            <context></context>
                            <name><![CDATA[TW.ThingView.Properties.MouseNavigation.Description]]></name>
                            <usage></usage>
                            <value><![CDATA[Mode de navigation par souris utilisé dans la vue 3D]]></value>
                        </Row>
                        <Row>
                            <context></context>
                            <name><![CDATA[TW.ThingView.Properties.MouseNavigation.SelectOptions.CreoView]]></name>
                            <usage></usage>
                            <value><![CDATA[Creo View]]></value>
                        </Row>
                        <Row>
                            <context></context>
                            <name><![CDATA[TW.ThingView.Properties.MouseNavigation.SelectOptions.Creo]]></name>
                            <usage></usage>
                            <value><![CDATA[Creo]]></value>
                        </Row>
                        <Row>
                            <context></context>
                            <name><![CDATA[TW.ThingView.Properties.MouseNavigation.SelectOptions.CATIA]]></name>
                            <usage></usage>
                            <value><![CDATA[Compatible avec CATIA V5]]></value>
                        </Row>
                        <Row>
                            <context></context>
                            <name><![CDATA[TW.ThingView.Properties.MouseNavigation.SelectOptions.Explore]]></name>
                            <usage></usage>
                            <value><![CDATA[Exploration]]></value>
                        </Row>
                        <Row>
                            <context></context>
                            <name><![CDATA[TW.ThingView.Properties.Orientation.Description]]></name>
                            <usage></usage>
                            <value><![CDATA[Angles Euler pour l'orientation de la caméra au format X,Y,Z (en degrés). (Pour une rotation du modèle à 90 degrés autours de l'axe Y, entrez 0,90,0)]]></value>
                        </Row>
                        <Row>
                            <context></context>
                            <name><![CDATA[TW.ThingView.Properties.Position.Description]]></name>
                            <usage></usage>
                            <value><![CDATA[Position de la caméra au format X,Y,Z (en mètres). (Pour une distance de 0.5 mètres le long de l'axe Y à partir de l'origine, entrez 0,0.5,0)]]></value>
                        </Row>
                        <Row>
                            <context></context>
                            <name><![CDATA[TW.ThingView.Properties.BackgroundStyle.Description]]></name>
                            <usage></usage>
                            <value><![CDATA[Couleur d'arrière-plan utilisée pour le widget. Tous les autres champs sont ignorés.]]></value>
                        </Row>
                        <Row>
                            <context></context>
                            <name><![CDATA[TW.ThingView.Properties.Data.Description]]></name>
                            <usage></usage>
                            <value><![CDATA[Sélection d'articles]]></value>
                        </Row>
                        <Row>
                            <context></context>
                            <name><![CDATA[TW.ThingView.Properties.OccurrenceField.Description]]></name>
                            <usage></usage>
                            <value><![CDATA[Champ de données contenant l'ID du chemin de l'occurrence. Utilisé pour trouver les lignes à sélectionner et à colorer.]]></value>
                        </Row>
                        <Row>
                            <context></context>
                            <name><![CDATA[TW.ThingView.Properties.DataFormatter.Description]]></name>
                            <usage></usage>
                            <value><![CDATA[Règles de couleur dans le widget. Seule la couleur du texte est utilisée, avec ses valeurs de couleur et de transparence. Définissez une valeur de transparence très petite, par exemple, pour masquer des articles. Tous les autres champs sont ignorés.]]></value>
                        </Row>
                        <Row>
                            <context></context>
                            <name><![CDATA[TW.ThingView.Properties.SelectedOccurrencePath.Description]]></name>
                            <usage></usage>
                            <value><![CDATA[Chemin de l'occurrence sélectionné en dernier.]]></value>
                        </Row>
                        <Row>
                            <context></context>
                            <name><![CDATA[TW.ThingView.Properties.PreSelectedOccurrencePath.Description]]></name>
                            <usage></usage>
                            <value><![CDATA[Chemin de l'occurrence de l'article présélectionné.]]></value>
                        </Row>
                        <Row>
                            <context><![CDATA[Viewables i.e. annotations, viewstates]]></context>
                            <name><![CDATA[TW.ThingView.Properties.Views.Description]]></name>
                            <usage></usage>
                            <value><![CDATA[Liste de vue (nom, type, ID).]]></value>
                        </Row>
                        <Row>
                            <context></context>
                            <name><![CDATA[TW.ThingView.Properties.Gnomon.Description]]></name>
                            <usage></usage>
                            <value><![CDATA[Afficher le gnomon]]></value>
                        </Row>
                        <Row>
                            <context></context>
                            <name><![CDATA[TW.ThingView.Properties.EnablePartSelection.Description]]></name>
                            <usage></usage>
                            <value><![CDATA[Autoriser la sélection d'articles]]></value>
                        </Row>
                        <Row>
                            <context></context>
                            <name><![CDATA[TW.ThingView.Properties.EnablePartDragger.Description]]></name>
                            <usage></usage>
                            <value><![CDATA[Autoriser l'utilisateur à faire glisser des articles]]></value>
                        </Row>
                        <Row>
                            <context></context>
                            <name><![CDATA[TW.ThingView.Properties.SpinCenter.Description]]></name>
                            <usage></usage>
                            <value><![CDATA[Afficher le centre de rotation durant la rotation du modèle dans la vue 3D]]></value>
                        </Row>
                        <Row>
                            <context></context>
                            <name><![CDATA[TW.ThingView.Properties.AllowCORSCredentials.Description]]></name>
                            <usage></usage>
                            <value><![CDATA[Pour les requêtes CORS, spécifier si les cookies seront ajoutés aux requêtes]]></value>
                        </Row>
                        <Row>
                            <context></context>
                            <name><![CDATA[TW.ThingView.Properties.AllowClientRedirect.Description]]></name>
                            <usage></usage>
                            <value><![CDATA[Ne pas laisser le proxy du média traiter les redirections et les rediriger vers ThingView.]]></value>
                        </Row>
                        <Row>
                            <context></context>
                            <name><![CDATA[TW.ThingView.Properties.AcknowledgeStepText.Description]]></name>
                            <usage></usage>
                            <value><![CDATA[Message à afficher lorsque l'étape d'une séquence requiert une confirmation.]]></value>
                        </Row>
                        <Row>
                            <context></context>
                            <name><![CDATA[TW.ThingView.Properties.SequenceStepNumber.Description]]></name>
                            <usage></usage>
                            <value><![CDATA[Numéro de l'étape de séquence en cours]]></value>
                        </Row>
                        <Row>
                            <context></context>
                            <name><![CDATA[TW.ThingView.Properties.SequenceStepName.Description]]></name>
                            <usage></usage>
                            <value><![CDATA[Nom de l'étape de séquence en cours]]></value>
                        </Row>
                        <Row>
                            <context></context>
                            <name><![CDATA[TW.ThingView.Properties.WindchillSourceData.Description]]></name>
                            <usage></usage>
                            <value><![CDATA[Définir sur true si les données ProductToView proviennent de Windchill, définir sur false dans le cas contraire.]]></value>
                        </Row>
                        <Row>
                            <context></context>
                            <name><![CDATA[TW.ThingView.Properties.EnableWindchillFileCache.Description]]></name>
                            <usage></usage>
                            <value><![CDATA[Définir sur true pour activer le cache du fichier d'article de la source de données Windchill.]]></value>
                        </Row>
                        <Row>
                            <context></context>
                            <name><![CDATA[TW.ThingView.Properties.WindchillCacheSize.Description]]></name>
                            <usage></usage>
                            <value><![CDATA[Taille du cache en mégaoctets lors de l'utilisation de la source de données Windchill.]]></value>
                        </Row>
                        <Row>
                            <context></context>
                            <name><![CDATA[TW.ThingView.Properties.SelectedParts.Description]]></name>
                            <usage></usage>
                            <value><![CDATA[Tous les articles sélectionnés dans la session]]></value>
                        </Row>
                        <Row>
                            <context></context>
                            <name><![CDATA[TW.ThingView.Properties.ThingViewControls.Description]]></name>
                            <usage></usage>
                            <value><![CDATA[Afficher les contrôles d'interface utilisateur dans ThingView]]></value>
                        </Row>
                        <Row>
                            <context></context>
                            <name><![CDATA[TW.ThingView.Properties.DisplayViewState.Description]]></name>
                            <usage></usage>
                            <value><![CDATA[Afficher les états de vue dans ThingViewControls]]></value>
                        </Row>
                        <Row>
                            <context></context>
                            <name><![CDATA[TW.ThingView.Properties.DisplayAlternateRep.Description]]></name>
                            <usage></usage>
                            <value><![CDATA[Afficher les représentations alternatives dans ThingViewControls]]></value>
                        </Row>
                        <Row>
                            <context></context>
                            <name><![CDATA[TW.ThingView.Properties.DisplayExplodeState.Description]]></name>
                            <usage></usage>
                            <value><![CDATA[Afficher les états d'éclatement dans ThingViewControls]]></value>
                        </Row>
                        <Row>
                            <context></context>
                            <name><![CDATA[TW.ThingView.Properties.DisplaySectionCut.Description]]></name>
                            <usage></usage>
                            <value><![CDATA[Afficher les sections dans ThingViewControls]]></value>
                        </Row>
                        <Row>
                            <context></context>
                            <name><![CDATA[TW.ThingView.Properties.DisplayPlaybackControls.Description]]></name>
                            <usage></usage>
                            <value><![CDATA[Afficher les contrôles de lecture dans ThingViewControls]]></value>
                        </Row>
                        <Row>
                            <context></context>
                            <name><![CDATA[TW.ThingView.Properties.DisplayFilter.Description]]></name>
                            <usage></usage>
                            <value><![CDATA[Chaîne JSON pour spécifier des filtres d'affichage. Exemple : { \"ModelAnnotation\": { \"HiddenByDefault\": true, \"PlanarAnnotation\": true, \"FloatingAnnotation\": false, \"MiscAnnotation\": false } }]]></value>
                        </Row>
                        <Row>
                            <context></context>
                            <name><![CDATA[TW.ThingView.Properties.ProjectionMode.Description]]></name>
                            <usage></usage>
                            <value><![CDATA[Mode de projection utilisé dans la vue 3D]]></value>
                        </Row>
                        <Row>
                            <context></context>
                            <name><![CDATA[TW.ThingView.Properties.ProjectionMode.SelectOptions.Perspective]]></name>
                            <usage></usage>
                            <value><![CDATA[Perspective]]></value>
                        </Row>
                        <Row>
                            <context></context>
                            <name><![CDATA[TW.ThingView.Properties.ProjectionMode.SelectOptions.Orthographic]]></name>
                            <usage></usage>
                            <value><![CDATA[Orthographique]]></value>
                        </Row>
                        <Row>
                            <context></context>
                            <name><![CDATA[TW.ThingView.Properties.PerspectiveHFOV.Description]]></name>
                            <usage></usage>
                            <value><![CDATA[Champ de vision horizontal dans une vue en perspective]]></value>
                        </Row>
                        <Row>
                            <context><![CDATA[Group name of property of part (or assembly) i.e. WindchillPart]]></context>
                            <name><![CDATA[TW.ThingView.Properties.SelectionPropertyGroupName.Description]]></name>
                            <usage></usage>
                            <value><![CDATA[Nom de groupe de propriété de la sélection]]></value>
                        </Row>
                        <Row>
                            <context><![CDATA[Name of proerty i.e. part_number]]></context>
                            <name><![CDATA[TW.ThingView.Properties.SelectionPropertyName.Description]]></name>
                            <usage></usage>
                            <value><![CDATA[Nom de propriété de la sélection]]></value>
                        </Row>
                        <Row>
                            <context></context>
                            <name><![CDATA[TW.ThingView.Properties.SelectedPartsSelectionMode.Description]]></name>
                            <usage></usage>
                            <value><![CDATA[Mode de sélection pour les articles sélectionnés]]></value>
                        </Row>
                        <Row>
                            <context></context>
                            <name><![CDATA[TW.ThingView.Properties.SelectedPartsSelectionMode.SelectOptions.IdPath]]></name>
                            <usage></usage>
                            <value><![CDATA[Chemin d'ID]]></value>
                        </Row>
                        <Row>
                            <context></context>
                            <name><![CDATA[TW.ThingView.Properties.SelectedPartsSelectionMode.SelectOptions.PropPath]]></name>
                            <usage></usage>
                            <value><![CDATA[Chemin de propriété]]></value>
                        </Row>
                        <Row>
                            <context></context>
                            <name><![CDATA[TW.ThingView.Properties.SelectedPartsSelectionMode.SelectOptions.PropValue]]></name>
                            <usage></usage>
                            <value><![CDATA[Valeur de propriété]]></value>
                        </Row>
                        <Row>
                            <context></context>
                            <name><![CDATA[TW.ThingView.CustomEvents.Loaded.Description]]></name>
                            <usage></usage>
                            <value><![CDATA[Déclenché lorsque le chargement d'un modèle est terminé.]]></value>
                        </Row>
                        <Row>
                            <context></context>
                            <name><![CDATA[TW.ThingView.CustomEvents.SelectionChanged.Description]]></name>
                            <usage></usage>
                            <value><![CDATA[Déclenché lorsque la sélection est changée en vue 3D ou grille de données.]]></value>
                        </Row>
                        <Row>
                            <context></context>
                            <name><![CDATA[TW.ThingView.CustomEvents.PreSelectionChanged.Description]]></name>
                            <usage></usage>
                            <value><![CDATA[Déclenché lorsque la présélection est changée en vue 3D.]]></value>
                        </Row>
                        <Row>
                            <context></context>
                            <name><![CDATA[TW.ThingView.CustomEvents.HasAnimation.Description]]></name>
                            <usage></usage>
                            <value><![CDATA[Déclenché lorsque l'illustration contient une animation.]]></value>
                        </Row>
                        <Row>
                            <context></context>
                            <name><![CDATA[TW.ThingView.CustomEvents.HasSequence.Description]]></name>
                            <usage></usage>
                            <value><![CDATA[Déclenché lorsque l'illustration contient une séquence.]]></value>
                        </Row>
                        <Row>
                            <context></context>
                            <name><![CDATA[TW.ThingView.CustomEvents.SequenceStepAcknowledge.Description]]></name>
                            <usage></usage>
                            <value><![CDATA[Déclenché lorsqu'une étape de séquence contient une confirmation]]></value>
                        </Row>
                        <Row>
                            <context></context>
                            <name><![CDATA[TW.ThingView.Services.GetViewLocation.Description]]></name>
                            <usage></usage>
                            <value><![CDATA[Obtenir l'emplacement (orientation et position) de la caméra principale dans la vue 3D.]]></value>
                        </Row>
                        <Row>
                            <context></context>
                            <name><![CDATA[TW.ThingView.Services.SetViewLocation.Description]]></name>
                            <usage></usage>
                            <value><![CDATA[Déplacer la caméra principale à l'emplacement spécifié dans la vue 3D.]]></value>
                        </Row>
                        <Row>
                            <context></context>
                            <name><![CDATA[TW.ThingView.Services.ZoomAll.Description]]></name>
                            <usage></usage>
                            <value><![CDATA[Zoomer pour que tous les articles et marquages visibles remplissent la fenêtre.]]></value>
                        </Row>
                        <Row>
                            <context></context>
                            <name><![CDATA[TW.ThingView.Services.ZoomSelected.Description]]></name>
                            <usage></usage>
                            <value><![CDATA[Zoomer pour que tous les articles et marquages sélectionnés remplissent la fenêtre.]]></value>
                        </Row>
                        <Row>
                            <context><![CDATA[Sequence figure created by Creo Illustrate]]></context>
                            <name><![CDATA[TW.ThingView.Services.PlaySequenceStep.Description]]></name>
                            <usage></usage>
                            <value><![CDATA[Lire l'étape suivante de la séquence.]]></value>
                        </Row>
                        <Row>
                            <context></context>
                            <name><![CDATA[TW.ThingView.Services.PauseSequence.Description]]></name>
                            <usage></usage>
                            <value><![CDATA[Mettre en pause la lecture de l'étape en cours.]]></value>
                        </Row>
                        <Row>
                            <context></context>
                            <name><![CDATA[TW.ThingView.Services.StopSequence.Description]]></name>
                            <usage></usage>
                            <value><![CDATA[Arrêter la lecture de l'étape en cours.]]></value>
                        </Row>
                        <Row>
                            <context></context>
                            <name><![CDATA[TW.ThingView.Services.RewindSequence.Description]]></name>
                            <usage></usage>
                            <value><![CDATA[Atteindre le début de la première étape dans la séquence.]]></value>
                        </Row>
                        <Row>
                            <context></context>
                            <name><![CDATA[TW.ThingView.Services.NextSequenceStep.Description]]></name>
                            <usage></usage>
                            <value><![CDATA[Atteindre la fin de l'étape suivante dans la séquence.]]></value>
                        </Row>
                        <Row>
                            <context></context>
                            <name><![CDATA[TW.ThingView.Services.PrevSequenceStep.Description]]></name>
                            <usage></usage>
                            <value><![CDATA[Atteindre la fin de l'étape précédente dans la séquence.]]></value>
                        </Row>
                        <Row>
                            <context><![CDATA[Animation figure created by Creo Illustrate]]></context>
                            <name><![CDATA[TW.ThingView.Services.PlayAnimation.Description]]></name>
                            <usage></usage>
                            <value><![CDATA[Lire l'animation.]]></value>
                        </Row>
                        <Row>
                            <context></context>
                            <name><![CDATA[TW.ThingView.Services.PauseAnimation.Description]]></name>
                            <usage></usage>
                            <value><![CDATA[Mettre l'animation en pause.]]></value>
                        </Row>
                        <Row>
                            <context></context>
                            <name><![CDATA[TW.ThingView.Services.StopAnimation.Description]]></name>
                            <usage></usage>
                            <value><![CDATA[Arrêter l'animation.]]></value>
                        </Row>
                        <Row>
                            <context><![CDATA[Button to close a pane of widget UI]]></context>
                            <name><![CDATA[TW.ThingView.WidgetUI.Closer.Tooltip]]></name>
                            <usage></usage>
                            <value><![CDATA[Fermer]]></value>
                        </Row>
                        <Row>
                            <context><![CDATA[Added to a tooltip of button when it's disabled]]></context>
                            <name><![CDATA[TW.ThingView.WidgetUI.Disabled.Text]]></name>
                            <usage></usage>
                            <value><![CDATA[Désactivé]]></value>
                        </Row>
                        <Row>
                            <context><![CDATA[Group of tools to perform zooming and selection of parts]]></context>
                            <name><![CDATA[TW.ThingView.WidgetUI.RightPane.Opener.Tooltip]]></name>
                            <usage></usage>
                            <value><![CDATA[Outils de zoom et de sélection]]></value>
                        </Row>
                        <Row>
                            <context></context>
                            <name><![CDATA[TW.ThingView.WidgetUI.RightPane.ShowAll.Tooltip]]></name>
                            <usage></usage>
                            <value><![CDATA[Afficher tout]]></value>
                        </Row>
                        <Row>
                            <context></context>
                            <name><![CDATA[TW.ThingView.WidgetUI.RightPane.Hide.Tooltip]]></name>
                            <usage></usage>
                            <value><![CDATA[Masquer la sélection]]></value>
                        </Row>
                        <Row>
                            <context></context>
                            <name><![CDATA[TW.ThingView.WidgetUI.RightPane.Isolate.Tooltip]]></name>
                            <usage></usage>
                            <value><![CDATA[Isoler la sélection]]></value>
                        </Row>
                        <Row>
                            <context></context>
                            <name><![CDATA[TW.ThingView.WidgetUI.RightPane.ZoomAll.Tooltip]]></name>
                            <usage></usage>
                            <value><![CDATA[Zoom global]]></value>
                        </Row>
                        <Row>
                            <context></context>
                            <name><![CDATA[TW.ThingView.WidgetUI.RightPane.ZoomSelected.Tooltip]]></name>
                            <usage></usage>
                            <value><![CDATA[Zoom sur la sélection]]></value>
                        </Row>
                        <Row>
                            <context></context>
                            <name><![CDATA[TW.ThingView.WidgetUI.RightPane.ZoomWindow.Tooltip]]></name>
                            <usage></usage>
                            <value><![CDATA[Zoom sur la fenêtre]]></value>
                        </Row>
                        <Row>
                            <context><![CDATA[Change location of selected parts]]></context>
                            <name><![CDATA[TW.ThingView.WidgetUI.RightPane.PartDragger.Tooltip]]></name>
                            <usage></usage>
                            <value><![CDATA[Poignée d'article]]></value>
                        </Row>
                        <Row>
                            <context><![CDATA[Move all parts back to original location]]></context>
                            <name><![CDATA[TW.ThingView.WidgetUI.RightPane.RestoreLocation.Tooltip]]></name>
                            <usage></usage>
                            <value><![CDATA[Restaurer l'emplacement de l'article]]></value>
                        </Row>
                        <Row>
                            <context><![CDATA[View orientation and viewstates]]></context>
                            <name><![CDATA[TW.ThingView.WidgetUI.LeftPane.Opener.ViewStates.Tooltip]]></name>
                            <usage></usage>
                            <value><![CDATA[Orientation et états de vue]]></value>
                        </Row>
                        <Row>
                            <context><![CDATA[View orientation and figures]]></context>
                            <name><![CDATA[TW.ThingView.WidgetUI.LeftPane.Opener.Figures.Tooltip]]></name>
                            <usage></usage>
                            <value><![CDATA[Orientation et figures]]></value>
                        </Row>
                        <Row>
                            <context><![CDATA[Show/hide view orientations]]></context>
                            <name><![CDATA[TW.ThingView.WidgetUI.LeftPane.Orientation.Tooltip]]></name>
                            <usage></usage>
                            <value><![CDATA[Basculer l'orientation]]></value>
                        </Row>
                        <Row>
                            <context></context>
                            <name><![CDATA[TW.ThingView.WidgetUI.LeftPane.Orientation.Title]]></name>
                            <usage></usage>
                            <value><![CDATA[Orientation]]></value>
                        </Row>
                        <Row>
                            <context><![CDATA[Show/hide viewestates]]></context>
                            <name><![CDATA[TW.ThingView.WidgetUI.LeftPane.ViewStates.Tooltip]]></name>
                            <usage></usage>
                            <value><![CDATA[Basculer l'état de vue]]></value>
                        </Row>
                        <Row>
                            <context></context>
                            <name><![CDATA[TW.ThingView.WidgetUI.LeftPane.ViewStates.Title]]></name>
                            <usage></usage>
                            <value><![CDATA[Etats de vue]]></value>
                        </Row>
                        <Row>
                            <context><![CDATA[Show/hide figures]]></context>
                            <name><![CDATA[TW.ThingView.WidgetUI.LeftPane.Figures.Tooltip]]></name>
                            <usage></usage>
                            <value><![CDATA[Basculer la figure]]></value>
                        </Row>
                        <Row>
                            <context></context>
                            <name><![CDATA[TW.ThingView.WidgetUI.LeftPane.Figures.Title]]></name>
                            <usage></usage>
                            <value><![CDATA[Figures]]></value>
                        </Row>
                        <Row>
                            <context><![CDATA[Load default view]]></context>
                            <name><![CDATA[TW.ThingView.WidgetUI.LeftPane.DefaultView.Title]]></name>
                            <usage></usage>
                            <value><![CDATA[Vue par défaut]]></value>
                        </Row>
                        <Row>
                            <context><![CDATA[Move bottom pane horizontally which is fixed to bottom of view]]></context>
                            <name><![CDATA[TW.ThingView.WidgetUI.BottomPane.Dragger.Tooltip]]></name>
                            <usage></usage>
                            <value><![CDATA[Faire glisser pour déplacer]]></value>
                        </Row>
                        <Row>
                            <context><![CDATA[Control of sequence or animation playback]]></context>
                            <name><![CDATA[TW.ThingView.WidgetUI.BottomPane.Rewind.Tooltip]]></name>
                            <usage></usage>
                            <value><![CDATA[Rembobiner jusqu'au début]]></value>
                        </Row>
                        <Row>
                            <context></context>
                            <name><![CDATA[TW.ThingView.WidgetUI.BottomPane.Previous.Tooltip]]></name>
                            <usage></usage>
                            <value><![CDATA[Etape précédente]]></value>
                        </Row>
                        <Row>
                            <context></context>
                            <name><![CDATA[TW.ThingView.WidgetUI.BottomPane.Play.Tooltip]]></name>
                            <usage></usage>
                            <value><![CDATA[Lecture]]></value>
                        </Row>
                        <Row>
                            <context></context>
                            <name><![CDATA[TW.ThingView.WidgetUI.BottomPane.Pause.Tooltip]]></name>
                            <usage></usage>
                            <value><![CDATA[Pause]]></value>
                        </Row>
                        <Row>
                            <context></context>
                            <name><![CDATA[TW.ThingView.WidgetUI.BottomPane.PlayAll.Tooltip]]></name>
                            <usage></usage>
                            <value><![CDATA[Lire tout]]></value>
                        </Row>
                        <Row>
                            <context></context>
                            <name><![CDATA[TW.ThingView.WidgetUI.BottomPane.Next.Tooltip]]></name>
                            <usage></usage>
                            <value><![CDATA[Etape suivante]]></value>
                        </Row>
                        <Row>
                            <context></context>
                            <name><![CDATA[TW.ThingView.WidgetUI.BottomPane.Acknowledgement.Title]]></name>
                            <usage></usage>
                            <value><![CDATA[Confirmation]]></value>
                        </Row>
                        <Row>
                            <context></context>
                            <name><![CDATA[TW.ThingView.WidgetUI.BottomPane.Acknowledgement.Replay]]></name>
                            <usage></usage>
                            <value><![CDATA[Relire]]></value>
                        </Row>
                        <Row>
                            <context></context>
                            <name><![CDATA[TW.ThingView.WidgetUI.BottomPane.Acknowledgement.Continue]]></name>
                            <usage></usage>
                            <value><![CDATA[Continuer]]></value>
                        </Row>
                        <Row>
                            <context></context>
                            <name><![CDATA[TW.ThingView.WidgetUI.BottomPane.Acknowledgement.Complete]]></name>
                            <usage></usage>
                            <value><![CDATA[Terminer]]></value>
                        </Row>
                        <Row>
                            <context></context>
                            <name><![CDATA[TW.ThingView.WidgetUI.BottomPane.Acknowledgement.Stop]]></name>
                            <usage></usage>
                            <value><![CDATA[Arrêt]]></value>
                        </Row>
                        <Row>
                            <context></context>
                            <name><![CDATA[TW.ThingView.WidgetUI.BottomPane.Acknowledgement.Message.Start]]></name>
                            <usage></usage>
                            <value><![CDATA[Vous allez afficher :]]></value>
                        </Row>
                        <Row>
                            <context></context>
                            <name><![CDATA[TW.ThingView.WidgetUI.BottomPane.Acknowledgement.Message.End]]></name>
                            <usage></usage>
                            <value><![CDATA[Vous avez atteint la fin de l'étape :]]></value>
                        </Row>
                        <Row>
                            <context></context>
                            <name><![CDATA[TW.ThingView.WidgetUI.PDF.SideBar.DisplaySidebar]]></name>
                            <usage></usage>
                            <value><![CDATA[Afficher la barre latérale]]></value>
                        </Row>
                        <Row>
                            <context></context>
                            <name><![CDATA[TW.ThingView.WidgetUI.PDF.SideBar.FirstPage]]></name>
                            <usage></usage>
                            <value><![CDATA[Première page]]></value>
                        </Row>
                        <Row>
                            <context></context>
                            <name><![CDATA[TW.ThingView.WidgetUI.PDF.SideBar.PreviousPage]]></name>
                            <usage></usage>
                            <value><![CDATA[Page précédente]]></value>
                        </Row>
                        <Row>
                            <context></context>
                            <name><![CDATA[TW.ThingView.WidgetUI.PDF.SideBar.NextPage]]></name>
                            <usage></usage>
                            <value><![CDATA[Page suivante]]></value>
                        </Row>
                        <Row>
                            <context></context>
                            <name><![CDATA[TW.ThingView.WidgetUI.PDF.SideBar.LastPage]]></name>
                            <usage></usage>
                            <value><![CDATA[Dernière page]]></value>
                        </Row>
                        <Row>
                            <context></context>
                            <name><![CDATA[TW.ThingView.WidgetUI.PDF.SideBar.RotateClockwise]]></name>
                            <usage></usage>
                            <value><![CDATA[Rotation dans le sens des aiguilles d'une montre]]></value>
                        </Row>
                        <Row>
                            <context></context>
                            <name><![CDATA[TW.ThingView.WidgetUI.PDF.SideBar.RotateAntiClockwise]]></name>
                            <usage></usage>
                            <value><![CDATA[Rotation dans le sens inverse des aiguilles d'une montre]]></value>
                        </Row>
                        <Row>
                            <context></context>
                            <name><![CDATA[TW.ThingView.WidgetUI.PDF.SideBar.ZoomIn]]></name>
                            <usage></usage>
                            <value><![CDATA[Zoom avant]]></value>
                        </Row>
                        <Row>
                            <context></context>
                            <name><![CDATA[TW.ThingView.WidgetUI.PDF.SideBar.ZoomOut]]></name>
                            <usage></usage>
                            <value><![CDATA[Zoom arrière]]></value>
                        </Row>
                        <Row>
                            <context></context>
                            <name><![CDATA[TW.ThingView.WidgetUI.PDF.SideBar.PanMode]]></name>
                            <usage></usage>
                            <value><![CDATA[Mode Panoramique]]></value>
                        </Row>
                        <Row>
                            <context></context>
                            <name><![CDATA[TW.ThingView.WidgetUI.PDF.SideBar.TextSelectMode]]></name>
                            <usage></usage>
                            <value><![CDATA[Mode Sélection de texte]]></value>
                        </Row>
                        <Row>
                            <context></context>
                            <name><![CDATA[TW.ThingView.WidgetUI.PDF.SideBar.PrintPDF]]></name>
                            <usage></usage>
                            <value><![CDATA[Imprimer le PDF]]></value>
                        </Row>
                        <Row>
                            <context></context>
                            <name><![CDATA[TW.ThingView.WidgetUI.PDF.SideBar.PageMode.PageMode]]></name>
                            <usage></usage>
                            <value><![CDATA[Mode Page]]></value>
                        </Row>
                        <Row>
                            <context></context>
                            <name><![CDATA[TW.ThingView.WidgetUI.PDF.SideBar.PageMode.Original]]></name>
                            <usage></usage>
                            <value><![CDATA[Original]]></value>
                        </Row>
                        <Row>
                            <context></context>
                            <name><![CDATA[TW.ThingView.WidgetUI.PDF.SideBar.PageMode.FitPage]]></name>
                            <usage></usage>
                            <value><![CDATA[Ajuster à la page]]></value>
                        </Row>
                        <Row>
                            <context></context>
                            <name><![CDATA[TW.ThingView.WidgetUI.PDF.SideBar.PageMode.FitWidth]]></name>
                            <usage></usage>
                            <value><![CDATA[Ajuster à la largeur]]></value>
                        </Row>
                        <Row>
                            <context></context>
                            <name><![CDATA[TW.ThingView.WidgetUI.PDF.Search.Input]]></name>
                            <usage></usage>
                            <value><![CDATA[Entrez un terme à rechercher]]></value>
                        </Row>
                        <Row>
                            <context></context>
                            <name><![CDATA[TW.ThingView.WidgetUI.PDF.Search.SearchingPage]]></name>
                            <usage></usage>
                            <value><![CDATA[Recherche de la page]]></value>
                        </Row>
                        <Row>
                            <context></context>
                            <name><![CDATA[TW.ThingView.WidgetUI.PDF.Search.Searching]]></name>
                            <usage></usage>
                            <value><![CDATA[Recherche des résultats...]]></value>
                        </Row>
                        <Row>
                            <context></context>
                            <name><![CDATA[TW.ThingView.WidgetUI.PDF.Search.SearchNotFound]]></name>
                            <usage></usage>
                            <value><![CDATA[Terme recherché introuvable]]></value>
                        </Row>
                        <Row>
                            <context></context>
                            <name><![CDATA[TW.ThingView.WidgetUI.PDF.Search.Matches]]></name>
                            <usage></usage>
                            <value><![CDATA[correspondance(s)]]></value>
                        </Row>
                        <Row>
                            <context></context>
                            <name><![CDATA[TW.ThingView.WidgetUI.PDF.Search.Tooltips.Search]]></name>
                            <usage></usage>
                            <value><![CDATA[Rechercher]]></value>
                        </Row>
                        <Row>
                            <context></context>
                            <name><![CDATA[TW.ThingView.WidgetUI.PDF.Search.Tooltips.Clear]]></name>
                            <usage></usage>
                            <value><![CDATA[Effacer]]></value>
                        </Row>
                        <Row>
                            <context></context>
                            <name><![CDATA[TW.ThingView.WidgetUI.PDF.Search.Tooltips.Next]]></name>
                            <usage></usage>
                            <value><![CDATA[Suivant]]></value>
                        </Row>
                        <Row>
                            <context></context>
                            <name><![CDATA[TW.ThingView.WidgetUI.PDF.Search.Tooltips.Previous]]></name>
                            <usage></usage>
                            <value><![CDATA[Précédent]]></value>
                        </Row>
                        <Row>
                            <context></context>
                            <name><![CDATA[TW.ThingView.WidgetUI.PDF.Search.Tooltips.Close]]></name>
                            <usage></usage>
                            <value><![CDATA[Fermer]]></value>
                        </Row>
                        <Row>
                            <context></context>
                            <name><![CDATA[TW.ThingView.WidgetUI.PDF.Password.EnterPassword]]></name>
                            <usage></usage>
                            <value><![CDATA[Entrez un mot de passe.]]></value>
                        </Row>
                        <Row>
                            <context></context>
                            <name><![CDATA[TW.ThingView.WidgetUI.PDF.Password.IncorrectPassword]]></name>
                            <usage></usage>
                            <value><![CDATA[Ce mot de passe est incorrect.]]></value>
                        </Row>
                        <Row>
                            <context></context>
                            <name><![CDATA[TW.ThingView.WidgetUI.PDF.Search.EnterPasswordAgain]]></name>
                            <usage></usage>
                            <value><![CDATA[Réessayez.]]></value>
                        </Row>
                    </Rows>
                </ConfigurationTable>
            </ConfigurationTables>
        </LocalizationTable>
    </LocalizationTables>
</Entities>