{
    "read": [
        {
            "collapsible": false,
            "groupName": "assetInformation",
            "columns": [
                [
                    {
                        "name": "entity.thingTemplate",
                        "label": "assetType",
                        "baseType": "STRING"
                    },
                    {
                        "name": "entity.name",
                        "label": "assetName",
                        "baseType": "STRING"
                    },
                    {
                        "name": "entity.description",
                        "label": "assetDescription",
                        "baseType": "STRING"
                    },
                    {
                        "name": "rpThingShape",
                        "label": "assetResourceProvider",
                        "baseType": "STRING"
                    },
                    {
                        "name": "extraThingShape",
                        "label": "assetThingShape",
                        "baseType": "STRING"
                    }
                ]
            ]
        }
    ]
}
