<?xml version="1.0"?>
<Entities>
    <ExtensionPackages>
        <ExtensionPackage name="ROCChart_ExtensionPackage" description="ROC Chart Widget" vendor="ThingWorx, a PTC Business" packageVersion="1.1.6" minimumThingWorxVersion="6.5.0" buildNumber="43" haCompatible="true"/>
    </ExtensionPackages>
    <Widgets>
        <Widget name="ROCChart">
            <UIResources>
                <FileResource type="CSS" file="RocChart.ide.css" isDevelopment="true" isRuntime="false"/>
                <FileResource type="JS" file="RocChart.ide.js" isDevelopment="true" isRuntime="false"/>
                <FileResource type="CSS" file="RocChart.runtime.css" isDevelopment="false" isRuntime="true"/>
                <FileResource type="JS" file="RocChart.runtime.js" isDevelopment="false" isRuntime="true"/>
            </UIResources>
        </Widget>
    </Widgets>
</Entities>
