<?xml version="1.0" encoding="UTF-8"?>
<Entities
 build="b347"
 majorVersion="0"
 minorVersion="0"
 revision="0"
 schemaVersion="910">
    <Things>
        <Thing
         aspect.isEditableExtensionObject="false"
         description=""
         documentationContent="&lt;p&gt;&lt;br&gt;&lt;/p&gt;&#xA;"
         effectiveThingPackage="DataTableThing"
         enabled="true"
         homeMashup="DataTableEditor"
         identifier=""
         lastModifiedDate="2016-06-22T13:32:35.074Z"
         name="PTC.SCA.SCO.Asset.AssetSearchConfigTable"
         projectName="PTC.SCA.SCO.Asset.Model"
         published="false"
         tags="PTC:sca-sco;PTC:Thing;PTC:sca-sco-asset-model"
         thingTemplate="DataTable"
         valueStream="">
            <avatar></avatar>
            <DesignTimePermissions>
                <Create></Create>
                <Read></Read>
                <Update></Update>
                <Delete></Delete>
                <Metadata></Metadata>
            </DesignTimePermissions>
            <RunTimePermissions></RunTimePermissions>
            <VisibilityPermissions>
                <Visibility></Visibility>
            </VisibilityPermissions>
            <ConfigurationTables>
                <ConfigurationTable
                 description="Data Thing Configuration"
                 isMultiRow="false"
                 name="DataThingSettings"
                 ordinal="0">
                    <DataShape>
                        <FieldDefinitions>
                            <FieldDefinition
                             baseType="STRING"
                             description="Persistence Provider Name"
                             name="persistenceProvider"
                             ordinal="0"></FieldDefinition>
                        </FieldDefinitions>
                    </DataShape>
                    <Rows>
                        <Row>
                            <persistenceProvider>
                            <![CDATA[
                            ThingworxPersistenceProvider
                            ]]>
                            </persistenceProvider>
                        </Row>
                    </Rows>
                </ConfigurationTable>
                <ConfigurationTable
                 description="Index Settings"
                 isMultiRow="true"
                 name="Indexes"
                 ordinal="1">
                    <DataShape>
                        <FieldDefinitions>
                            <FieldDefinition
                             aspect.friendlyName="Index Field Names"
                             baseType="STRING"
                             description="Index fields"
                             name="fieldNames"
                             ordinal="1"></FieldDefinition>
                            <FieldDefinition
                             aspect.friendlyName="Index Name"
                             baseType="STRING"
                             description="Index name"
                             name="name"
                             ordinal="0"></FieldDefinition>
                        </FieldDefinitions>
                    </DataShape>
                    <Rows></Rows>
                </ConfigurationTable>
                <ConfigurationTable
                 description="Configurable options to tune Data Table performance"
                 isMultiRow="false"
                 name="PersistenceProviderCustomSettings"
                 ordinal="2">
                    <DataShape>
                        <FieldDefinitions>
                            <FieldDefinition
                             aspect.friendlyName="Persistence Provider Custom Settings Table"
                             baseType="INFOTABLE"
                             description="Persistence Provider Custom Config Table"
                             name="customConfigTable"
                             ordinal="0"></FieldDefinition>
                        </FieldDefinitions>
                    </DataShape>
                    <Rows>
                        <Row>
                            <customConfigTable>
                                <infoTable>
                                    <DataShape>
                                        <FieldDefinitions></FieldDefinitions>
                                    </DataShape>
                                    <Rows></Rows>
                                </infoTable>
                            </customConfigTable>
                        </Row>
                    </Rows>
                </ConfigurationTable>
                <ConfigurationTable
                 description="Data Shape Configuration"
                 isMultiRow="false"
                 name="Settings"
                 ordinal="0">
                    <DataShape>
                        <FieldDefinitions>
                            <FieldDefinition
                             aspect.friendlyName="Data Shape"
                             baseType="DATASHAPENAME"
                             description="Data shape"
                             name="dataShape"
                             ordinal="0"></FieldDefinition>
                        </FieldDefinitions>
                    </DataShape>
                    <Rows>
                        <Row>
                            <accumulatedDataShape>
                                <json>
                                <![CDATA[
                                {"fieldDefinitions":{"Normalized":{"name":"Normalized","aspects":{},"description":"","baseType":"STRING","ordinal":5},"Required":{"name":"Required","aspects":{"defaultValue":false},"description":"","baseType":"BOOLEAN","ordinal":7},"BaseType":{"name":"BaseType","aspects":{},"description":"","baseType":"BASETYPENAME","ordinal":0},"Label":{"name":"Label","aspects":{},"description":"","baseType":"STRING","ordinal":4},"SortOrder":{"name":"SortOrder","aspects":{"defaultValue":0},"description":"","baseType":"INTEGER","ordinal":9},"ExtraData":{"name":"ExtraData","aspects":{"defaultValue":{}},"description":"","baseType":"JSON","ordinal":2},"id":{"name":"id","aspects":{"isPrimaryKey":true},"description":"","baseType":"STRING","ordinal":3},"Selected":{"name":"Selected","aspects":{"defaultValue":false},"description":"","baseType":"BOOLEAN","ordinal":8},"Original":{"name":"Original","aspects":{},"description":"","baseType":"STRING","ordinal":6},"Source":{"name":"Source","aspects":{},"description":"Source for configuration.","baseType":"STRING","ordinal":10},"Expanded":{"name":"Expanded","aspects":{"defaultValue":false},"description":"","baseType":"BOOLEAN","ordinal":1}}}
                                ]]>
                                </json>
                            </accumulatedDataShape>
                            <dataShape>
                            <![CDATA[
                            PTC.SCA.SCO.Asset.AssetSearchConfig
                            ]]>
                            </dataShape>
                        </Row>
                    </Rows>
                </ConfigurationTable>
            </ConfigurationTables>
            <ThingShape>
                <PropertyDefinitions></PropertyDefinitions>
                <ServiceDefinitions></ServiceDefinitions>
                <EventDefinitions></EventDefinitions>
                <ServiceMappings></ServiceMappings>
                <ServiceImplementations></ServiceImplementations>
                <Subscriptions></Subscriptions>
            </ThingShape>
            <PropertyBindings></PropertyBindings>
            <RemotePropertyBindings></RemotePropertyBindings>
            <RemoteServiceBindings></RemoteServiceBindings>
            <RemoteEventBindings></RemoteEventBindings>
            <AlertConfigurations></AlertConfigurations>
            <ImplementedShapes></ImplementedShapes>
            <ThingProperties></ThingProperties>
        </Thing>
    </Things>
</Entities>
