<?xml version="1.0" encoding="UTF-8"?>
<Entities
 build="b3365"
 majorVersion="0"
 minorVersion="0"
 modelPersistenceProviderPackage="NeoPersistenceProviderPackage"
 revision="0"
 schemaVersion="1000">
    <Things>
        <Thing
         aspect.isEditableExtensionObject="false"
         aspect.isExtension="true"
         description="Data Table for recipients selected for alerts. {PTC.SCA.Common.AlertNotification.RecipientDataTable}"
         documentationContent=""
         effectiveThingPackage="DataTableThing"
         enabled="true"
         homeMashup="DataTableEditor"
         identifier=""
         lastModifiedDate="2017-06-04T13:53:20.019-04:00"
         name="PTC.SCA.Common.AlertNotification.RecipientDataTable"
         projectName="PTC.SCA.SCO.Alert.Model"
         published="false"
         tags="PTC:sca-sco;PTC:Thing;PTC:sca-sco-alert-model"
         thingTemplate="DataTable"
         valueStream="">
            <avatar></avatar>
            <DesignTimePermissions>
                <Create></Create>
                <Read></Read>
                <Update></Update>
                <Delete></Delete>
                <Metadata></Metadata>
            </DesignTimePermissions>
            <RunTimePermissions>
                <Permissions
                 resourceName="*">
                    <PropertyRead>
                        <Principal
                         isPermitted="true"
                         name="FactoryUsers"
                         type="Group"></Principal>
                    </PropertyRead>
                    <PropertyWrite>
                        <Principal
                         isPermitted="true"
                         name="FactoryUsers"
                         type="Group"></Principal>
                    </PropertyWrite>
                    <ServiceInvoke>
                        <Principal
                         isPermitted="true"
                         name="FactoryUsers"
                         type="Group"></Principal>
                    </ServiceInvoke>
                    <EventInvoke></EventInvoke>
                    <EventSubscribe></EventSubscribe>
                </Permissions>
            </RunTimePermissions>
            <VisibilityPermissions>
                <Visibility>
                    <Principal
                     isPermitted="true"
                     name="PTC.Factory.MachineVisibility"
                     type="Organization"></Principal>
                </Visibility>
            </VisibilityPermissions>
            <ConfigurationTables>
                <ConfigurationTable
                 description="Data Thing Configuration"
                 isMultiRow="false"
                 name="DataThingSettings"
                 ordinal="0">
                    <DataShape>
                        <FieldDefinitions>
                            <FieldDefinition
                             baseType="STRING"
                             description="Persistence Provider Name"
                             name="persistenceProvider"
                             ordinal="0"></FieldDefinition>
                        </FieldDefinitions>
                    </DataShape>
                    <Rows>
                        <Row>
                            <persistenceProvider>
                            <![CDATA[
                            ThingworxPersistenceProvider
                            ]]>
                            </persistenceProvider>
                        </Row>
                    </Rows>
                </ConfigurationTable>
                <ConfigurationTable
                 description="Index Settings"
                 isMultiRow="true"
                 name="Indexes"
                 ordinal="1">
                    <DataShape>
                        <FieldDefinitions>
                            <FieldDefinition
                             aspect.friendlyName="Index Field Names"
                             baseType="STRING"
                             description="Index fields"
                             name="fieldNames"
                             ordinal="1"></FieldDefinition>
                            <FieldDefinition
                             aspect.friendlyName="Index Name"
                             baseType="STRING"
                             description="Index name"
                             name="name"
                             ordinal="0"></FieldDefinition>
                        </FieldDefinitions>
                    </DataShape>
                    <Rows></Rows>
                </ConfigurationTable>
                <ConfigurationTable
                 description="Configurable options to tune Data Table performance"
                 isMultiRow="false"
                 name="PersistenceProviderCustomSettings"
                 ordinal="2">
                    <DataShape>
                        <FieldDefinitions>
                            <FieldDefinition
                             aspect.friendlyName="Persistence Provider Custom Settings Table"
                             baseType="INFOTABLE"
                             description="Persistence Provider Custom Config Table"
                             name="customConfigTable"
                             ordinal="0"></FieldDefinition>
                        </FieldDefinitions>
                    </DataShape>
                    <Rows>
                        <Row>
                            <customConfigTable>
                                <infoTable>
                                    <DataShape>
                                        <FieldDefinitions></FieldDefinitions>
                                    </DataShape>
                                    <Rows></Rows>
                                </infoTable>
                            </customConfigTable>
                        </Row>
                    </Rows>
                </ConfigurationTable>
                <ConfigurationTable
                 description="Data Shape Configuration"
                 isMultiRow="false"
                 name="Settings"
                 ordinal="0">
                    <DataShape>
                        <FieldDefinitions>
                            <FieldDefinition
                             aspect.friendlyName="Data Shape"
                             baseType="DATASHAPENAME"
                             description="Data shape"
                             name="dataShape"
                             ordinal="0"></FieldDefinition>
                        </FieldDefinitions>
                    </DataShape>
                    <Rows>
                        <Row>
                            <accumulatedDataShape>
                                <json>
                                <![CDATA[
                                {"fieldDefinitions":{"SourcePropertyName":{"name":"SourcePropertyName","aspects":{"isPrimaryKey":true},"description":"The name of the property on the source that is associated with the alert.","baseType":"STRING","ordinal":3},"AlertName":{"name":"AlertName","aspects":{"isPrimaryKey":true},"description":"The name of the alert associated with the source and property.","baseType":"STRING","ordinal":0},"UserName":{"name":"UserName","aspects":{"isPrimaryKey":true},"description":"Name of the user to be notified when an alert occurs.","baseType":"STRING","ordinal":5},"SourceType":{"name":"SourceType","aspects":{"isPrimaryKey":true},"description":"The type of the source (e.g. 'Thing', 'ThingTemplate').","baseType":"STRING","ordinal":4},"SourceName":{"name":"SourceName","aspects":{"isPrimaryKey":true},"description":"The name of the thing (Asset, Line, etc.) associated with the alert.","baseType":"STRING","ordinal":2},"EventName":{"name":"EventName","aspects":{"isPrimaryKey":true},"description":"The name of the event (e.g. 'Alert').","baseType":"STRING","ordinal":1}}}
                                ]]>
                                </json>
                            </accumulatedDataShape>
                            <dataShape>
                            <![CDATA[
                            PTC.SCA.Common.AlertNotification.RecipientDataShape
                            ]]>
                            </dataShape>
                        </Row>
                    </Rows>
                </ConfigurationTable>
            </ConfigurationTables>
            <ThingShape>
                <PropertyDefinitions></PropertyDefinitions>
                <ServiceDefinitions></ServiceDefinitions>
                <EventDefinitions></EventDefinitions>
                <ServiceMappings></ServiceMappings>
                <ServiceImplementations></ServiceImplementations>
                <Subscriptions></Subscriptions>
            </ThingShape>
            <PropertyBindings></PropertyBindings>
            <RemotePropertyBindings></RemotePropertyBindings>
            <RemoteServiceBindings></RemoteServiceBindings>
            <RemoteEventBindings></RemoteEventBindings>
            <AlertConfigurations></AlertConfigurations>
            <ImplementedShapes></ImplementedShapes>
            <ThingProperties></ThingProperties>
        </Thing>
    </Things>
</Entities>
