<?xml version="1.0" encoding="UTF-8"?>
<Entities
 build="b52"
 majorVersion="8"
 minorVersion="1"
 modelPersistenceProviderPackage="PostgresPersistenceProviderPackage"
 revision="0"
 schemaVersion="1010">
    <StyleDefinitions>
        <StyleDefinition
         description="Active 'Clear History' style {PTC.SCA.SCO.ClearHistoryActive26pxStyle}"
         documentationContent=""
         homeMashup=""
         lastModifiedDate="2017-11-16T11:50:22.881-05:00"
         name="PTC.SCA.SCO.ClearHistoryActive26pxStyle"
         projectName="PTC.SCA.SCO.Common"
         tags="PTC:sca-sco-common;PTC:sca-common;PTC:StyleDefinition">
            <avatar></avatar>
            <DesignTimePermissions>
                <Create></Create>
                <Read></Read>
                <Update></Update>
                <Delete></Delete>
                <Metadata></Metadata>
            </DesignTimePermissions>
            <RunTimePermissions></RunTimePermissions>
            <VisibilityPermissions>
                <Visibility></Visibility>
            </VisibilityPermissions>
            <ConfigurationTables></ConfigurationTables>
            <content>
            <![CDATA[
            {
              "backgroundColor" : "",
              "displayString" : "",
              "fontEmphasisBold" : false,
              "fontEmphasisItalic" : false,
              "fontEmphasisUnderline" : false,
              "foregroundColor" : "",
              "image" : "PTC.SCA.SCO.ClearHistoyActive26pxIcon",
              "lineColor" : "",
              "lineStyle" : "solid",
              "lineThickness" : 1,
              "secondaryBackgroundColor" : "",
              "textSize" : "normal"
            }
            ]]>
            </content>
        </StyleDefinition>
    </StyleDefinitions>
</Entities>
