<?xml version="1.0" encoding="utf-8"?><Entities><ExtensionPackages><ExtensionPackage name="twxarchiver-extension" description="ThingWorx Analytics Manager Archiving extension" vendor="ThingWorx, a PTC Business." packageVersion="9.1.0" buildNumber="b1147" minimumThingWorxVersion="9.0.0" dependsOn="analysisprovider-extension" haCompatible="true"><JarResources><FileResource file="twxarchiver-9.1.0-b1147.jar" type="JAR"></FileResource></JarResources></ExtensionPackage></ExtensionPackages><ThingPackages>
        <ThingPackage name="TW.AnalysisServices.RepoBasedArchiveServicePackage" description="Base Analysis  Connector Package" className="com.ptc.analysis.archiver.RepoBasedArchivalServices" aspect.isSystemObject="false" aspect.isCreatable="true">
            <HandlerDefinitions></HandlerDefinitions>
            <VisibilityPermissions>
                <Visibility>
                    <Principal isPermitted="true" name="TW.AnalyticsManager.AnalyticsManagerOrgUnit" type="Organization"></Principal>
                </Visibility>
            </VisibilityPermissions>
        </ThingPackage>
    
	</ThingPackages>
	<LocalizationTables>
		<LocalizationTable languageCommon="English" documentationContent="" name="Default" description="Default localization table" homeMashup="" languageNative="English" projectName="" tags="">
			<Owner name="SuperUser" type="User"></Owner>
			<avatar></avatar>
			<DesignTimePermissions>
                <Create></Create>
                <Read>
                    <Principal isPermitted="true" name="TW.AnalyticsManager.Admin" type="Group"></Principal>
                </Read>
               <Update>
                    <Principal isPermitted="false" name="TW.AnalyticsManager.Admin" type="Group"></Principal>
                </Update>
                <Delete>
                    <Principal isPermitted="false" name="TW.AnalyticsManager.Admin" type="Group"></Principal>
                </Delete>
                <Metadata></Metadata>
            </DesignTimePermissions>
            <RunTimePermissions>
                <Permissions resourceName="*">
                    <PropertyRead>
                        <Principal isPermitted="true" name="TW.AnalyticsManager.Admin" type="Group"></Principal>
                    </PropertyRead>
                    <PropertyWrite>
                        <Principal isPermitted="true" name="TW.AnalyticsManager.Admin" type="Group"></Principal>
                    </PropertyWrite>
                    <ServiceInvoke>
                        <Principal isPermitted="true" name="TW.AnalyticsManager.Admin" type="Group"></Principal>
                    </ServiceInvoke>
                    <EventInvoke>
                        <Principal isPermitted="true" name="TW.AnalyticsManager.Admin" type="Group"></Principal>
                    </EventInvoke>
                    <EventSubscribe>
                        <Principal isPermitted="true" name="TW.AnalyticsManager.Admin" type="Group"></Principal>
                    </EventSubscribe>
                </Permissions>
            </RunTimePermissions>
			<VisibilityPermissions></VisibilityPermissions>
            <ConfigurationTables>
				<ConfigurationTable isMultiRow="true" name="LocalizationTokens" description="Localization tokens and usage" ordinal="0">
					<DataShape>
						<FieldDefinitions>
							<FieldDefinition name="context" description="Translation context" aspect.friendlyName="Translation context" baseType="STRING" ordinal="3"></FieldDefinition>
							<FieldDefinition name="name" description="Token name" aspect.friendlyName="Token name" baseType="STRING" ordinal="0"></FieldDefinition>
							<FieldDefinition name="usage" description="Token usage" aspect.friendlyName="Token usage" baseType="STRING" ordinal="2"></FieldDefinition>
							<FieldDefinition name="value" description="Localized value" aspect.friendlyName="Localized value" baseType="STRING" ordinal="1"></FieldDefinition>
						</FieldDefinitions>
					</DataShape>
					<Rows>
						<Row>
							<usage></usage>
							<name>TWX_ARCHIVE.APP_ALREADY_REGISTERED</name>
							<context></context>
							<value>The application is already registered</value>
						</Row>
						<Row>
							<usage></usage>
							<name>TWX_ARCHIVE.APP_NOT_REGISTERED</name>
							<context></context>
							<value>The application is not registered.</value>
						</Row>
						<Row>
							<usage></usage>
							<name>TWX_ARCHIVE.SCHEMA_ALREADY_REGISTERED</name>
							<context></context>
							<value>The schema is already registered.</value>
						</Row>										
						<Row>
							<usage></usage>
							<name>TWX_ARCHIVE.ARCHIVE_ALREADY_EXISTS</name>
							<context></context>
							<value>An archive with the given name alreadu exists.</value>
						</Row>	
						<Row>
							<usage></usage>
							<name>TWX_ARCHIVE.UNSUPPORTED_ENTITY_TYPE</name>
							<context></context>
							<value>Unsupported entity type.</value>
						</Row>	
						<Row>
							<usage></usage>
							<name>TWX_ARCHIVE.JSON_SCHEMA_NOT_FOUND</name>
							<context></context>
							<value>Json Schema not found for datashape.</value>
						</Row>							
																						
					</Rows>
				</ConfigurationTable>
			</ConfigurationTables>
			<ConfigurationChanges></ConfigurationChanges>
		</LocalizationTable>
	
	</LocalizationTables>

	<DataShapes>
		<DataShape documentationContent="&lt;p&gt;&lt;br&gt;&lt;/p&gt;" lastModifiedDate="2016-09-08T14:38:43.194+05:30" aspect.isEditableExtensionObject="false" name="TW.AnalysisServices.ArchiveEventData" description="" homeMashup="" projectName="" baseDataShape="" tags="TW:AnalysisServices">
			<Owner name="Administrator" type="User"></Owner>
			<avatar></avatar>
			<DesignTimePermissions>
                <Create></Create>
                <Read>
                    <Principal isPermitted="true" name="TW.AnalyticsManager.Admin" type="Group"></Principal>
                </Read>
               <Update>
                    <Principal isPermitted="false" name="TW.AnalyticsManager.Admin" type="Group"></Principal>
                </Update>
                <Delete>
                    <Principal isPermitted="false" name="TW.AnalyticsManager.Admin" type="Group"></Principal>
                </Delete>
                <Metadata></Metadata>
            </DesignTimePermissions>
            <RunTimePermissions>
                <Permissions resourceName="*">
                    <PropertyRead>
                        <Principal isPermitted="true" name="TW.AnalyticsManager.Admin" type="Group"></Principal>
                    </PropertyRead>
                    <PropertyWrite>
                        <Principal isPermitted="true" name="TW.AnalyticsManager.Admin" type="Group"></Principal>
                    </PropertyWrite>
                    <ServiceInvoke>
                        <Principal isPermitted="true" name="TW.AnalyticsManager.Admin" type="Group"></Principal>
                    </ServiceInvoke>
                    <EventInvoke>
                        <Principal isPermitted="true" name="TW.AnalyticsManager.Admin" type="Group"></Principal>
                    </EventInvoke>
                    <EventSubscribe>
                        <Principal isPermitted="true" name="TW.AnalyticsManager.Admin" type="Group"></Principal>
                    </EventSubscribe>
                </Permissions>
            </RunTimePermissions>
			<VisibilityPermissions>
                <Visibility>
                    <Principal isPermitted="true" name="TW.AnalyticsManager.AnalyticsManagerOrgUnit" type="Organization"></Principal>
                </Visibility>
            </VisibilityPermissions>
			<ConfigurationTables></ConfigurationTables>
			<FieldDefinitions>
				<FieldDefinition name="archiveName" description="" aspect.isPrimaryKey="true" baseType="STRING" ordinal="1"></FieldDefinition>
				<FieldDefinition name="applicationName" description="" aspect.isPrimaryKey="true" baseType="STRING" ordinal="2"></FieldDefinition>
				<FieldDefinition name="error" description="" aspect.isPrimaryKey="true" baseType="STRING" ordinal="3"></FieldDefinition>										
			</FieldDefinitions>
			<ConfigurationChanges></ConfigurationChanges>
		</DataShape>
	
		<DataShape documentationContent="&lt;p&gt;&lt;br&gt;&lt;/p&gt;" lastModifiedDate="2016-09-21T15:32:53.203+05:30" aspect.isEditableExtensionObject="false" name="TW.AnalysisServices.ArchiveInputDataShape" description="" homeMashup="" projectName="" baseDataShape="" tags="TW:AnalysisServices">
			<Owner name="Administrator" type="User"></Owner>
			<avatar></avatar>
			<DesignTimePermissions>
                <Create></Create>
                <Read>
                    <Principal isPermitted="true" name="TW.AnalyticsManager.Admin" type="Group"></Principal>
                </Read>
               <Update>
                    <Principal isPermitted="false" name="TW.AnalyticsManager.Admin" type="Group"></Principal>
                </Update>
                <Delete>
                    <Principal isPermitted="false" name="TW.AnalyticsManager.Admin" type="Group"></Principal>
                </Delete>
                <Metadata></Metadata>
            </DesignTimePermissions>
            <RunTimePermissions>
                <Permissions resourceName="*">
                    <PropertyRead>
                        <Principal isPermitted="true" name="TW.AnalyticsManager.Admin" type="Group"></Principal>
                    </PropertyRead>
                    <PropertyWrite>
                        <Principal isPermitted="true" name="TW.AnalyticsManager.Admin" type="Group"></Principal>
                    </PropertyWrite>
                    <ServiceInvoke>
                        <Principal isPermitted="true" name="TW.AnalyticsManager.Admin" type="Group"></Principal>
                    </ServiceInvoke>
                    <EventInvoke>
                        <Principal isPermitted="true" name="TW.AnalyticsManager.Admin" type="Group"></Principal>
                    </EventInvoke>
                    <EventSubscribe>
                        <Principal isPermitted="true" name="TW.AnalyticsManager.Admin" type="Group"></Principal>
                    </EventSubscribe>
                </Permissions>
            </RunTimePermissions>
			<VisibilityPermissions>
                <Visibility>
                    <Principal isPermitted="true" name="TW.AnalyticsManager.AnalyticsManagerOrgUnit" type="Organization"></Principal>
                </Visibility>
            </VisibilityPermissions>
			<ConfigurationTables></ConfigurationTables>
			<FieldDefinitions>
				<FieldDefinition name="entityName" description="name of the entiry , could be a thing , datashape ,datatable name etc. " baseType="STRING" ordinal="1"></FieldDefinition>
				<FieldDefinition name="entityType" description="all entity types are ok, including datashapename that is not an entity. " baseType="STRING" ordinal="3"></FieldDefinition>
				<FieldDefinition name="idList" description="optional , required only for datatables " aspect.dataShape="GenericStringList" baseType="INFOTABLE" ordinal="2"></FieldDefinition>
			</FieldDefinitions>
			<ConfigurationChanges>
				<ConfigurationChange changeReason="header : name : updated, tags : updated documentation : updated fields : entityName : Added, Updated, idList : Added, entityType : Added " user="Administrator" changeAction="CREATE" timestamp="2016-09-21T15:28:49.928+05:30"></ConfigurationChange>
				<ConfigurationChange changeReason="fields : entityType : Updated " user="Administrator" changeAction="MODIFY" timestamp="2016-09-21T15:32:45.946+05:30"></ConfigurationChange>
				<ConfigurationChange changeReason="" user="Administrator" changeAction="MODIFY" timestamp="2016-09-21T15:32:53.203+05:30"></ConfigurationChange>
			</ConfigurationChanges>
		</DataShape>
	
	</DataShapes>

	<Things>
		<Thing identifier="" lastModifiedDate="2015-08-26T11:38:46.700+05:30" valueStream="" description="" homeMashup="" published="false" thingTemplate="TW.AnalysisService.RepoBasedArchiveServiceTemplate" enabled="true" tags="TW:AnalysisServices" documentationContent=" " effectiveThingPackage="TW.AnalysisServices.RepoBasedJobArchiver" aspect.isEditableExtensionObject="false" name="TW.AnalysisService.RepoBasedArchiveService">
			<DesignTimePermissions>
				<Create></Create>
				<Read>
					<Principal isPermitted="true" name="TW.AnalyticsManager.Admin" type="Group"></Principal>
				</Read>
				<Update></Update>
				<Delete></Delete>
				<Metadata></Metadata>
			</DesignTimePermissions>
			<RunTimePermissions>
				<Permissions resourceName="*">
					<PropertyRead>
						<Principal isPermitted="true" name="TW.AnalyticsManager.Admin" type="Group"></Principal>
					</PropertyRead>
					<PropertyWrite>
						<Principal isPermitted="true" name="TW.AnalyticsManager.Admin" type="Group"></Principal>
					</PropertyWrite>
					<ServiceInvoke>
						<Principal isPermitted="true" name="TW.AnalyticsManager.Admin" type="Group"></Principal>
					</ServiceInvoke>
					<EventInvoke>
						<Principal isPermitted="true" name="TW.AnalyticsManager.Admin" type="Group"></Principal>
					</EventInvoke>
					<EventSubscribe>
						<Principal isPermitted="true" name="TW.AnalyticsManager.Admin" type="Group"></Principal>
					</EventSubscribe>
				</Permissions>
			</RunTimePermissions>
			<VisibilityPermissions>
				<Visibility>
					<Principal isPermitted="true" name="TW.AnalyticsManager.AnalyticsManagerOrgUnit" type="Organization"></Principal>
				</Visibility>
			</VisibilityPermissions>
			<ConfigurationTables>
				<ConfigurationTable isMultiRow="false" name="Repository Configuration" description="Repository Configuration" ordinal="0">
					<DataShape>
						<FieldDefinitions>
							<FieldDefinition name="Repository" description="Name of the repository for archive storage" baseType="THINGNAME" ordinal="0"></FieldDefinition>
						</FieldDefinitions>
					</DataShape>
					<Rows>
						<Row>
							<Repository>TW.AnalysisServices.JobArchiveRepository</Repository>
						</Row>
					</Rows>
				</ConfigurationTable>
			</ConfigurationTables>
			<ThingShape>
				<PropertyDefinitions></PropertyDefinitions>
				<ServiceDefinitions>
				</ServiceDefinitions>
				<EventDefinitions></EventDefinitions>
				<ServiceMappings></ServiceMappings>
				<ServiceImplementations>
				</ServiceImplementations>
				<Subscriptions></Subscriptions>
			</ThingShape>
			<PropertyBindings></PropertyBindings>
			<RemotePropertyBindings></RemotePropertyBindings>
			<RemoteServiceBindings></RemoteServiceBindings>
			<RemoteEventBindings></RemoteEventBindings>
			<AlertConfigurations></AlertConfigurations>
			<ThingProperties></ThingProperties>
			<ConfigurationChanges></ConfigurationChanges>

		</Thing>
	
		<Thing identifier="" lastModifiedDate="2016-09-08T11:11:33.809+05:30" valueStream="" description="" homeMashup="" published="false" thingTemplate="FileRepository" enabled="true" tags="TW:AnalysisServices" documentationContent="&lt;p&gt;&lt;br&gt;&lt;/p&gt;" effectiveThingPackage="FileRepositoryThing" aspect.isEditableExtensionObject="false" name="TW.AnalysisServices.JobArchiveRepository" projectName="">
			<Owner name="Administrator" type="User"></Owner>
			<avatar></avatar>
			<DesignTimePermissions>
				<Create></Create>
				<Read>
					<Principal isPermitted="true" name="TW.AnalyticsManager.Admin" type="Group"></Principal>
				</Read>
				<Update>
					<Principal isPermitted="false" name="TW.AnalyticsManager.Admin" type="Group"></Principal>
				</Update>
				<Delete>
					<Principal isPermitted="false" name="TW.AnalyticsManager.Admin" type="Group"></Principal>
				</Delete>
				<Metadata></Metadata>
			</DesignTimePermissions>
			<RunTimePermissions>
				<Permissions resourceName="*">
					<PropertyRead>
						<Principal isPermitted="true" name="TW.AnalyticsManager.Admin" type="Group"></Principal>
					</PropertyRead>
					<PropertyWrite>
						<Principal isPermitted="true" name="TW.AnalyticsManager.Admin" type="Group"></Principal>
					</PropertyWrite>
					<ServiceInvoke>
						<Principal isPermitted="true" name="TW.AnalyticsManager.Admin" type="Group"></Principal>
					</ServiceInvoke>
					<EventInvoke>
						<Principal isPermitted="true" name="TW.AnalyticsManager.Admin" type="Group"></Principal>
					</EventInvoke>
					<EventSubscribe>
						<Principal isPermitted="true" name="TW.AnalyticsManager.Admin" type="Group"></Principal>
					</EventSubscribe>
				</Permissions>
			</RunTimePermissions>
			<VisibilityPermissions>
				<Visibility>
					<Principal isPermitted="true" name="TW.AnalyticsManager.AnalyticsManagerOrgUnit" type="Organization"></Principal>
				</Visibility>
			</VisibilityPermissions>
			<ConfigurationTables></ConfigurationTables>
			<ThingShape>
				<PropertyDefinitions></PropertyDefinitions>
				<ServiceDefinitions></ServiceDefinitions>
				<EventDefinitions></EventDefinitions>
				<ServiceMappings></ServiceMappings>
				<ServiceImplementations></ServiceImplementations>
				<Subscriptions></Subscriptions>
			</ThingShape>
			<PropertyBindings></PropertyBindings>
			<RemotePropertyBindings></RemotePropertyBindings>
			<RemoteServiceBindings></RemoteServiceBindings>
			<RemoteEventBindings></RemoteEventBindings>
			<AlertConfigurations></AlertConfigurations>
			<ImplementedShapes></ImplementedShapes>
			<ThingProperties></ThingProperties>
			<ConfigurationChanges>
				<ConfigurationChange changeReason="header : name : updated, thingTemplate : updated, tags : updated documentation : updated " user="Administrator" changeAction="CREATE" timestamp="2016-09-08T11:11:33.808+05:30"></ConfigurationChange>
			</ConfigurationChanges>
		</Thing>
	
	</Things>

	<ThingTemplates>
		<ThingTemplate aspect.isEditableExtensionObject="false" documentationContent=" " valueStream="" name="TW.AnalysisService.RepoBasedArchiveServiceTemplate" description="Template for Analysis Connectors" homeMashup="" thingPackage="TW.AnalysisServices.RepoBasedArchiveServicePackage" aspect.isExtension="true" tags="TW:AnalysisServices">
			<avatar></avatar>
			<DesignTimePermissions>
				<Create></Create>
				<Read>
					<Principal isPermitted="true" name="TW.AnalyticsManager.Admin" type="Group"></Principal>
					<Principal isPermitted="true" name="TW.AnalyticsManager.Applications" type="Group"></Principal>
				</Read>
				<Update>
					<Principal isPermitted="false" name="TW.AnalyticsManager.Admin" type="Group"></Principal>
				</Update>
				<Delete>
					<Principal isPermitted="false" name="TW.AnalyticsManager.Admin" type="Group"></Principal>
				</Delete>
				<Metadata></Metadata>
			</DesignTimePermissions>
			<RunTimePermissions>
				<Permissions resourceName="*">
					<PropertyRead>
						<Principal isPermitted="true" name="TW.AnalyticsManager.Admin" type="Group"></Principal>
						<Principal isPermitted="true" name="TW.AnalyticsManager.Applications" type="Group"></Principal>
					</PropertyRead>
					<PropertyWrite>
						<Principal isPermitted="true" name="TW.AnalyticsManager.Admin" type="Group"></Principal>
						<Principal isPermitted="true" name="TW.AnalyticsManager.Applications" type="Group"></Principal>
					</PropertyWrite>
					<ServiceInvoke>
						<Principal isPermitted="true" name="TW.AnalyticsManager.Admin" type="Group"></Principal>
						<Principal isPermitted="true" name="TW.AnalyticsManager.Applications" type="Group"></Principal>
					</ServiceInvoke>
					<EventInvoke>
						<Principal isPermitted="true" name="TW.AnalyticsManager.Admin" type="Group"></Principal>
						<Principal isPermitted="true" name="TW.AnalyticsManager.Applications" type="Group"></Principal>
					</EventInvoke>
					<EventSubscribe>
						<Principal isPermitted="true" name="TW.AnalyticsManager.Admin" type="Group"></Principal>
						<Principal isPermitted="true" name="TW.AnalyticsManager.Applications" type="Group"></Principal>
					</EventSubscribe>
				</Permissions>
			</RunTimePermissions>
			<VisibilityPermissions>
				<Visibility>
					<Principal isPermitted="true" name="TW.AnalyticsManager.AnalyticsManagerOrgUnit" type="Organization"></Principal>
				</Visibility>
			</VisibilityPermissions>
			<ConfigurationTables></ConfigurationTables>
			<PropertyBindings></PropertyBindings>
			<RemotePropertyBindings></RemotePropertyBindings>
			<RemoteServiceBindings></RemoteServiceBindings>
			<RemoteEventBindings></RemoteEventBindings>
			<AlertConfigurations></AlertConfigurations>
			<ThingShape>
				<PropertyDefinitions></PropertyDefinitions>
				<ServiceDefinitions></ServiceDefinitions>
				<EventDefinitions></EventDefinitions>
				<ServiceMappings></ServiceMappings>
				<ServiceImplementations>
					<ServiceImplementation name="DoArchive" description="" handlerName="Reflection">
						<ConfigurationTables>
							<ConfigurationTable isMultiRow="false" name="Script" description="Script" ordinal="0">
								<DataShape>
									<FieldDefinitions>
									    <FieldDefinition aspect.isRequired="true" name="archiveName" description="" baseType="STRING" ordinal="1"></FieldDefinition>
									    <FieldDefinition aspect.isRequired="true" name="applicationName" description="" baseType="STRING" ordinal="2"></FieldDefinition>							
										<FieldDefinition aspect.isRequired="true" name="version" description="" baseType="STRING" ordinal="3"></FieldDefinition>
									</FieldDefinitions>
								</DataShape>
								<Rows>
									<Row>
										<code></code>
									</Row>
								</Rows>
							</ConfigurationTable>
						</ConfigurationTables>
					</ServiceImplementation>
					<ServiceImplementation name="RegisterApplication" description="" handlerName="Reflection">
						<ConfigurationTables>
							<ConfigurationTable isMultiRow="false" name="Script" description="Script" ordinal="0">
								<DataShape>
									<FieldDefinitions>
									    <FieldDefinition aspect.isRequired="true" name="applicationName" description="" baseType="STRING" ordinal="1"></FieldDefinition>	
									</FieldDefinitions>
								</DataShape>
								<Rows>
									<Row>
										<code></code>
									</Row>
								</Rows>
							</ConfigurationTable>
						</ConfigurationTables>
					</ServiceImplementation>
					<ServiceImplementation name="RegisterSchema" description="" handlerName="Reflection">
						<ConfigurationTables>
							<ConfigurationTable isMultiRow="false" name="Script" description="Script" ordinal="0">
								<DataShape>
									<FieldDefinitions>
									    <FieldDefinition aspect.isRequired="true" name="applicationName" description="" baseType="STRING" ordinal="1"></FieldDefinition>
									    <FieldDefinition aspect.isRequired="true" name="schemaVersion" description="" baseType="STRING" ordinal="2"></FieldDefinition>
									    <FieldDefinition aspect.isRequired="true" name="entityType" description="" baseType="STRING" ordinal="3"></FieldDefinition>
									    <FieldDefinition aspect.isRequired="true" name="schema" description="" baseType="JSON" ordinal="4"></FieldDefinition>	
									</FieldDefinitions>
								</DataShape>
								<Rows>
									<Row>
										<code></code>
									</Row>
								</Rows>
							</ConfigurationTable>
						</ConfigurationTables>
					</ServiceImplementation>
					<ServiceImplementation name="RegisterEntitySchema" description="" handlerName="Reflection">
						<ConfigurationTables>
							<ConfigurationTable isMultiRow="false" name="Script" description="Script" ordinal="0">
								<DataShape>
									<FieldDefinitions>
										<FieldDefinition aspect.isRequired="true" name="applicationName" description="" baseType="STRING" ordinal="1"></FieldDefinition>
										<FieldDefinition aspect.isRequired="true" name="schemaVersion" description="" baseType="STRING" ordinal="2"></FieldDefinition>
										<FieldDefinition aspect.isRequired="true" name="entityType" description="" baseType="STRING" ordinal="3"></FieldDefinition>
										<FieldDefinition aspect.isRequired="true" name="entityName" description="" baseType="STRING" ordinal="4"></FieldDefinition>
									</FieldDefinitions>
								</DataShape>
								<Rows>
									<Row>
										<code></code>
									</Row>
								</Rows>
							</ConfigurationTable>
						</ConfigurationTables>
					</ServiceImplementation>  
					<ServiceImplementation name="IsApplicationRegistered" description="" handlerName="Reflection">
						<ConfigurationTables>
							<ConfigurationTable isMultiRow="false" name="Script" description="Script" ordinal="0">
								<DataShape>
								<FieldDefinitions>
						    		<FieldDefinition aspect.isRequired="true" name="applicationName" description="" baseType="STRING" ordinal="1"></FieldDefinition>
								</FieldDefinitions>	
								</DataShape>
								<Rows>
									<Row>
										<code></code>
									</Row>
								</Rows>
							</ConfigurationTable>
						</ConfigurationTables>
					</ServiceImplementation>
					<ServiceImplementation name="IsSchemaRegistered" description="" handlerName="Reflection">
						<ConfigurationTables>
							<ConfigurationTable isMultiRow="false" name="Script" description="Script" ordinal="0">
								<DataShape>
								<FieldDefinitions>
								    <FieldDefinition aspect.isRequired="true" name="applicationName" description="" baseType="STRING" ordinal="1"></FieldDefinition>
								    <FieldDefinition aspect.isRequired="true" name="schemaVersion" description="" baseType="STRING" ordinal="2"></FieldDefinition>
								    <FieldDefinition aspect.isRequired="true" name="entityName" description="" baseType="STRING" ordinal="3"></FieldDefinition>	
								</FieldDefinitions>	
								</DataShape>
								<Rows>
									<Row>
										<code></code>
									</Row>
								</Rows>
							</ConfigurationTable>
						</ConfigurationTables>
					</ServiceImplementation>					  					
				</ServiceImplementations>
				<Subscriptions></Subscriptions>
			</ThingShape>
			<ImplementedShapes>
				<ImplementedShape name="TW.AnalysisService.IArchiveService" type="ThingShape"></ImplementedShape>
			</ImplementedShapes>
			<SharedConfigurationTables></SharedConfigurationTables>
			<InstanceDesignTimePermissions>
				<Create>
					<Principal isPermitted="true" name="TW.AnalyticsManager.Admin" type="Group"></Principal>
					<Principal isPermitted="true" name="TW.AnalyticsManager.Applications" type="Group"></Principal>
				</Create>
				<Read>
					<Principal isPermitted="true" name="TW.AnalyticsManager.Admin" type="Group"></Principal>
					<Principal isPermitted="true" name="TW.AnalyticsManager.Applications" type="Group"></Principal>
				</Read>
				<Update>
					<Principal isPermitted="false" name="TW.AnalyticsManager.Admin" type="Group"></Principal>
				</Update>
				<Delete>
					<Principal isPermitted="false" name="TW.AnalyticsManager.Admin" type="Group"></Principal>
				</Delete>
				<Metadata></Metadata>
			</InstanceDesignTimePermissions>
			<InstanceRunTimePermissions>
				<Permissions resourceName="*">
					<PropertyRead>
						<Principal isPermitted="true" name="TW.AnalyticsManager.Admin" type="Group"></Principal>
					</PropertyRead>
					<PropertyWrite>
						<Principal isPermitted="true" name="TW.AnalyticsManager.Admin" type="Group"></Principal>
					</PropertyWrite>
					<ServiceInvoke>
						<Principal isPermitted="true" name="TW.AnalyticsManager.Admin" type="Group"></Principal>
						<Principal isPermitted="true" name="TW.AnalyticsManager.Applications" type="Group"></Principal>
					</ServiceInvoke>
					<EventInvoke>
						<Principal isPermitted="true" name="TW.AnalyticsManager.Admin" type="Group"></Principal>
						<Principal isPermitted="true" name="TW.AnalyticsManager.Applications" type="Group"></Principal>
					</EventInvoke>
					<EventSubscribe>
						<Principal isPermitted="true" name="TW.AnalyticsManager.Admin" type="Group"></Principal>
						<Principal isPermitted="true" name="TW.AnalyticsManager.Applications" type="Group"></Principal>
					</EventSubscribe>
				</Permissions>
			</InstanceRunTimePermissions>
			<InstanceVisibilityPermissions>
				<Visibility>
					<Principal isPermitted="true" name="TW.AnalyticsManager.AnalyticsManagerOrgUnit" type="Organization"></Principal>
				</Visibility>
			</InstanceVisibilityPermissions>
			<ConfigurationChanges></ConfigurationChanges>
		</ThingTemplate>
	
	</ThingTemplates>

	<ThingShapes>
		<ThingShape documentationContent="&lt;p&gt;&lt;br&gt;&lt;/p&gt;" lastModifiedDate="2016-09-08T09:50:55.757+05:30" aspect.isEditableExtensionObject="false" name="TW.AnalysisService.IArchiveService" description="" className="" homeMashup="" projectName="" tags="TW:AnalysisServices">
			<PropertyDefinitions></PropertyDefinitions>
			<ServiceDefinitions>
				<ServiceDefinition isAllowOverride="true" aspect.isAsync="false" isOpen="false" isLocalOnly="false" name="DoArchive" description="archive the given infotable" isPrivate="false" category="">
					<ResultType name="result" description="returns the job id" baseType="STRING" ordinal="0"></ResultType>
					<ParameterDefinitions>
						<FieldDefinition aspect.isRequired="true" name="archiveName" description="" baseType="STRING" ordinal="1"></FieldDefinition>
						<FieldDefinition aspect.isRequired="true" name="applicationName" description="" baseType="STRING" ordinal="2"></FieldDefinition>
						<FieldDefinition aspect.isRequired="true" name="schemaVersion" description="" baseType="STRING" ordinal="3"></FieldDefinition>
						<FieldDefinition aspect.isRequired="true" name="data" description="" baseType="INFOTABLE" ordinal="4" aspect.dataShape="TW.AnalysisServices.ArchiveInputDataShape"></FieldDefinition>
					</ParameterDefinitions>
				</ServiceDefinition>
				<ServiceDefinition isAllowOverride="true" aspect.isAsync="false" isOpen="false" isLocalOnly="false" name="RegisterApplication" description="archive the given infotable" isPrivate="false" category="">
					<ResultType description="returns the job id" baseType="NOTHING" ordinal="0"></ResultType>
					<ParameterDefinitions>
						<FieldDefinition aspect.isRequired="true" name="applicationName" description="" baseType="STRING" ordinal="1"></FieldDefinition>
					</ParameterDefinitions>
				</ServiceDefinition>
				<ServiceDefinition isAllowOverride="true" aspect.isAsync="false" isOpen="false" isLocalOnly="false" name="IsApplicationRegistered" description="checks if an application is registered" isPrivate="false" category="">
					<ResultType name="result" description="returns true if the application is registered" baseType="BOOLEAN" ordinal="0"></ResultType>
					<ParameterDefinitions>
						<FieldDefinition aspect.isRequired="true" name="applicationName" description="" baseType="STRING" ordinal="1"></FieldDefinition>
					</ParameterDefinitions>
				</ServiceDefinition>

				<ServiceDefinition isAllowOverride="true" aspect.isAsync="false" isOpen="false" isLocalOnly="false" name="RegisterSchema" description="archive the given infotable" isPrivate="false" category="">
					<ResultType name="result" description="returns the job id" baseType="NOTHING" ordinal="0"></ResultType>
					<ParameterDefinitions>
						<FieldDefinition aspect.isRequired="true" name="applicationName" description="" baseType="STRING" ordinal="1"></FieldDefinition>
						<FieldDefinition aspect.isRequired="true" name="schemaVersion" description="" baseType="STRING" ordinal="2"></FieldDefinition>
						<FieldDefinition aspect.isRequired="true" name="entityType" description="" baseType="STRING" ordinal="3"></FieldDefinition>
						<FieldDefinition aspect.isRequired="true" name="schema" description="" baseType="JSON" ordinal="4"></FieldDefinition>
					</ParameterDefinitions>
				</ServiceDefinition>
				
				<ServiceDefinition isAllowOverride="true" aspect.isAsync="false" isOpen="false" isLocalOnly="false" name="RegisterEntitySchema" description="register the data shape and generate the schema for it" isPrivate="false" category="">
					<ResultType name="result" description="returns the job id" baseType="NOTHING" ordinal="0"></ResultType>
					<ParameterDefinitions>
						<FieldDefinition aspect.isRequired="true" name="applicationName" description="" baseType="STRING" ordinal="1"></FieldDefinition>
						<FieldDefinition aspect.isRequired="true" name="schemaVersion" description="" baseType="STRING" ordinal="2"></FieldDefinition>
						<FieldDefinition aspect.isRequired="true" name="entityType" description="" baseType="STRING" ordinal="3"></FieldDefinition>
						<FieldDefinition aspect.isRequired="true" name="entityName" description="" baseType="STRING" ordinal="4"></FieldDefinition>
					</ParameterDefinitions>
				</ServiceDefinition>

				<ServiceDefinition isAllowOverride="true" aspect.isAsync="false" isOpen="false" isLocalOnly="false" name="IsSchemaRegistered" description="cehck if the schema is registered" isPrivate="false" category="">
					<ResultType name="result" description="returns the job id" baseType="BOOLEAN" ordinal="0"></ResultType>
					<ParameterDefinitions>
						<FieldDefinition aspect.isRequired="true" name="applicationName" description="" baseType="STRING" ordinal="1"></FieldDefinition>
						<FieldDefinition aspect.isRequired="true" name="schemaVersion" description="" baseType="STRING" ordinal="2"></FieldDefinition>
						<FieldDefinition aspect.isRequired="true" name="entityName" description="" baseType="STRING" ordinal="3"></FieldDefinition>
					</ParameterDefinitions>
				</ServiceDefinition>

			</ServiceDefinitions>
			<EventDefinitions>
				<EventDefinition name="ArchiveFailed" description="Event thrown when an archive job fails" category="" dataShape="TW.AnalysisServices.ArchiveEventData"></EventDefinition>
				<EventDefinition name="ArchiveCompleted" description="Event thrown when a archive task completes" category="" dataShape="TW.AnalysisServices.ArchiveEventData"></EventDefinition>
			</EventDefinitions>
			<ServiceMappings></ServiceMappings>
			<ServiceImplementations></ServiceImplementations>
			<Subscriptions></Subscriptions>
			<Owner name="Administrator" type="User"></Owner>
			<avatar></avatar>
			<DesignTimePermissions>
				<Create></Create>
				<Read>
					<Principal isPermitted="true" name="TW.AnalyticsManager.Admin" type="Group"></Principal>
				</Read>
				<Update>
					<Principal isPermitted="false" name="TW.AnalyticsManager.Admin" type="Group"></Principal>
				</Update>
				<Delete>
					<Principal isPermitted="false" name="TW.AnalyticsManager.Admin" type="Group"></Principal>
				</Delete>
				<Metadata></Metadata>
			</DesignTimePermissions>
			<RunTimePermissions>
				<Permissions resourceName="*">
					<PropertyRead>
						<Principal isPermitted="true" name="TW.AnalyticsManager.Admin" type="Group"></Principal>
					</PropertyRead>
					<PropertyWrite>
						<Principal isPermitted="true" name="TW.AnalyticsManager.Admin" type="Group"></Principal>
					</PropertyWrite>
					<ServiceInvoke>
						<Principal isPermitted="true" name="TW.AnalyticsManager.Admin" type="Group"></Principal>
					</ServiceInvoke>
					<EventInvoke>
						<Principal isPermitted="true" name="TW.AnalyticsManager.Admin" type="Group"></Principal>
					</EventInvoke>
					<EventSubscribe>
						<Principal isPermitted="true" name="TW.AnalyticsManager.Admin" type="Group"></Principal>
					</EventSubscribe>
				</Permissions>
			</RunTimePermissions>
			<VisibilityPermissions>
				<Visibility>
					<Principal isPermitted="true" name="TW.AnalyticsManager.AnalyticsManagerOrgUnit" type="Organization"></Principal>
				</Visibility>
			</VisibilityPermissions>
			<ConfigurationTables></ConfigurationTables>
			<ConfigurationChanges>
				<ConfigurationChange changeReason="" user="Administrator" changeAction="CREATE" timestamp="2015-08-12T15:38:19.372+05:30"></ConfigurationChange>
			</ConfigurationChanges>
			<PropertyBindings></PropertyBindings>
			<RemotePropertyBindings></RemotePropertyBindings>
			<RemoteServiceBindings></RemoteServiceBindings>
			<RemoteEventBindings></RemoteEventBindings>
			<AlertConfigurations></AlertConfigurations>
			<InstanceRunTimePermissions>
				<Permissions resourceName="*">
					<PropertyRead>
						<Principal isPermitted="true" name="TW.AnalyticsManager.Admin" type="Group"></Principal>
					</PropertyRead>
					<PropertyWrite>
						<Principal isPermitted="true" name="TW.AnalyticsManager.Admin" type="Group"></Principal>
					</PropertyWrite>
					<ServiceInvoke>
						<Principal isPermitted="true" name="TW.AnalyticsManager.Admin" type="Group"></Principal>
					</ServiceInvoke>
					<EventInvoke>
						<Principal isPermitted="true" name="TW.AnalyticsManager.Admin" type="Group"></Principal>
					</EventInvoke>
					<EventSubscribe>
						<Principal isPermitted="true" name="TW.AnalyticsManager.Admin" type="Group"></Principal>
					</EventSubscribe>
				</Permissions>
			</InstanceRunTimePermissions>
		</ThingShape>
	
	</ThingShapes>
</Entities>