<?xml version="1.0" encoding="UTF-8"?>
<Entities
 build="b50"
 majorVersion="7"
 minorVersion="3"
 modelPersistenceProviderPackage="NeoPersistenceProviderPackage"
 revision="0"
 schemaVersion="931">
    <DataShapes>
        <DataShape
         aspect.isEditableExtensionObject="false"
         aspect.isExtension="true"
         baseDataShape=""
         description="Trend detail {PTC.Factory.TrendDetailShape}"
         documentationContent=""
         homeMashup=""
         lastModifiedDate="2017-03-01T15:55:55.301-05:00"
         name="PTC.Factory.TrendDetailShape"
         projectName="PTC.SCA.SCO.Troubleshooting Tool"
         tags="PTC:sca-sco;PTC:DataShape;PTC:sca-sco-troubleshootingtool">
            <avatar></avatar>
            <DesignTimePermissions>
                <Create></Create>
                <Read></Read>
                <Update></Update>
                <Delete></Delete>
                <Metadata></Metadata>
            </DesignTimePermissions>
            <RunTimePermissions></RunTimePermissions>
            <VisibilityPermissions>
                <Visibility>
                    <Principal
                     isPermitted="true"
                     name="PTC.Factory.MachineVisibility"
                     type="Organization"></Principal>
                </Visibility>
            </VisibilityPermissions>
            <ConfigurationTables></ConfigurationTables>
            <FieldDefinitions>
                <FieldDefinition
                 baseType="STRING"
                 description=""
                 name="TrendName1"
                 ordinal="1"></FieldDefinition>
                <FieldDefinition
                 baseType="STRING"
                 description=""
                 name="TrendName10"
                 ordinal="28"></FieldDefinition>
                <FieldDefinition
                 baseType="STRING"
                 description=""
                 name="TrendName2"
                 ordinal="5"></FieldDefinition>
                <FieldDefinition
                 baseType="STRING"
                 description=""
                 name="TrendName3"
                 ordinal="8"></FieldDefinition>
                <FieldDefinition
                 baseType="STRING"
                 description=""
                 name="TrendName4"
                 ordinal="11"></FieldDefinition>
                <FieldDefinition
                 baseType="STRING"
                 description=""
                 name="TrendName5"
                 ordinal="13"></FieldDefinition>
                <FieldDefinition
                 baseType="STRING"
                 description=""
                 name="TrendName6"
                 ordinal="16"></FieldDefinition>
                <FieldDefinition
                 baseType="STRING"
                 description=""
                 name="TrendName7"
                 ordinal="19"></FieldDefinition>
                <FieldDefinition
                 baseType="STRING"
                 description=""
                 name="TrendName8"
                 ordinal="22"></FieldDefinition>
                <FieldDefinition
                 baseType="STRING"
                 description=""
                 name="TrendName9"
                 ordinal="25"></FieldDefinition>
                <FieldDefinition
                 baseType="STRING"
                 description=""
                 name="TrendNameEscapeHTMLChar1"
                 ordinal="31"></FieldDefinition>
                <FieldDefinition
                 baseType="STRING"
                 description=""
                 name="TrendNameEscapeHTMLChar2"
                 ordinal="32"></FieldDefinition>
                <FieldDefinition
                 baseType="STRING"
                 description=""
                 name="TrendNameEscapeHTMLChar3"
                 ordinal="33"></FieldDefinition>
                <FieldDefinition
                 baseType="STRING"
                 description=""
                 name="TrendNameEscapeHTMLChar4"
                 ordinal="34"></FieldDefinition>
                <FieldDefinition
                 baseType="STRING"
                 description=""
                 name="TrendNameEscapeHTMLChar5"
                 ordinal="35"></FieldDefinition>
                <FieldDefinition
                 baseType="STRING"
                 description=""
                 name="TrendProperty1"
                 ordinal="2"></FieldDefinition>
                <FieldDefinition
                 baseType="STRING"
                 description=""
                 name="TrendProperty10"
                 ordinal="29"></FieldDefinition>
                <FieldDefinition
                 baseType="STRING"
                 description=""
                 name="TrendProperty2"
                 ordinal="6"></FieldDefinition>
                <FieldDefinition
                 baseType="STRING"
                 description=""
                 name="TrendProperty3"
                 ordinal="9"></FieldDefinition>
                <FieldDefinition
                 baseType="STRING"
                 description=""
                 name="TrendProperty4"
                 ordinal="12"></FieldDefinition>
                <FieldDefinition
                 baseType="STRING"
                 description=""
                 name="TrendProperty5"
                 ordinal="14"></FieldDefinition>
                <FieldDefinition
                 baseType="STRING"
                 description=""
                 name="TrendProperty6"
                 ordinal="17"></FieldDefinition>
                <FieldDefinition
                 baseType="STRING"
                 description=""
                 name="TrendProperty7"
                 ordinal="20"></FieldDefinition>
                <FieldDefinition
                 baseType="STRING"
                 description=""
                 name="TrendProperty8"
                 ordinal="23"></FieldDefinition>
                <FieldDefinition
                 baseType="STRING"
                 description=""
                 name="TrendProperty9"
                 ordinal="26"></FieldDefinition>
                <FieldDefinition
                 baseType="BOOLEAN"
                 description=""
                 name="TrendStatus1"
                 ordinal="4"></FieldDefinition>
                <FieldDefinition
                 baseType="BOOLEAN"
                 description=""
                 name="TrendStatus10"
                 ordinal="30"></FieldDefinition>
                <FieldDefinition
                 baseType="BOOLEAN"
                 description=""
                 name="TrendStatus2"
                 ordinal="7"></FieldDefinition>
                <FieldDefinition
                 baseType="BOOLEAN"
                 description=""
                 name="TrendStatus3"
                 ordinal="10"></FieldDefinition>
                <FieldDefinition
                 baseType="BOOLEAN"
                 description=""
                 name="TrendStatus4"
                 ordinal="13"></FieldDefinition>
                <FieldDefinition
                 baseType="BOOLEAN"
                 description=""
                 name="TrendStatus5"
                 ordinal="15"></FieldDefinition>
                <FieldDefinition
                 baseType="BOOLEAN"
                 description=""
                 name="TrendStatus6"
                 ordinal="18"></FieldDefinition>
                <FieldDefinition
                 baseType="BOOLEAN"
                 description=""
                 name="TrendStatus7"
                 ordinal="21"></FieldDefinition>
                <FieldDefinition
                 baseType="BOOLEAN"
                 description=""
                 name="TrendStatus8"
                 ordinal="24"></FieldDefinition>
                <FieldDefinition
                 baseType="BOOLEAN"
                 description=""
                 name="TrendStatus9"
                 ordinal="27"></FieldDefinition>
                <FieldDefinition
                 baseType="STRING"
                 description=""
                 name="TrendFullName1"
                 ordinal="41"></FieldDefinition>
                <FieldDefinition
                 baseType="STRING"
                 description=""
                 name="TrendFullName2"
                 ordinal="42"></FieldDefinition>
                <FieldDefinition
                 baseType="STRING"
                 description=""
                 name="TrendFullName3"
                 ordinal="43"></FieldDefinition>
                <FieldDefinition
                 baseType="STRING"
                 description=""
                 name="TrendFullName4"
                 ordinal="44"></FieldDefinition>
                <FieldDefinition
                 baseType="STRING"
                 description=""
                 name="TrendFullName5"
                 ordinal="45"></FieldDefinition>
            </FieldDefinitions>
        </DataShape>
    </DataShapes>
</Entities>
