<?xml version="1.0" encoding="UTF-8"?>
<Entities
 build="b2893"
 majorVersion="0"
 minorVersion="0"
 modelPersistenceProviderPackage="PostgresPersistenceProviderPackage"
 revision="0"
 schemaVersion="940">
    <StyleDefinitions>
        <StyleDefinition
         description="***DEPRECATED-J*** This entity will be deleted in a future release. Emphasized 18pt font {PTC.SCA.SCO.AssetMonitor.AssetDetail.MonitoredProperties.Emphasized18StyleDefinition}"
         documentationContent=""
         homeMashup=""
         lastModifiedDate="2017-04-17T20:19:46.786Z"
         name="PTC.SCA.SCO.AssetMonitor.AssetDetail.MonitoredProperties.Emphasized18StyleDefinition"
         projectName="PTC.SCA.SCO.Asset Monitor"
         tags="PTC:sca-sco-assetmonitor;PTC:sca-common;PTC:StyleDefinition">
            <avatar></avatar>
            <DesignTimePermissions>
                <Create></Create>
                <Read></Read>
                <Update></Update>
                <Delete></Delete>
                <Metadata></Metadata>
            </DesignTimePermissions>
            <RunTimePermissions></RunTimePermissions>
            <VisibilityPermissions>
                <Visibility>
                    <Principal
                     isPermitted="true"
                     name="PTC.Factory.MachineVisibility:AssetPerformance"
                     type="OrganizationalUnit"></Principal>
                </Visibility>
            </VisibilityPermissions>
            <ConfigurationTables></ConfigurationTables>
            <content>
            <![CDATA[
            {"image":"","backgroundColor":"","textSize":"2xl","lineStyle":"solid","displayString":"","fontEmphasisUnderline":false,"fontEmphasisItalic":false,"lineThickness":1,"foregroundColor":"#616161","lineColor":"","fontEmphasisBold":false,"secondaryBackgroundColor":""}
            ]]>
            </content>
        </StyleDefinition>
    </StyleDefinitions>
</Entities>
