<?xml version="1.0" encoding="UTF-8"?>
<Entities
 build="b11"
 majorVersion="8"
 minorVersion="0"
 modelPersistenceProviderPackage="PostgresPersistenceProviderPackage"
 revision="0"
 schemaVersion="1000">
    <StyleDefinitions>
        <StyleDefinition
         aspect.isEditableExtensionObject="true"
         aspect.isExtension="true"
         description="***DEPRECATED-J*** This style definition will be deleted in a future release. Style for filter labels in the Asset List sidebar {PTC.SCO.SCA.AssetMonitor.MenuLabelStyle}"
         documentationContent=""
         homeMashup=""
         lastModifiedDate="2017-06-12T14:19:01.831Z"
         name="PTC.SCO.SCA.AssetMonitor.MenuLabelStyle"
         projectName="PTC.SCA.SCO.Asset Monitor"
         tags="PTC:sca-sco-assetmonitor;PTC:sca-common;PTC:StyleDefinition">
            <avatar></avatar>
            <DesignTimePermissions>
                <Create></Create>
                <Read></Read>
                <Update></Update>
                <Delete></Delete>
                <Metadata></Metadata>
            </DesignTimePermissions>
            <RunTimePermissions></RunTimePermissions>
            <VisibilityPermissions>
                <Visibility>
                    <Principal
                     isPermitted="true"
                     name="PTC.Factory.MachineVisibility:AssetPerformance"
                     type="OrganizationalUnit"></Principal>
                </Visibility>
            </VisibilityPermissions>
            <ConfigurationTables></ConfigurationTables>
            <content>
            <![CDATA[
            {"image":"","backgroundColor":"#f2f4f4","textSize":"xlarge","lineStyle":"solid","displayString":"","fontEmphasisUnderline":false,"fontEmphasisItalic":false,"lineThickness":1,"foregroundColor":"#6a797b","lineColor":"#979797","fontEmphasisBold":false,"secondaryBackgroundColor":""}
            ]]>
            </content>
        </StyleDefinition>
    </StyleDefinitions>
</Entities>
