<?xml version="1.0" encoding="UTF-8"?>
<Entities
 build="b8635"
 majorVersion="0"
 minorVersion="0"
 modelPersistenceProviderPackage="PostgresPersistenceProviderPackage"
 revision="0"
 schemaVersion="1100"
 universal="password">
    <Mashups>
        <Mashup
         aspect.isEditableExtensionObject="false"
         aspect.isExtension="true"
         aspect.isFlex="true"
         aspect.isResponsive="true"
         aspect.mashupType="mashup"
         columns="0.0"
         description="Mashup that is a combination of both InfoTabContained mashup (work instructions screen) and HorizontalSequentialNavigation mashup {PTC.SCA.SCO.UnifiedWorkInstructionScreenMashup}"
         documentationContent=""
         homeMashup=""
         lastModifiedDate="2020-03-02T09:56:36.873-05:00"
         name="PTC.SCA.SCO.UnifiedWorkInstructionsScreenMashup"
         projectName="PTC.SCA.SCO.UnifiedWorkInstruction"
         rows="0.0"
         tags="PTC:sca-sco;PTC:Mashup;PTC:sca-sco-unifiedworkinstruction">
            <avatar></avatar>
            <DesignTimePermissions>
                <Create></Create>
                <Read></Read>
                <Update></Update>
                <Delete></Delete>
                <Metadata></Metadata>
            </DesignTimePermissions>
            <RunTimePermissions></RunTimePermissions>
            <VisibilityPermissions>
                <Visibility></Visibility>
            </VisibilityPermissions>
            <ConfigurationTableDefinitions></ConfigurationTableDefinitions>
            <ConfigurationTables>
                <ConfigurationTable
                 dataShapeName=""
                 description="Mashup Mobile Settings"
                 isHidden="true"
                 isMultiRow="false"
                 name="MobileSettings"
                 ordinal="0">
                    <DataShape>
                        <FieldDefinitions>
                            <FieldDefinition
                             aspect.defaultValue="false"
                             baseType="BOOLEAN"
                             description=""
                             name="disableZoom"
                             ordinal="0"></FieldDefinition>
                            <FieldDefinition
                             aspect.defaultValue="true"
                             baseType="BOOLEAN"
                             description=""
                             name="fullScreenMode"
                             ordinal="0"></FieldDefinition>
                            <FieldDefinition
                             baseType="STRING"
                             description=""
                             name="height"
                             ordinal="0"></FieldDefinition>
                            <FieldDefinition
                             aspect.defaultValue="device-height"
                             baseType="STRING"
                             description=""
                             name="heightType"
                             ordinal="0"></FieldDefinition>
                            <FieldDefinition
                             aspect.defaultValue="1.0"
                             baseType="NUMBER"
                             description=""
                             name="initialScale"
                             ordinal="0"></FieldDefinition>
                            <FieldDefinition
                             baseType="STRING"
                             description=""
                             name="iosShortcutIconTitle"
                             ordinal="0"></FieldDefinition>
                            <FieldDefinition
                             aspect.defaultValue="black-translucent"
                             baseType="STRING"
                             description=""
                             name="iosStatusBarAppearance"
                             ordinal="0"></FieldDefinition>
                            <FieldDefinition
                             aspect.defaultValue="10.0"
                             baseType="NUMBER"
                             description=""
                             name="maximumScale"
                             ordinal="0"></FieldDefinition>
                            <FieldDefinition
                             aspect.defaultValue="0.1"
                             baseType="NUMBER"
                             description=""
                             name="minimumScale"
                             ordinal="0"></FieldDefinition>
                            <FieldDefinition
                             baseType="STRING"
                             description=""
                             name="width"
                             ordinal="0"></FieldDefinition>
                            <FieldDefinition
                             aspect.defaultValue="device-width"
                             baseType="STRING"
                             description=""
                             name="widthType"
                             ordinal="0"></FieldDefinition>
                        </FieldDefinitions>
                    </DataShape>
                    <Rows>
                        <Row>
                            <disableZoom>false</disableZoom>
                            <fullScreenMode>true</fullScreenMode>
                            <height></height>
                            <heightType>
                            <![CDATA[
                            device-height
                            ]]>
                            </heightType>
                            <initialScale>1.0</initialScale>
                            <iosShortcutIconTitle></iosShortcutIconTitle>
                            <iosStatusBarAppearance>
                            <![CDATA[
                            black-translucent
                            ]]>
                            </iosStatusBarAppearance>
                            <maximumScale>10.0</maximumScale>
                            <minimumScale>0.1</minimumScale>
                            <width></width>
                            <widthType>
                            <![CDATA[
                            device-width
                            ]]>
                            </widthType>
                        </Row>
                    </Rows>
                </ConfigurationTable>
            </ConfigurationTables>
            <ParameterDefinitions>
                <FieldDefinition
                 aspect.bindingDirection="BOTH"
                 aspect.isMandatory="false"
                 aspect.ordinal="0"
                 baseType="STRING"
                 description=""
                 name="WorkDefinitionUID"
                 ordinal="0"></FieldDefinition>
            </ParameterDefinitions>
            <Things>
                <Thing>PTC.SCA.SCO.Common.LicenseManager</Thing>
            </Things>
            <ThingShapes></ThingShapes>
            <ThingTemplates></ThingTemplates>
            <mashupContent>
            <![CDATA[
            {
              "CustomMashupCss" : "",
              "Data" : {
                "Session" : {
                  "DataName" : "Session",
                  "EntityName" : "",
                  "EntityType" : "Session",
                  "Id" : "session",
                  "Services" : [ {
                    "APIMethod" : "post",
                    "Characteristic" : "Services",
                    "Id" : "SessionInterface",
                    "Name" : "GetGlobalSessionValues",
                    "Parameters" : { },
                    "RefreshInterval" : 0,
                    "Target" : "GetGlobalSessionValues"
                  } ]
                },
                "Things_PTC.SCA.SCO.Common.LicenseManager" : {
                  "DataName" : "Things_PTC.SCA.SCO.Common.LicenseManager",
                  "EntityName" : "PTC.SCA.SCO.Common.LicenseManager",
                  "EntityType" : "Things",
                  "Id" : "86ccc072-b6e7-4168-bb8a-e15811e60668",
                  "Services" : [ {
                    "APIMethod" : "post",
                    "Characteristic" : "Services",
                    "Id" : "2b47e24d-aed9-4850-9dca-867e698cb911",
                    "Name" : "InitializeLicenseSeats",
                    "Parameters" : { },
                    "RefreshInterval" : 0,
                    "Target" : "InitializeLicenseSeats"
                  } ]
                },
                "UserExtensions" : {
                  "DataName" : "UserExtensions",
                  "EntityName" : "",
                  "EntityType" : "UserExtensions",
                  "Id" : "UserExtensions",
                  "Services" : [ {
                    "APIMethod" : "post",
                    "Characteristic" : "Services",
                    "Id" : "UserExtensionInterface",
                    "Name" : "GetCurrentUserExtensionProperties",
                    "Parameters" : { },
                    "RefreshInterval" : 0,
                    "Target" : "GetCurrentUserExtensionProperties"
                  } ]
                }
              },
              "DataBindings" : [ {
                "Id" : "4461dc91-23bf-47a6-aaa7-3a362a48e67e",
                "PropertyMaps" : [ {
                  "SourceProperty" : "WorkDefinitionUID",
                  "SourcePropertyBaseType" : "STRING",
                  "SourcePropertyType" : "Property",
                  "TargetProperty" : "WorkDefinitionUID",
                  "TargetPropertyBaseType" : "STRING",
                  "TargetPropertyType" : "property"
                } ],
                "SourceArea" : "Mashup",
                "SourceId" : "mashup-root",
                "SourceSection" : "",
                "TargetArea" : "UI",
                "TargetId" : "mashupcontainer-7",
                "TargetSection" : ""
              }, {
                "Id" : "61b21985-3faa-4ad2-99f8-ba51a5cd2e1b",
                "PropertyMaps" : [ {
                  "SourceProperty" : "UID",
                  "SourcePropertyBaseType" : "STRING",
                  "SourcePropertyType" : "Property",
                  "TargetProperty" : "WorkDefinitionUID",
                  "TargetPropertyBaseType" : "STRING",
                  "TargetPropertyType" : "property"
                } ],
                "SourceArea" : "UI",
                "SourceId" : "mashupcontainer-7",
                "SourceSection" : "",
                "TargetArea" : "UI",
                "TargetId" : "mashupcontainer-16",
                "TargetSection" : ""
              }, {
                "Id" : "c04c1c47-1aab-45f0-b22d-ef58662e340a",
                "PropertyMaps" : [ {
                  "SourceProperty" : "UID",
                  "SourcePropertyBaseType" : "STRING",
                  "SourcePropertyType" : "Property",
                  "TargetProperty" : "WorkDefinitionUID",
                  "TargetPropertyBaseType" : "STRING",
                  "TargetPropertyType" : "property"
                } ],
                "SourceArea" : "UI",
                "SourceId" : "mashupcontainer-7",
                "SourceSection" : "",
                "TargetArea" : "UI",
                "TargetId" : "mashupcontainer-17",
                "TargetSection" : ""
              }, {
                "Id" : "3b5161de-d448-459f-80d1-845e9f76d833",
                "PropertyMaps" : [ {
                  "SourceProperty" : "SelectedRows",
                  "SourcePropertyBaseType" : "INFOTABLE",
                  "TargetProperty" : "SelectedRows",
                  "TargetPropertyBaseType" : ""
                } ],
                "SourceArea" : "UI",
                "SourceId" : "mashupcontainer-17",
                "SourceSection" : "",
                "TargetArea" : "UI",
                "TargetId" : "mashupcontainer-16",
                "TargetSection" : ""
              }, {
                "Id" : "2d069ad0-eb80-497d-9e1f-a61665f0027e",
                "PropertyMaps" : [ {
                  "SourceProperty" : "SelectedParts",
                  "SourcePropertyBaseType" : "INFOTABLE",
                  "TargetProperty" : "SelectedParts",
                  "TargetPropertyBaseType" : ""
                } ],
                "SourceArea" : "UI",
                "SourceId" : "mashupcontainer-16",
                "SourceSection" : "",
                "TargetArea" : "UI",
                "TargetId" : "mashupcontainer-17",
                "TargetSection" : ""
              }, {
                "Id" : "6bdbed55-92bf-4d6e-a220-eed862d77e57",
                "PropertyMaps" : [ {
                  "SourceProperty" : "UID",
                  "SourcePropertyBaseType" : "STRING",
                  "SourcePropertyType" : "Property",
                  "TargetProperty" : "UID",
                  "TargetPropertyBaseType" : "STRING",
                  "TargetPropertyType" : "property"
                } ],
                "SourceArea" : "UI",
                "SourceId" : "mashupcontainer-7",
                "SourceSection" : "",
                "TargetArea" : "UI",
                "TargetId" : "mashupcontainer-20",
                "TargetSection" : ""
              } ],
              "DesignTimePermissions" : {
                "Create" : [ ],
                "Delete" : [ ],
                "Metadata" : [ ],
                "Read" : [ ],
                "Update" : [ ]
              },
              "Events" : [ {
                "EventHandlerArea" : "Data",
                "EventHandlerId" : "Things_PTC.SCA.SCO.Common.LicenseManager",
                "EventHandlerService" : "InitializeLicenseSeats",
                "EventTriggerArea" : "Mashup",
                "EventTriggerEvent" : "Loaded",
                "EventTriggerId" : "mashup-root",
                "EventTriggerSection" : "",
                "Id" : "b9f99da2-5184-4d6d-a074-7b8f7bd7732c"
              }, {
                "EventHandlerArea" : "Data",
                "EventHandlerId" : "Things_PTC.SCA.SCO.Common.LicenseManager",
                "EventHandlerService" : "InitializeLicenseSeats",
                "EventTriggerArea" : "Mashup",
                "EventTriggerEvent" : "RefreshRequested",
                "EventTriggerId" : "mashup-root",
                "EventTriggerSection" : "",
                "Id" : "2beb37c3-de22-406b-ad47-776c301a60b6"
              } ],
              "RunTimePermissions" : {
                "permissions" : [ ]
              },
              "UI" : {
                "Properties" : {
                  "AddToDashboardButton" : "SimplePlus",
                  "AddToDashboardButtonStyle" : "DefaultAddToDashboardButtonStyle",
                  "Area" : "Mashup",
                  "BGImage" : "",
                  "BGImageRepeat" : "no-repeat",
                  "BGImageSize" : "auto",
                  "Columns" : 0,
                  "ConfigureGadgetButton" : "SimpleGear",
                  "ConfigureGadgetButtonStyle" : "DefaultConfigureGadgetButtonStyle",
                  "DisplayName" : "Mashup",
                  "EnableParameterEditing" : false,
                  "Height" : 618,
                  "Id" : "mashup-root",
                  "IgnoreWarningsInViewMashup" : false,
                  "IsPrintLayout" : false,
                  "Left" : 0,
                  "MashupToEditGadget" : "DefaultMashupToEditGadget",
                  "MinHeight" : 0,
                  "MinWidth" : 0,
                  "ResponsiveLayout" : true,
                  "Rows" : 0,
                  "ShowDataLoading" : true,
                  "Style" : "DefaultMashupStyle",
                  "StyleProperties" : {
                    "data" : { },
                    "meta" : {
                      "type" : "WidgetStyler",
                      "version" : "1.0"
                    }
                  },
                  "StyleTheme" : "PTC Convergence Theme",
                  "Title" : "",
                  "TitleBar" : false,
                  "TitleBarStyle" : "DefaultTitleBarStyle",
                  "TitleBarText" : "Gadget Title Here",
                  "Top" : 0,
                  "Type" : "mashup",
                  "UseMasterTheme" : false,
                  "UseTheme" : false,
                  "UseThemeForHybrids" : false,
                  "Visible" : true,
                  "Width" : 1024,
                  "Z-index" : 10,
                  "__TypeDisplayName" : "Mashup",
                  "_currentParameterDefs" : [ {
                    "Aspects" : {
                      "bindingDirection" : "BOTH",
                      "isMandatory" : false
                    },
                    "BaseType" : "STRING",
                    "Description" : "",
                    "ParameterName" : "WorkDefinitionUID"
                  } ],
                  "id_index" : 17,
                  "supportsAutoResize" : true
                },
                "Widgets" : [ {
                  "Properties" : {
                    "Area" : "UI",
                    "DisplayName" : "container-2",
                    "EnableExpandCollapse" : false,
                    "Expanded" : true,
                    "Id" : "flexcontainer-2",
                    "LastContainer" : true,
                    "Overlay" : false,
                    "ResponsiveLayout" : true,
                    "ShowDataLoading" : true,
                    "ShowExpandCollapseTab" : false,
                    "SourceURL" : "",
                    "Style" : "DefaultContainerStyle",
                    "StyleProperties" : { },
                    "Type" : "flexcontainer",
                    "UseTheme" : false,
                    "Visible" : true,
                    "Z-index" : 10,
                    "__TypeDisplayName" : "Responsive Container",
                    "align-content" : "flex-start",
                    "align-items" : "flex-start",
                    "flex-basis" : "auto",
                    "flex-direction" : "column",
                    "flex-grow" : "1",
                    "flex-max-height" : "",
                    "flex-max-width" : "",
                    "flex-min-height" : "",
                    "flex-min-width" : "",
                    "flex-shrink" : "1",
                    "flex-size" : "default",
                    "flex-wrap" : "nowrap",
                    "iconClass" : "widgets-flexcontainer",
                    "isLocked" : false,
                    "justify-content" : "flex-start",
                    "positioning" : "responsive",
                    "userCannotRemove" : true
                  },
                  "Widgets" : [ {
                    "Properties" : {
                      "Area" : "UI",
                      "DisplayName" : "container-3",
                      "EnableExpandCollapse" : false,
                      "Expanded" : true,
                      "Id" : "flexcontainer-3",
                      "LastContainer" : true,
                      "Overlay" : false,
                      "ResponsiveLayout" : false,
                      "ShowDataLoading" : true,
                      "ShowExpandCollapseTab" : false,
                      "SourceURL" : "",
                      "Style" : "DefaultContainerStyle",
                      "StyleProperties" : { },
                      "Type" : "flexcontainer",
                      "UseTheme" : false,
                      "Visible" : true,
                      "Z-index" : 10,
                      "__TypeDisplayName" : "Responsive Container",
                      "align-content" : "flex-start",
                      "align-items" : "flex-start",
                      "flex-basis" : "auto",
                      "flex-direction" : "row",
                      "flex-grow" : "1",
                      "flex-max-height" : "",
                      "flex-max-width" : "",
                      "flex-min-height" : "",
                      "flex-min-width" : "",
                      "flex-shrink" : "1",
                      "flex-size" : "default",
                      "flex-wrap" : "nowrap",
                      "iconClass" : "widgets-flexcontainer",
                      "isLocked" : true,
                      "justify-content" : "flex-start",
                      "positioning" : "responsive",
                      "userCannotRemove" : false
                    },
                    "Widgets" : [ {
                      "Properties" : {
                        "AnchorLocation" : "left",
                        "AnimationSpeed" : "200ms",
                        "Area" : "UI",
                        "Behavior" : "push",
                        "ClickOutsideToClose" : false,
                        "CollapseByDefault" : false,
                        "Disabled" : false,
                        "DisplayName" : "ptcs-dynamicpanel-13",
                        "Height" : 260,
                        "HideDragHandle" : false,
                        "HideTriggerButton" : false,
                        "Id" : "ptcsdynamicpanel-13",
                        "LastContainer" : false,
                        "Left" : 0,
                        "MaxSizeWhenExpanded" : "100%",
                        "MinSizeWhenExpanded" : "50",
                        "PanelSize" : "342",
                        "ResponsiveLayout" : true,
                        "ShowDataLoading" : true,
                        "SizeWhenCollapsed" : "0",
                        "TabSequence" : -1,
                        "Top" : 45,
                        "TriggerButtonLocation" : "top",
                        "TriggerButtonType" : "type4",
                        "Type" : "ptcsdynamicpanel",
                        "UseTheme" : true,
                        "Visible" : true,
                        "Width" : 360,
                        "Z-index" : 10,
                        "__TypeDisplayName" : "Dynamic Panel"
                      },
                      "Widgets" : [ {
                        "Properties" : {
                          "Area" : "UI",
                          "DisplayName" : "ptcsdynamicpanel-13 #1",
                          "EnableExpandCollapse" : false,
                          "Expanded" : true,
                          "Id" : "flexcontainer-14",
                          "LastContainer" : false,
                          "Overlay" : false,
                          "ResponsiveLayout" : false,
                          "ShowDataLoading" : true,
                          "ShowExpandCollapseTab" : false,
                          "SourceURL" : "",
                          "Style" : "DefaultContainerStyle",
                          "StyleProperties" : { },
                          "Type" : "flexcontainer",
                          "UseTheme" : true,
                          "Visible" : true,
                          "Z-index" : 10,
                          "__TypeDisplayName" : "Responsive Container",
                          "align-content" : "flex-start",
                          "align-items" : "flex-start",
                          "flex-basis" : "auto",
                          "flex-direction" : "column",
                          "flex-grow" : "1",
                          "flex-max-height" : "",
                          "flex-max-width" : "",
                          "flex-min-height" : "",
                          "flex-min-width" : "",
                          "flex-shrink" : "1",
                          "flex-size" : "default",
                          "flex-wrap" : "nowrap",
                          "iconClass" : "widgets-flexcontainer",
                          "justify-content" : "flex-start",
                          "positioning" : "responsive",
                          "userCannotRemove" : true
                        },
                        "Widgets" : [ {
                          "Properties" : {
                            "Area" : "UI",
                            "DisplayName" : "container-18",
                            "EnableExpandCollapse" : false,
                            "Expanded" : true,
                            "Id" : "flexcontainer-18",
                            "LastContainer" : true,
                            "Overlay" : false,
                            "ResponsiveLayout" : false,
                            "ShowDataLoading" : true,
                            "ShowExpandCollapseTab" : false,
                            "SourceURL" : "",
                            "Style" : "DefaultContainerStyle",
                            "StyleProperties" : { },
                            "Type" : "flexcontainer",
                            "UseTheme" : true,
                            "Visible" : true,
                            "Z-index" : 10,
                            "__TypeDisplayName" : "Responsive Container",
                            "align-content" : "flex-start",
                            "align-items" : "flex-start",
                            "flex-basis" : "auto",
                            "flex-direction" : "row",
                            "flex-grow" : 1,
                            "flex-max-height" : "",
                            "flex-max-width" : "",
                            "flex-min-height" : "",
                            "flex-min-width" : "",
                            "flex-shrink" : 1,
                            "flex-size" : "default",
                            "flex-wrap" : "nowrap",
                            "iconClass" : "widgets-flexcontainer",
                            "isLocked" : true,
                            "justify-content" : "flex-start",
                            "positioning" : "responsive",
                            "userCannotRemove" : true
                          },
                          "Widgets" : [ {
                            "Properties" : {
                              "Area" : "UI",
                              "DisplayName" : "mashupcontainer-17",
                              "Height" : 300,
                              "Id" : "mashupcontainer-17",
                              "LastContainer" : false,
                              "Left" : 0,
                              "MashupParameters" : [ {
                                "BaseType" : "INFOTABLE",
                                "Description" : "Selected Parts",
                                "ParameterName" : "SelectedParts",
                                "ParmDef" : {
                                  "aspects" : {
                                    "bindingDirection" : "BOTH",
                                    "dataShape" : "PTC.SCA.SCO.MaterialsListEntry",
                                    "isMandatory" : "false",
                                    "ordinal" : "2"
                                  },
                                  "baseType" : "INFOTABLE",
                                  "description" : "Selected Parts",
                                  "name" : "SelectedParts",
                                  "ordinal" : 0
                                }
                              }, {
                                "BaseType" : "INFOTABLE",
                                "Description" : "Selected Rows",
                                "ParameterName" : "SelectedRows",
                                "ParmDef" : {
                                  "aspects" : {
                                    "bindingDirection" : "BOTH",
                                    "dataShape" : "",
                                    "isMandatory" : "false",
                                    "ordinal" : "1"
                                  },
                                  "baseType" : "INFOTABLE",
                                  "description" : "Selected Rows",
                                  "name" : "SelectedRows",
                                  "ordinal" : 0
                                }
                              }, {
                                "BaseType" : "STRING",
                                "Description" : "Work Definition UID",
                                "ParameterName" : "WorkDefinitionUID",
                                "ParmDef" : {
                                  "aspects" : {
                                    "bindingDirection" : "IN",
                                    "isMandatory" : "false",
                                    "ordinal" : "0"
                                  },
                                  "baseType" : "STRING",
                                  "description" : "Work Definition UID",
                                  "name" : "WorkDefinitionUID",
                                  "ordinal" : 0
                                }
                              } ],
                              "Name" : "PTC.SCA.SCO.WorkDefinition.InfoTabContainedMashup",
                              "ResizeToContent" : false,
                              "ResponsiveLayout" : true,
                              "ShowDataLoading" : true,
                              "TabSequenceGroup" : 0,
                              "Top" : 20,
                              "Type" : "mashupcontainer",
                              "Visible" : true,
                              "Width" : 400,
                              "Z-index" : 10,
                              "__TypeDisplayName" : "Contained Mashup"
                            },
                            "Widgets" : [ ]
                          } ]
                        }, {
                          "Properties" : {
                            "Area" : "UI",
                            "DisplayName" : "container-19",
                            "EnableExpandCollapse" : false,
                            "Expanded" : true,
                            "Id" : "flexcontainer-19",
                            "LastContainer" : false,
                            "Overlay" : false,
                            "ResponsiveLayout" : false,
                            "ShowDataLoading" : true,
                            "ShowExpandCollapseTab" : false,
                            "SourceURL" : "",
                            "Style" : "DefaultContainerStyle",
                            "StyleProperties" : { },
                            "Type" : "flexcontainer",
                            "UseTheme" : true,
                            "Visible" : true,
                            "Z-index" : 10,
                            "__TypeDisplayName" : "Responsive Container",
                            "align-content" : "flex-start",
                            "align-items" : "flex-start",
                            "flex-basis" : "auto",
                            "flex-direction" : "row",
                            "flex-grow" : "1",
                            "flex-max-height" : "120px",
                            "flex-max-width" : "",
                            "flex-min-height" : "120px",
                            "flex-min-width" : "",
                            "flex-shrink" : "1",
                            "flex-size" : "fixed",
                            "flex-wrap" : "nowrap",
                            "iconClass" : "widgets-flexcontainer-fixed",
                            "isLocked" : false,
                            "justify-content" : "flex-start",
                            "positioning" : "responsive",
                            "userCannotRemove" : false
                          },
                          "Widgets" : [ {
                            "Properties" : {
                              "Area" : "UI",
                              "DisplayName" : "mashupcontainer-20",
                              "Height" : 300,
                              "Id" : "mashupcontainer-20",
                              "LastContainer" : false,
                              "Left" : 0,
                              "MashupParameters" : [ {
                                "BaseType" : "STRING",
                                "Description" : "",
                                "ParameterName" : "UID",
                                "ParmDef" : {
                                  "aspects" : {
                                    "bindingDirection" : "IN",
                                    "isMandatory" : "false",
                                    "ordinal" : "0"
                                  },
                                  "baseType" : "STRING",
                                  "description" : "",
                                  "name" : "UID",
                                  "ordinal" : 0
                                }
                              } ],
                              "Name" : "PTC.SCA.SCO.TextualWorkInstructionsMashup",
                              "ResizeToContent" : false,
                              "ResponsiveLayout" : true,
                              "ShowDataLoading" : true,
                              "TabSequenceGroup" : 0,
                              "Top" : 0,
                              "Type" : "mashupcontainer",
                              "Visible" : true,
                              "Width" : 400,
                              "Z-index" : 10,
                              "__TypeDisplayName" : "Contained Mashup"
                            },
                            "Widgets" : [ ]
                          } ]
                        } ]
                      }, {
                        "Properties" : {
                          "Area" : "UI",
                          "DisplayName" : "ptcsdynamicpanel-13 #2",
                          "EnableExpandCollapse" : false,
                          "Expanded" : true,
                          "Id" : "flexcontainer-15",
                          "LastContainer" : false,
                          "Overlay" : false,
                          "ResponsiveLayout" : false,
                          "ShowDataLoading" : true,
                          "ShowExpandCollapseTab" : false,
                          "SourceURL" : "",
                          "Style" : "DefaultContainerStyle",
                          "StyleProperties" : { },
                          "Type" : "flexcontainer",
                          "UseTheme" : true,
                          "Visible" : true,
                          "Z-index" : 10,
                          "__TypeDisplayName" : "Responsive Container",
                          "align-content" : "flex-start",
                          "align-items" : "flex-start",
                          "flex-basis" : "auto",
                          "flex-direction" : "row",
                          "flex-grow" : 1,
                          "flex-max-height" : "",
                          "flex-max-width" : "",
                          "flex-min-height" : "",
                          "flex-min-width" : "",
                          "flex-shrink" : 1,
                          "flex-size" : "default",
                          "flex-wrap" : "nowrap",
                          "iconClass" : "widgets-flexcontainer",
                          "justify-content" : "flex-start",
                          "positioning" : "responsive",
                          "userCannotRemove" : true
                        },
                        "Widgets" : [ {
                          "Properties" : {
                            "Area" : "UI",
                            "DisplayName" : "mashupcontainer-16",
                            "Height" : 300,
                            "Id" : "mashupcontainer-16",
                            "LastContainer" : false,
                            "Left" : 0,
                            "MashupParameters" : [ {
                              "BaseType" : "INFOTABLE",
                              "Description" : "Selected Parts",
                              "ParameterName" : "SelectedParts",
                              "ParmDef" : {
                                "aspects" : {
                                  "bindingDirection" : "BOTH",
                                  "dataShape" : "PTC.SCA.SCO.MaterialsListEntry",
                                  "isMandatory" : "false",
                                  "ordinal" : "1"
                                },
                                "baseType" : "INFOTABLE",
                                "description" : "Selected Parts",
                                "name" : "SelectedParts",
                                "ordinal" : 0
                              }
                            }, {
                              "BaseType" : "INFOTABLE",
                              "Description" : "Selected Rows",
                              "ParameterName" : "SelectedRows",
                              "ParmDef" : {
                                "aspects" : {
                                  "bindingDirection" : "BOTH",
                                  "dataShape" : "",
                                  "isMandatory" : "false",
                                  "ordinal" : "2"
                                },
                                "baseType" : "INFOTABLE",
                                "description" : "Selected Rows",
                                "name" : "SelectedRows",
                                "ordinal" : 0
                              }
                            }, {
                              "BaseType" : "STRING",
                              "Description" : "",
                              "ParameterName" : "WorkDefinitionUID",
                              "ParmDef" : {
                                "aspects" : {
                                  "bindingDirection" : "IN",
                                  "isMandatory" : "false",
                                  "ordinal" : "0"
                                },
                                "baseType" : "STRING",
                                "description" : "",
                                "name" : "WorkDefinitionUID",
                                "ordinal" : 0
                              }
                            } ],
                            "Name" : "PTC.SCA.SCO.MaterialsListMashup",
                            "ResizeToContent" : false,
                            "ResponsiveLayout" : true,
                            "ShowDataLoading" : true,
                            "TabSequenceGroup" : 0,
                            "Top" : 5,
                            "Type" : "mashupcontainer",
                            "Visible" : true,
                            "Width" : 400,
                            "Z-index" : 10,
                            "__TypeDisplayName" : "Contained Mashup"
                          },
                          "Widgets" : [ ]
                        } ]
                      } ]
                    } ]
                  }, {
                    "Properties" : {
                      "Area" : "UI",
                      "DisplayName" : "container-5",
                      "EnableExpandCollapse" : false,
                      "Expanded" : true,
                      "Id" : "flexcontainer-5",
                      "LastContainer" : false,
                      "Overlay" : false,
                      "ResponsiveLayout" : false,
                      "ShowDataLoading" : true,
                      "ShowExpandCollapseTab" : false,
                      "SourceURL" : "",
                      "Style" : "DefaultContainerStyle",
                      "StyleProperties" : { },
                      "Type" : "flexcontainer",
                      "UseTheme" : false,
                      "Visible" : true,
                      "Z-index" : 10,
                      "__TypeDisplayName" : "Responsive Container",
                      "align-content" : "flex-start",
                      "align-items" : "flex-end",
                      "flex-basis" : "auto",
                      "flex-direction" : "row",
                      "flex-grow" : "1",
                      "flex-max-height" : "250px",
                      "flex-max-width" : "",
                      "flex-min-height" : "250px",
                      "flex-min-width" : "",
                      "flex-shrink" : "1",
                      "flex-size" : "fixed",
                      "flex-wrap" : "nowrap",
                      "iconClass" : "widgets-flexcontainer-fixed",
                      "isLocked" : false,
                      "justify-content" : "flex-start",
                      "positioning" : "responsive",
                      "userCannotRemove" : false
                    },
                    "Widgets" : [ {
                      "Properties" : {
                        "Area" : "UI",
                        "DisplayName" : "mashupcontainer-7",
                        "Height" : 300,
                        "Id" : "mashupcontainer-7",
                        "LastContainer" : false,
                        "Left" : 145,
                        "MashupParameters" : [ {
                          "BaseType" : "STRING",
                          "Description" : "",
                          "ParameterName" : "UID",
                          "ParmDef" : {
                            "aspects" : {
                              "bindingDirection" : "BOTH",
                              "isMandatory" : "false",
                              "ordinal" : "1"
                            },
                            "baseType" : "STRING",
                            "description" : "",
                            "name" : "UID",
                            "ordinal" : 0
                          }
                        }, {
                          "BaseType" : "STRING",
                          "Description" : "",
                          "ParameterName" : "WorkDefinitionUID",
                          "ParmDef" : {
                            "aspects" : {
                              "bindingDirection" : "BOTH",
                              "isMandatory" : "false",
                              "ordinal" : "0"
                            },
                            "baseType" : "STRING",
                            "description" : "",
                            "name" : "WorkDefinitionUID",
                            "ordinal" : 0
                          }
                        } ],
                        "Name" : "PTC.SCA.SCO.WorkDefinitionHorizontalSequentialNavigation",
                        "ResizeToContent" : false,
                        "ResponsiveLayout" : true,
                        "ShowDataLoading" : true,
                        "TabSequenceGroup" : 0,
                        "Top" : 15,
                        "Type" : "mashupcontainer",
                        "Visible" : true,
                        "Width" : 400,
                        "Z-index" : 10,
                        "__TypeDisplayName" : "Contained Mashup"
                      },
                      "Widgets" : [ ]
                    } ]
                  } ]
                } ]
              },
              "mashupType" : "mashup"
            }
            ]]>
            </mashupContent>
            <preview></preview>
        </Mashup>
    </Mashups>
</Entities>
