<?xml version="1.0" encoding="utf-8"?><Entities><ExtensionPackages><ExtensionPackage name="KEPServerMonitor-customization-9.1.0-02-extension" haCompatible="true" description="KEPServerMonitor Extension Customization" vendor="PTC" packageVersion="9.1.0" buildNumber="02" minimumThingWorxVersion="8.1.0" dependsOn="KEPServerMonitor-extension:9.1.0" licensed="true" licenseName="twx_mfg_common" namedLicensedGroup="twx_mfg_common_named"><Licensed><Entity name="PTC.Factory.KEPServerEX.C_ListServers_9.1.0_02"></Entity></Licensed><JarResources><FileResource file="mfg-KEPServerMonitor-customization-extension.jar" type="JAR"></FileResource></JarResources></ExtensionPackage></ExtensionPackages></Entities>