<?xml version="1.0" encoding="UTF-8"?>
<Entities>
    <Widgets>
        <Widget
         name="CustomCSS">
            <UIResources>
                <FileResource
                 file="CustomCSS.ide.js"
                 isDevelopment="true"
                 isRuntime="false"
                 type="JS"></FileResource>
                <FileResource
                 file="CustomCSS.runtime.js"
                 isDevelopment="false"
                 isRuntime="true"
                 type="JS"></FileResource>
                <FileResource
                 file="AssetMonitor.css"
                 isDevelopment="true"
                 isRuntime="false"
                 type="CSS"></FileResource>
                <FileResource
                 file="AssetMonitor.css"
                 isDevelopment="false"
                 isRuntime="true"
                 type="CSS"></FileResource>
                <FileResource
                 file="AlertMonitor.css"
                 isDevelopment="true"
                 isRuntime="false"
                 type="CSS"></FileResource>
                <FileResource
                 file="AlertMonitor.css"
                 isDevelopment="false"
                 isRuntime="true"
                 type="CSS"></FileResource>
                <FileResource
                 file="CheckboxList.css"
                 isDevelopment="true"
                 isRuntime="false"
                 type="CSS"></FileResource>
                <FileResource
                 file="CheckboxList.css"
                 isDevelopment="false"
                 isRuntime="true"
                 type="CSS"></FileResource>
            </UIResources>
        </Widget>
    </Widgets>
</Entities>
