<?xml version="1.0" encoding="utf-8"?><Entities><ExtensionPackages><ExtensionPackage name="KEPServerPlantstatus-customization-9.1.0-02-extension" haCompatible="true" description="KEPServerPlantstatus Extension Customization" vendor="PTC" packageVersion="9.1.0" buildNumber="02" minimumThingWorxVersion="8.1.0" dependsOn="KEPServerPlantstatus-extension:9.1.0" licensed="true" licenseName="twx_prd_adv" namedLicensedGroup="twx_prd_adv_named"><Licensed><Entity name="PTC.Factory.C_PlantStatus_9.1.0_02"></Entity></Licensed><JarResources><FileResource file="mfg-KEPServerPlantstatus-customization-extension.jar" type="JAR"></FileResource></JarResources></ExtensionPackage></ExtensionPackages></Entities>