<?xml version="1.0" encoding="UTF-8"?>
<Entities>
	<ExtensionPackages>
		<ExtensionPackage name="textboxValidate_ExtensionPackage"
						  description="Textbox Widget with Character Requirements as Properties"
						  vendor="ThingWorx UI"
						  packageVersion="3.0.2"
						  minimumThingWorxVersion="4.0.0"
						  haCompatible="true"/>
	</ExtensionPackages>
	<StyleDefinitions>
		<StyleDefinition aspect.isExtension="true" description="Invalid Text Input " documentationContent="" homeMashup="" lastModifiedDate="2016-10-19T21:29:14.101-07:00" name="InvalidTextBoxStyle" projectName="" tags="">
			<Owner name="SuperUser" type="User"/>
			<avatar/>
			<DesignTimePermissions>
				<Create/>
				<Read/>
				<Update/>
				<Delete/>
				<Metadata/>
			</DesignTimePermissions>
			<RunTimePermissions/>
			<VisibilityPermissions>
				<Visibility/>
			</VisibilityPermissions>
			<ConfigurationTables/>
			<content><![CDATA[{"backgroundColor":"#f8eced","textSize":"normal","lineStyle":"solid","fontEmphasisUnderline":false,"displayString":"InvalidTextBoxStyle","fontEmphasisItalic":false,"lineThickness":2,"lineColor":"#fc8f96","foregroundColor":"","fontEmphasisBold":false,"secondaryBackgroundColor":""}]]></content>
			<ConfigurationChanges>
				<ConfigurationChange changeAction="CREATE" changeReason="Importing Extension Package Metadata" timestamp="2016-10-19T21:29:14.101-07:00" user="SuperUser"/>
			</ConfigurationChanges>
		</StyleDefinition>
		<StyleDefinition aspect.isExtension="true" description="Validated Text Input Field" documentationContent="" homeMashup="" lastModifiedDate="2016-10-19T21:29:13.882-07:00" name="ValidTextBoxStyle" projectName="" tags="">
			<Owner name="SuperUser" type="User"/>
			<avatar/>
			<DesignTimePermissions>
				<Create/>
				<Read/>
				<Update/>
				<Delete/>
				<Metadata/>
			</DesignTimePermissions>
			<RunTimePermissions/>
			<VisibilityPermissions>
				<Visibility/>
			</VisibilityPermissions>
			<ConfigurationTables/>
			<content><![CDATA[{"backgroundColor":"#ecf5ea","textSize":"normal","lineStyle":"solid","fontEmphasisUnderline":false,"displayString":"ValidTextBoxStyle","fontEmphasisItalic":false,"lineThickness":2,"lineColor":"#9adc84","foregroundColor":"","fontEmphasisBold":false,"secondaryBackgroundColor":""}]]></content>
			<ConfigurationChanges>
				<ConfigurationChange changeAction="CREATE" changeReason="Importing Extension Package Metadata" timestamp="2016-10-19T21:29:13.882-07:00" user="SuperUser"/>
			</ConfigurationChanges>
		</StyleDefinition>
	</StyleDefinitions>
	<Widgets>
		<Widget name="textboxValidate">
			<UIResources>
				<!-- Studio ONLY -->
				<FileResource type="CSS" file="textbox.ide.css"
					description="" isDevelopment="true" isRuntime="false" />
				<FileResource type="JS" file="textbox.ide.js"
					description="" isDevelopment="true" isRuntime="false" />
				<!-- Runtime/Squeal ONLY -->
				<FileResource type="CSS" file="textbox.runtime.css"
					description="" isDevelopment="false" isRuntime="true" />
				<FileResource type="JS" file="textbox.runtime.js"
					description="" isDevelopment="false" isRuntime="true" />
			</UIResources>
		</Widget>
	</Widgets>
</Entities>
