<?xml version="1.0" encoding="UTF-8"?>
<Entities build="latest" majorVersion="0" minorVersion="0" revision="0" schemaVersion="1040">
  <DataShapes>
    <DataShape
      description="Properties of a remote session viewer and the remote server matching configuration for it."
      name="RemoteSessionViewer"
      tags="Applications:RemoteAccess">
      <FieldDefinitions>
        <FieldDefinition
          aspect.isPrimaryKey="false"
          baseType="JSON"
          description="Configuration data to be returned along with the calculated downloadURL"
          name="clientConfiguration"
          ordinal="6"></FieldDefinition>
        <FieldDefinition
          aspect.isPrimaryKey="false"
          baseType="BOOLEAN"
          description="Should this application be used as a default even if the serverConfiguration does not match"
          name="default"
          ordinal="4"></FieldDefinition>
        <FieldDefinition
          aspect.isPrimaryKey="false"
          aspect.isRequired="true"
          baseType="STRING"
          description="Contains the name of the endpoint for the viewer application"
          name="endpointName"
          ordinal="1"></FieldDefinition>
        <FieldDefinition
          aspect.isPrimaryKey="false"
          aspect.isRequired="true"
          baseType="STRING"
          description="Operating System supported for this viewer"
          name="os"
          ordinal="3"></FieldDefinition>
        <FieldDefinition
          aspect.isPrimaryKey="false"
          baseType="STRING"
          description="Path from the ExternalApplicationServerURL to download this viewer"
          name="downloadPath"
          ordinal="2"></FieldDefinition>
        <FieldDefinition
          aspect.isPrimaryKey="false"
          baseType="JSON"
          description="Data to be used for configuration matching"
          name="serverConfiguration"
          ordinal="5"></FieldDefinition>
      </FieldDefinitions>
    </DataShape>
  </DataShapes>
</Entities>