<?xml version="1.0" encoding="UTF-8" standalone="no"?>
<Entities build="latest" majorVersion="0" minorVersion="0" revision="0" schemaVersion="931">
 <DataShapes>
  <DataShape description="ThingWorx Internal Remote Session configuration parameters." name="ThingworxInternal.SessionParametersProviderConfig"
   tags="Applications:ACE">
   <FieldDefinitions>
     <FieldDefinition aspect.dataShape="TunnelSession" baseType="INFOTABLE" description="InfoTable containing the ThingWorx TunnelSession information" name="tunnelSession" ordinal="1"/>
     <FieldDefinition baseType="INTEGER" description="Idle tunnel timeout in seconds" name="timeout" ordinal="2"/>
   </FieldDefinitions>
  </DataShape>
 </DataShapes>
</Entities>