<?xml version="1.0" encoding="UTF-8" standalone="no"?>
<Entities build="b453" majorVersion="6" minorVersion="0" revision="1" schemaVersion="803">
  <LocalizationTables>
    <LocalizationTable description="Default localization table" languageCommon="English" languageNative="English" name="Default"
              tags="Applications:RemoteAccess">
      <ConfigurationTables>
        <ConfigurationTable description="Localization Tokens" isMultiRow="true" name="LocalizationTokens" ordinal="0">
          <DataShape>
            <FieldDefinitions>
              <FieldDefinition baseType="STRING" description="Token name" name="name" ordinal="0"/>
              <FieldDefinition baseType="STRING" description="Token value" name="value" ordinal="1"/>
            </FieldDefinitions>
          </DataShape>
          <Rows>
            <Row>
              <name><![CDATA[audit.rae.SessionCreated]]></name>
              <value><![CDATA[Remote session __sessionId__ started by __createdBy__]]></value>
            </Row>
            <Row>
              <name><![CDATA[audit.rae.SessionCompleted]]></name>
              <value><![CDATA[Remote session __sessionId__ completed for __createdBy__]]></value>
            </Row>
            <Row>
              <name><![CDATA[Remote Access Subsystem]]></name>
              <value><![CDATA[Remote Access Subsystem]]></value>
            </Row>
            <Row>
              <name><![CDATA[RAS_ConfigTableName]]></name>
              <value><![CDATA[Remote Access Subsystem Settings]]></value>
            </Row>
            <Row>
              <name><![CDATA[config.ras.MaxSessionsToReturn]]></name>
              <value><![CDATA[Maximum Number of Sessions to Return from Data Storage]]></value>
            </Row>
            <Row>
              <name><![CDATA[config.ras.ClientResponseTimeout]]></name>
              <value><![CDATA[Timeout to indicate that the RemoteAccess Client is not installed locally]]></value>
            </Row>
            <Row>
              <name><![CDATA[config.ras.MaxSessionDuration]]></name>
              <value><![CDATA[Maximum Session Duration (in hours)]]></value>
            </Row>
            <Row>
              <name><![CDATA[config.ras.InactiveSessionTimeout]]></name>
              <value><![CDATA[Inactive Session Timeout (in minutes)]]></value>
            </Row>
          </Rows>
        </ConfigurationTable>
      </ConfigurationTables>
    </LocalizationTable>
  </LocalizationTables>
</Entities>