<?xml version="1.0" encoding="UTF-8"?>
<Entities
 build="b441"
 majorVersion="8"
 minorVersion="4"
 modelPersistenceProviderPackage="PostgresPersistenceProviderPackage"
 revision="0"
 schemaVersion="1040"
 universal="">
    <StyleDefinitions>
        <StyleDefinition
         description="***DEPRECATED-L*** This entity will be deleted in a future release. "
         documentationContent=""
         homeMashup=""
         lastModifiedDate="2018-07-30T12:03:01.182-04:00"
         name="PTC.SCA.SCO.ControlsAdvisor.NITestStandLastSequencePass"
         projectName="PTC.SCA.SCO.NITestStand"
         tags="PTC:sca-sco-niteststand;">
            <avatar></avatar>
            <DesignTimePermissions>
                <Create></Create>
                <Read></Read>
                <Update></Update>
                <Delete></Delete>
                <Metadata></Metadata>
            </DesignTimePermissions>
            <RunTimePermissions></RunTimePermissions>
            <VisibilityPermissions>
                <Visibility></Visibility>
            </VisibilityPermissions>
            <ConfigurationTableDefinitions></ConfigurationTableDefinitions>
            <ConfigurationTables></ConfigurationTables>
            <content>
            <![CDATA[
            {
              "backgroundColor" : "rgba(62,197,86,1)",
              "displayString" : "",
              "fontEmphasisBold" : false,
              "fontEmphasisItalic" : false,
              "fontEmphasisUnderline" : false,
              "foregroundColor" : "rgba(62,197,86,1)",
              "image" : "",
              "lineColor" : "rgba(62,197,86,1)",
              "lineStyle" : "solid",
              "lineThickness" : 1,
              "secondaryBackgroundColor" : "rgba(62,197,86,1)",
              "textSize" : "xxl"
            }
            ]]>
            </content>
        </StyleDefinition>
    </StyleDefinitions>
</Entities>
