<?xml version="1.0" encoding="UTF-8"?>
<Entities
 build="b3030"
 majorVersion="0"
 minorVersion="0"
 modelPersistenceProviderPackage="NeoPersistenceProviderPackage"
 revision="0"
 schemaVersion="940">
    <StateDefinitions>
        <StateDefinition
         aspect.isEditableExtensionObject="false"
         aspect.isExtension="true"
         description="State used to indicate server type {PTC.Factory.KepserverList.ServerType}"
         documentationContent=""
         homeMashup=""
         lastModifiedDate="2017-05-01T17:03:17.866-04:00"
         name="PTC.Factory.KepserverList.ServerType"
         projectName="PTC.SCA.SCO.KEPServerEX Monitor"
         tags="PTC:sca-sco;PTC:StateDefinition;PTC:sca-sco-kepserverexmonitor">
            <avatar></avatar>
            <DesignTimePermissions>
                <Create></Create>
                <Read></Read>
                <Update></Update>
                <Delete></Delete>
                <Metadata></Metadata>
            </DesignTimePermissions>
            <RunTimePermissions></RunTimePermissions>
            <VisibilityPermissions>
                <Visibility></Visibility>
            </VisibilityPermissions>
            <ConfigurationTables></ConfigurationTables>
            <content>
            <![CDATA[
            {"stateDefinitions":[{"displayString":"","defaultStyleDefinition":"","defaultValue":"RemoteServers","name":"","description":""},{"displayString":"","defaultStyleDefinition":"","defaultValue":"AgregateServers","name":"","description":""},{"displayString":"RemoteServers","defaultStyleDefinition":"","name":"RemoteServers","description":""}],"stateType":"string"}
            ]]>
            </content>
        </StateDefinition>
    </StateDefinitions>
</Entities>
