<?xml version="1.0" encoding="utf-8"?><Entities><ExtensionPackages><ExtensionPackage name="AssetMonitor-customization-9.1.0-02-extension" haCompatible="true" description="Asset Monitor Extension Customization" vendor="PTC" packageVersion="9.1.0" buildNumber="02" minimumThingWorxVersion="8.1.0" dependsOn="AssetMonitor-extension:9.1.0" licensed="true" licenseName="twx_asst_adv" namedLicensedGroup="twx_asst_adv_named"><Licensed><Entity name="PTC.SCA.SCO.AssetMonitor.AssetList.C_AssetListContainerMashup_9.1.0_02"></Entity></Licensed><JarResources><FileResource file="sco-AssetMonitor-customization-extension.jar" type="JAR"></FileResource></JarResources></ExtensionPackage></ExtensionPackages></Entities>