<?xml version="1.0" encoding="UTF-8"?>
<Entities
 build="b3226"
 majorVersion="0"
 minorVersion="0"
 modelPersistenceProviderPackage="NeoPersistenceProviderPackage"
 revision="0"
 schemaVersion="1000">
    <MediaEntities>
        <MediaEntity
         description="Disabled 'Bind Tag' {PTC.SCA.SCO.BindTagDisIcon}"
         documentationContent=""
         homeMashup=""
         lastModifiedDate="2017-05-23T11:53:07.576-04:00"
         name="PTC.SCA.SCO.BindTagDisIcon"
         projectName="PTC.SCA.SCO.KEPServerEX Monitor"
         tags="PTC:sca-sco;PTC:MediaEntity;PTC:sca-sco-kepserverexmonitor">
            <avatar></avatar>
            <DesignTimePermissions>
                <Create></Create>
                <Read></Read>
                <Update></Update>
                <Delete></Delete>
                <Metadata></Metadata>
            </DesignTimePermissions>
            <RunTimePermissions></RunTimePermissions>
            <VisibilityPermissions>
                <Visibility>
                    <Principal
                     isPermitted="true"
                     name="PTC.Factory.MachineVisibility"
                     type="Organization"></Principal>
                </Visibility>
            </VisibilityPermissions>
            <content>
            <![CDATA[
            iVBORw0KGgoAAAANSUhEUgAAAAwAAAAMCAYAAABWdVznAAAAaUlEQVR42mNYtGhRAxD/R8PngViA
            ARuAKnCAagyAis3HqQmqoQGKzyOJY9cE1RAAlVyPJgfTZICigQEPgGp6D9cEZNwHCRKtCURAOYQ0
            rQepg3HwakKST8AviEccqyRexVg0NRBUTIwzANXWqbPbXFOhAAAAAElFTkSuQmCC
            ]]>
            </content>
        </MediaEntity>
    </MediaEntities>
</Entities>
