<?xml version="1.0" encoding="UTF-8"?>
<Entities
 build="b198"
 majorVersion="8"
 minorVersion="3"
 modelPersistenceProviderPackage="PostgresPersistenceProviderPackage"
 revision="0"
 schemaVersion="1030"
 universal="">
    <Mashups>
        <Mashup
         aspect.isEditableExtensionObject="true"
         aspect.isExtension="true"
         aspect.isResponsive="false"
         aspect.mashupType="mashup"
         columns="0.0"
         description="Mashup used to display basic information about a job order {PTC.SCA.SCO.JobOrder.SummaryContainerSimpleMashup}"
         documentationContent=""
         homeMashup=""
         lastModifiedDate="2018-05-03T13:28:42.561-04:00"
         name="PTC.SCA.SCO.JobOrder.C_SummaryContainerSimpleMashup_9.1.0_02"
         projectName="PTC.SCA.SCO.JobOrder.ListDisplay"
         rows="0.0"
         tags="PTC:sca-sco;PTC:Mashup;PTC:sca-sco-joborder-listdisplay">
            <avatar></avatar>
            <DesignTimePermissions>
                <Create></Create>
                <Read></Read>
                <Update></Update>
                <Delete></Delete>
                <Metadata></Metadata>
            </DesignTimePermissions>
            <RunTimePermissions></RunTimePermissions>
            <VisibilityPermissions></VisibilityPermissions>
            <ConfigurationTables></ConfigurationTables>
            <ParameterDefinitions>
                <FieldDefinition
                 aspect.ordinal="0"
                 baseType="STRING"
                 description=""
                 name="UID"
                 ordinal="0"></FieldDefinition>
            </ParameterDefinitions>
            <Things>
                <Thing>PTC.SCA.SCO.ProductionOrderUtils</Thing>
            </Things>
            <ThingShapes></ThingShapes>
            <ThingTemplates></ThingTemplates>
            <mashupContent>
            <![CDATA[
            {
              "CustomMashupCss" : ".widget-panel {\n\tborder-radius: 6px;\n    border-left-style: none !important;\n}\n",
              "Data" : {
                "Session" : {
                  "DataName" : "Session",
                  "EntityName" : "",
                  "EntityType" : "Session",
                  "Id" : "session",
                  "Services" : [ {
                    "APIMethod" : "post",
                    "Characteristic" : "Services",
                    "Id" : "SessionInterface",
                    "Name" : "GetGlobalSessionValues",
                    "Parameters" : { },
                    "RefreshInterval" : 0,
                    "Target" : "GetGlobalSessionValues"
                  } ]
                },
                "Things_PTC.SCA.SCO.ProductionOrderUtils" : {
                  "DataName" : "Things_PTC.SCA.SCO.ProductionOrderUtils",
                  "EntityName" : "PTC.SCA.SCO.ProductionOrderUtils",
                  "EntityType" : "Things",
                  "Id" : "de8c09a9-174b-4675-a90a-c4a5e0402f41",
                  "Services" : [ {
                    "APIMethod" : "post",
                    "Characteristic" : "Services",
                    "Id" : "fcdfca93-3768-409f-ad12-ef856dc4a61f",
                    "Name" : "GetJobOrderSummary",
                    "Parameters" : { },
                    "RefreshInterval" : 0,
                    "Target" : "GetJobOrderSummary"
                  } ]
                },
                "UserExtensions" : {
                  "DataName" : "UserExtensions",
                  "EntityName" : "",
                  "EntityType" : "UserExtensions",
                  "Id" : "UserExtensions",
                  "Services" : [ {
                    "APIMethod" : "post",
                    "Characteristic" : "Services",
                    "Id" : "UserExtensionInterface",
                    "Name" : "GetCurrentUserExtensionProperties",
                    "Parameters" : { },
                    "RefreshInterval" : 0,
                    "Target" : "GetCurrentUserExtensionProperties"
                  } ]
                }
              },
              "DataBindings" : [ {
                "Id" : "2094b8db-cb95-4291-b794-d518b4fb8c81",
                "PropertyMaps" : [ {
                  "SourceProperty" : "priorityDisplayString",
                  "SourcePropertyBaseType" : "STRING",
                  "SourcePropertyType" : "Data",
                  "TargetProperty" : "priorityDisplayString",
                  "TargetPropertyBaseType" : "STRING"
                } ],
                "SourceArea" : "Data",
                "SourceDetails" : "AllData",
                "SourceId" : "GetJobOrderSummary",
                "SourceSection" : "Things_PTC.SCA.SCO.ProductionOrderUtils",
                "TargetArea" : "UI",
                "TargetId" : "mashupcontainer-51",
                "TargetSection" : ""
              }, {
                "Id" : "cfa783e9-1bc4-4274-9d28-f52e3e56146a",
                "PropertyMaps" : [ {
                  "SourceProperty" : "dispatchStatusDisplayString",
                  "SourcePropertyBaseType" : "STRING",
                  "SourcePropertyType" : "Data",
                  "TargetProperty" : "dispatchStatusDisplayString",
                  "TargetPropertyBaseType" : "STRING"
                } ],
                "SourceArea" : "Data",
                "SourceDetails" : "AllData",
                "SourceId" : "GetJobOrderSummary",
                "SourceSection" : "Things_PTC.SCA.SCO.ProductionOrderUtils",
                "TargetArea" : "UI",
                "TargetId" : "mashupcontainer-51",
                "TargetSection" : ""
              }, {
                "Id" : "6c5c9ebd-672b-4a85-8079-c5b1ca3dea41",
                "PropertyMaps" : [ {
                  "SourceProperty" : "productionOrderNumber",
                  "SourcePropertyBaseType" : "STRING",
                  "SourcePropertyType" : "Data",
                  "TargetProperty" : "productionOrderNumber",
                  "TargetPropertyBaseType" : "STRING"
                } ],
                "SourceArea" : "Data",
                "SourceDetails" : "AllData",
                "SourceId" : "GetJobOrderSummary",
                "SourceSection" : "Things_PTC.SCA.SCO.ProductionOrderUtils",
                "TargetArea" : "UI",
                "TargetId" : "mashupcontainer-51",
                "TargetSection" : ""
              }, {
                "Id" : "2baf2d1c-1234-48a5-b1bf-3471f9d76ef0",
                "PropertyMaps" : [ {
                  "SourceProperty" : "typeDisplayString",
                  "SourcePropertyBaseType" : "STRING",
                  "SourcePropertyType" : "Data",
                  "TargetProperty" : "typeDisplayString",
                  "TargetPropertyBaseType" : "STRING"
                } ],
                "SourceArea" : "Data",
                "SourceDetails" : "AllData",
                "SourceId" : "GetJobOrderSummary",
                "SourceSection" : "Things_PTC.SCA.SCO.ProductionOrderUtils",
                "TargetArea" : "UI",
                "TargetId" : "mashupcontainer-51",
                "TargetSection" : ""
              }, {
                "Id" : "50da47c2-c46b-412f-ae0c-729e39e7c808",
                "PropertyMaps" : [ {
                  "SourceProperty" : "location",
                  "SourcePropertyBaseType" : "STRING",
                  "SourcePropertyType" : "Data",
                  "TargetProperty" : "location",
                  "TargetPropertyBaseType" : "STRING"
                } ],
                "SourceArea" : "Data",
                "SourceDetails" : "AllData",
                "SourceId" : "GetJobOrderSummary",
                "SourceSection" : "Things_PTC.SCA.SCO.ProductionOrderUtils",
                "TargetArea" : "UI",
                "TargetId" : "mashupcontainer-51",
                "TargetSection" : ""
              }, {
                "Id" : "435ea4a9-2002-49d9-a783-c725c386e7d6",
                "PropertyMaps" : [ {
                  "SourceProperty" : "workTypeDisplayString",
                  "SourcePropertyBaseType" : "STRING",
                  "SourcePropertyType" : "Data",
                  "TargetProperty" : "workTypeDisplayString",
                  "TargetPropertyBaseType" : "STRING"
                } ],
                "SourceArea" : "Data",
                "SourceDetails" : "AllData",
                "SourceId" : "GetJobOrderSummary",
                "SourceSection" : "Things_PTC.SCA.SCO.ProductionOrderUtils",
                "TargetArea" : "UI",
                "TargetId" : "mashupcontainer-51",
                "TargetSection" : ""
              }, {
                "Id" : "fc6ccc97-07df-42c5-a9dc-ae965d4a4aa5",
                "PropertyMaps" : [ {
                  "SourceProperty" : "dispatchStatus",
                  "SourcePropertyBaseType" : "INTEGER",
                  "SourcePropertyType" : "Data",
                  "TargetProperty" : "dispatchStatus",
                  "TargetPropertyBaseType" : "INTEGER"
                } ],
                "SourceArea" : "Data",
                "SourceDetails" : "AllData",
                "SourceId" : "GetJobOrderSummary",
                "SourceSection" : "Things_PTC.SCA.SCO.ProductionOrderUtils",
                "TargetArea" : "UI",
                "TargetId" : "mashupcontainer-51",
                "TargetSection" : ""
              }, {
                "Id" : "212b2347-9010-4e81-a038-97d0b569f713",
                "PropertyMaps" : [ {
                  "SourceProperty" : "UID",
                  "SourcePropertyBaseType" : "STRING",
                  "TargetProperty" : "UID",
                  "TargetPropertyBaseType" : "STRING",
                  "TargetPropertyType" : "Parameter"
                } ],
                "SourceArea" : "Mashup",
                "SourceId" : "mashup-root",
                "SourceSection" : "",
                "TargetArea" : "Data",
                "TargetId" : "GetJobOrderSummary",
                "TargetSection" : "Things_PTC.SCA.SCO.ProductionOrderUtils"
              }, {
                "Id" : "4b7799cc-2594-49a7-b3c7-f554d2c6b529",
                "PropertyMaps" : [ {
                  "SourceProperty" : "UID",
                  "SourcePropertyBaseType" : "STRING",
                  "SourcePropertyType" : "Property",
                  "TargetProperty" : "UID",
                  "TargetPropertyBaseType" : "STRING",
                  "TargetPropertyType" : "property"
                } ],
                "SourceArea" : "Mashup",
                "SourceId" : "mashup-root",
                "SourceSection" : "",
                "TargetArea" : "UI",
                "TargetId" : "mashupcontainer-51",
                "TargetSection" : ""
              }, {
                "Id" : "223ba349-3cd5-47a3-94e5-b3844be0a616",
                "PropertyMaps" : [ {
                  "SourceProperty" : "jobOrderID",
                  "SourcePropertyBaseType" : "STRING",
                  "SourcePropertyType" : "Field",
                  "TargetProperty" : "jobOrderID",
                  "TargetPropertyBaseType" : "STRING",
                  "TargetPropertyType" : "property"
                } ],
                "SourceArea" : "Data",
                "SourceDetails" : "AllData",
                "SourceId" : "GetJobOrderSummary",
                "SourceSection" : "Things_PTC.SCA.SCO.ProductionOrderUtils",
                "TargetArea" : "UI",
                "TargetId" : "mashupcontainer-51",
                "TargetSection" : ""
              } ],
              "DesignTimePermissions" : {
                "Create" : [ ],
                "Delete" : [ ],
                "Metadata" : [ ],
                "Read" : [ ],
                "Update" : [ ]
              },
              "Events" : [ {
                "EventHandlerArea" : "Data",
                "EventHandlerId" : "Things_PTC.SCA.SCO.ProductionOrderUtils",
                "EventHandlerService" : "GetJobOrderSummary",
                "EventTriggerArea" : "Mashup",
                "EventTriggerEvent" : "Loaded",
                "EventTriggerId" : "mashup-root",
                "EventTriggerSection" : "",
                "Id" : "a262f6f1-288c-4b0a-8d64-97027d7dbb92"
              }, {
                "EventHandlerArea" : "UI",
                "EventHandlerId" : "mashupcontainer-51",
                "EventHandlerService" : "Refresh",
                "EventTriggerArea" : "Data",
                "EventTriggerEvent" : "ServiceInvokeCompleted",
                "EventTriggerId" : "GetJobOrderSummary",
                "EventTriggerSection" : "Things_PTC.SCA.SCO.ProductionOrderUtils",
                "Id" : "221ba3dd-aaea-4a96-a55c-bd9515c3df41"
              } ],
              "RunTimePermissions" : {
                "permissions" : [ ]
              },
              "UI" : {
                "Properties" : {
                  "AddToDashboardButtonStyle" : "DefaultAddToDashboardButtonStyle",
                  "Area" : "Mashup",
                  "BGImageRepeat" : "no-repeat",
                  "BGImageSize" : "auto",
                  "Columns" : 0,
                  "ConfigureGadgetButtonStyle" : "DefaultConfigureGadgetButtonStyle",
                  "DisplayName" : "Mashup",
                  "EnableParameterEditing" : false,
                  "Height" : 199,
                  "Id" : "mashup-root",
                  "IgnoreWarningsInViewMashup" : false,
                  "IsPrintLayout" : false,
                  "Left" : 0,
                  "MashupToEditGadget" : "DefaultMashupToEditGadget",
                  "MinHeight" : 0,
                  "MinWidth" : 0,
                  "ResponsiveLayout" : false,
                  "Rows" : 0,
                  "ShowDataLoading" : true,
                  "Style" : {
                    "backgroundColor" : "",
                    "displayString" : "",
                    "fontEmphasisBold" : false,
                    "fontEmphasisItalic" : false,
                    "fontEmphasisUnderline" : false,
                    "foregroundColor" : "",
                    "image" : "",
                    "lineColor" : "",
                    "lineStyle" : "solid",
                    "lineThickness" : 1,
                    "secondaryBackgroundColor" : "",
                    "textSize" : "normal"
                  },
                  "Title" : "",
                  "TitleBar" : false,
                  "TitleBarStyle" : "DefaultTitleBarStyle",
                  "TitleBarText" : "Gadget Title Here",
                  "Top" : 0,
                  "Type" : "mashup",
                  "Visible" : true,
                  "Width" : 577,
                  "Z-index" : 10,
                  "__TypeDisplayName" : "Mashup",
                  "_currentParameterDefs" : [ {
                    "BaseType" : "STRING",
                    "Description" : "",
                    "ParameterName" : "UID"
                  } ],
                  "id_index" : 51,
                  "supportsAutoResize" : true
                },
                "Widgets" : [ {
                  "Properties" : {
                    "Area" : "UI",
                    "Description" : "",
                    "DisplayName" : "mashupcontainer-SummaryContainerCollectionMashup",
                    "Height" : 199,
                    "Id" : "mashupcontainer-51",
                    "Left" : 0,
                    "MashupParameters" : [ {
                      "BaseType" : "STRING",
                      "Description" : "",
                      "ParameterName" : "jobOrderID",
                      "ParmDef" : {
                        "aspects" : {
                          "ordinal" : "0"
                        },
                        "baseType" : "STRING",
                        "description" : "",
                        "name" : "jobOrderID",
                        "ordinal" : 0
                      }
                    }, {
                      "BaseType" : "STRING",
                      "Description" : "",
                      "ParameterName" : "priorityDisplayString",
                      "ParmDef" : {
                        "aspects" : {
                          "ordinal" : "1"
                        },
                        "baseType" : "STRING",
                        "description" : "",
                        "name" : "priorityDisplayString",
                        "ordinal" : 0
                      }
                    }, {
                      "BaseType" : "STRING",
                      "Description" : "",
                      "ParameterName" : "UID",
                      "ParmDef" : {
                        "aspects" : {
                          "ordinal" : "8"
                        },
                        "baseType" : "STRING",
                        "description" : "",
                        "name" : "UID",
                        "ordinal" : 0
                      }
                    }, {
                      "BaseType" : "STRING",
                      "Description" : "",
                      "ParameterName" : "dispatchStatusDisplayString",
                      "ParmDef" : {
                        "aspects" : {
                          "ordinal" : "6"
                        },
                        "baseType" : "STRING",
                        "description" : "",
                        "name" : "dispatchStatusDisplayString",
                        "ordinal" : 0
                      }
                    }, {
                      "BaseType" : "STRING",
                      "Description" : "",
                      "ParameterName" : "productionOrderNumber",
                      "ParmDef" : {
                        "aspects" : {
                          "ordinal" : "7"
                        },
                        "baseType" : "STRING",
                        "description" : "",
                        "name" : "productionOrderNumber",
                        "ordinal" : 0
                      }
                    }, {
                      "BaseType" : "STRING",
                      "Description" : "",
                      "ParameterName" : "typeDisplayString",
                      "ParmDef" : {
                        "aspects" : {
                          "ordinal" : "2"
                        },
                        "baseType" : "STRING",
                        "description" : "",
                        "name" : "typeDisplayString",
                        "ordinal" : 0
                      }
                    }, {
                      "BaseType" : "STRING",
                      "Description" : "",
                      "ParameterName" : "location",
                      "ParmDef" : {
                        "aspects" : {
                          "ordinal" : "3"
                        },
                        "baseType" : "STRING",
                        "description" : "",
                        "name" : "location",
                        "ordinal" : 0
                      }
                    }, {
                      "BaseType" : "STRING",
                      "Description" : "",
                      "ParameterName" : "workTypeDisplayString",
                      "ParmDef" : {
                        "aspects" : {
                          "ordinal" : "4"
                        },
                        "baseType" : "STRING",
                        "description" : "",
                        "name" : "workTypeDisplayString",
                        "ordinal" : 0
                      }
                    }, {
                      "BaseType" : "INTEGER",
                      "Description" : "",
                      "ParameterName" : "dispatchStatus",
                      "ParmDef" : {
                        "aspects" : {
                          "ordinal" : "5"
                        },
                        "baseType" : "INTEGER",
                        "description" : "",
                        "name" : "dispatchStatus",
                        "ordinal" : 0
                      }
                    } ],
                    "Name" : "PTC.SCA.SCO.JobOrder.SummaryContainerCollectionMashup",
                    "ResponsiveLayout" : false,
                    "ShowDataLoading" : true,
                    "TabSequenceGroup" : 0,
                    "Top" : 0,
                    "Type" : "mashupcontainer",
                    "Visible" : true,
                    "Width" : 577,
                    "Z-index" : 10,
                    "__TypeDisplayName" : "Contained Mashup"
                  },
                  "Widgets" : [ ]
                } ]
              },
              "mashupType" : "mashup"
            }
            ]]>
            </mashupContent>
        </Mashup>
    </Mashups>
</Entities>
