<?xml version="1.0" encoding="UTF-8"?>
<Entities
 build="b2893"
 majorVersion="0"
 minorVersion="0"
 modelPersistenceProviderPackage="PostgresPersistenceProviderPackage"
 revision="0"
 schemaVersion="940">
    <Projects>
        <Project
         dependsOn=""
         description="SCA/SCO project {PTC.SCA.SCO}"
         documentationContent=""
         homeMashup=""
         lastModifiedDate="2017-04-17T17:46:20.775Z"
         name="PTC.SCA.SCO"
         packageVersion="8.5.0"
         projectName="PTC.SCA.SCO.Common"
         tags="PTC:sca-sco-common;PTC:sca-common;PTC:Menu">
            <avatar></avatar>
            <DesignTimePermissions>
                <Create></Create>
                <Read></Read>
                <Update></Update>
                <Delete></Delete>
                <Metadata></Metadata>
            </DesignTimePermissions>
            <RunTimePermissions></RunTimePermissions>
            <VisibilityPermissions>
                <Visibility>
                    <Principal
                     isPermitted="true"
                     name="PTC.Factory.MachineVisibility"
                     type="Organization"></Principal>
                </Visibility>
            </VisibilityPermissions>
            <ConfigurationTables></ConfigurationTables>
        </Project>
    </Projects>
</Entities>
