<?xml version="1.0" encoding="UTF-8"?>
<Entities
 build="b158"
 majorVersion="7"
 minorVersion="4"
 modelPersistenceProviderPackage="PostgresPersistenceProviderPackage"
 revision="0"
 schemaVersion="940">
    <DataShapes>
        <DataShape
         aspect.isEditableExtensionObject="false"
         baseDataShape=""
         description="Shape holding identifying characteristics of an asset for use in display {PTC.SCA.SCO.AssetMonitor.AssetList.AssetIdentityDataShape}"
         documentationContent=""
         homeMashup=""
         lastModifiedDate="2017-03-29T20:59:49.609Z"
         name="PTC.SCA.SCO.AssetMonitor.AssetList.AssetIdentityDataShape"
         projectName="PTC.SCA.SCO.AssetList.Model"
         tags="PTC:sca-sco;PTC:DataShape;PTC:sca-sco-assetlist-model">
            <avatar></avatar>
            <DesignTimePermissions>
                <Create></Create>
                <Read></Read>
                <Update></Update>
                <Delete></Delete>
                <Metadata></Metadata>
            </DesignTimePermissions>
            <RunTimePermissions></RunTimePermissions>
            <VisibilityPermissions>
                <Visibility>
                    <Principal
                     isPermitted="true"
                     name="PTC.Factory.MachineVisibility:AssetPerformance"
                     type="OrganizationalUnit"></Principal>
                </Visibility>
            </VisibilityPermissions>
            <ConfigurationTables></ConfigurationTables>
            <FieldDefinitions>
                <FieldDefinition
                 aspect.isPrimaryKey="true"
                 baseType="STRING"
                 description=""
                 name="name"
                 ordinal="1"></FieldDefinition>
                <FieldDefinition
                 baseType="STRING"
                 description=""
                 name="displayName"
                 ordinal="2"></FieldDefinition>
                <FieldDefinition
                 baseType="IMAGE"
                 description=""
                 name="image"
                 ordinal="3"></FieldDefinition>
                <FieldDefinition
                 aspect.dataShape="PTC.SCA.SCO.Asset.AssetPropertyValues"
                 baseType="INFOTABLE"
                 description=""
                 name="attributes"
                 ordinal="4"></FieldDefinition>
                <FieldDefinition
                 baseType="STRING"
                 description=""
                 name="customClass"
                 ordinal="5"></FieldDefinition>
                <FieldDefinition
                 baseType="HYPERLINK"
                 description=""
                 name="detailPageLink"
                 ordinal="6"></FieldDefinition>
                <FieldDefinition
                 baseType="STRING"
                 description=""
                 name="actualStatusDisplayName"
                 ordinal="7"></FieldDefinition>
                <FieldDefinition
                 baseType="STRING"
                 description=""
                 name="contextName"
                 ordinal="8"></FieldDefinition>
            </FieldDefinitions>
        </DataShape>
    </DataShapes>
</Entities>
