<?xml version="1.0" encoding="UTF-8"?>
<Entities
 build="b795"
 majorVersion="8"
 minorVersion="4"
 modelPersistenceProviderPackage="PostgresPersistenceProviderPackage"
 revision="0"
 schemaVersion="1040"
 universal="">
    <DataShapes>
        <DataShape
         aspect.isEditableExtensionObject="false"
         aspect.isExtension="true"
         baseDataShape=""
         description="Return shape used by field Data for datashape PTC.SCA.SCO.AssetMonitor.AssetList.AssetCollectionPageInfoDataShape in service AssetListController.GetFilteredAssetCollection {PTC.SCA.SCO.AssetMonitor.AssetList.AssetInfoCollectionDataShape}"
         documentationContent=""
         homeMashup=""
         lastModifiedDate="2018-09-20T13:57:38.498-04:00"
         name="PTC.SCA.SCO.AssetMonitor.AssetList.AssetInfoCollectionDataShape"
         projectName="PTC.SCA.SCO.AssetList.Model"
         tags="PTC:sca-sco;PTC:DataShape;PTC:sca-sco-assetlist-model">
            <avatar></avatar>
            <DesignTimePermissions>
                <Create></Create>
                <Read></Read>
                <Update></Update>
                <Delete></Delete>
                <Metadata></Metadata>
            </DesignTimePermissions>
            <RunTimePermissions></RunTimePermissions>
            <VisibilityPermissions>
                <Visibility>
                    <Principal
                     isPermitted="true"
                     name="PTC.Factory.MachineVisibility"
                     type="Organization"></Principal>
                </Visibility>
            </VisibilityPermissions>
            <ConfigurationTableDefinitions></ConfigurationTableDefinitions>
            <ConfigurationTables></ConfigurationTables>
            <FieldDefinitions>
                <FieldDefinition
                 aspect.dataShape="PTC.SCA.SCO.AssetMonitor.AssetList.AssetIdentityDataShape"
                 aspect.isPrimaryKey="false"
                 baseType="INFOTABLE"
                 description=""
                 name="data"
                 ordinal="3"></FieldDefinition>
                <FieldDefinition
                 aspect.isPrimaryKey="false"
                 baseType="STRING"
                 description=""
                 name="displayName"
                 ordinal="2"></FieldDefinition>
                <FieldDefinition
                 aspect.isPrimaryKey="false"
                 baseType="STRING"
                 description=""
                 name="name"
                 ordinal="1"></FieldDefinition>
            </FieldDefinitions>
        </DataShape>
    </DataShapes>
</Entities>
