<?xml version="1.0" encoding="UTF-8"?>
<Entities
 build="b158"
 majorVersion="7"
 minorVersion="4"
 modelPersistenceProviderPackage="PostgresPersistenceProviderPackage"
 revision="0"
 schemaVersion="940">
    <DataShapes>
        <DataShape
         aspect.isEditableExtensionObject="false"
         baseDataShape=""
         description="Return shape for AssetFiltersController.GetFilterCounts. Fields contain localized strings with filter types and counts. {PTC.SCA.SCO.AssetMonitor.AssetList.FiltersDataShape}"
         documentationContent=""
         homeMashup=""
         lastModifiedDate="2017-04-08T21:33:12.062Z"
         name="PTC.SCA.SCO.AssetMonitor.AssetList.FiltersDataShape"
         projectName="PTC.SCA.SCO.AssetList.Model"
         tags="PTC:sca-sco;PTC:DataShape;PTC:sca-sco-assetlist-model">
            <avatar></avatar>
            <DesignTimePermissions>
                <Create></Create>
                <Read></Read>
                <Update></Update>
                <Delete></Delete>
                <Metadata></Metadata>
            </DesignTimePermissions>
            <RunTimePermissions></RunTimePermissions>
            <VisibilityPermissions>
                <Visibility></Visibility>
            </VisibilityPermissions>
            <ConfigurationTables></ConfigurationTables>
            <FieldDefinitions>
                <FieldDefinition
                 baseType="STRING"
                 description=""
                 name="UnplannedDowntimeStatus"
                 ordinal="1"></FieldDefinition>
                <FieldDefinition
                 baseType="STRING"
                 description=""
                 name="WarningStatus"
                 ordinal="2"></FieldDefinition>
                <FieldDefinition
                 baseType="STRING"
                 description=""
                 name="UnavailableStatus"
                 ordinal="3"></FieldDefinition>
                <FieldDefinition
                 baseType="STRING"
                 description=""
                 name="PlannedDowntimeStatus"
                 ordinal="4"></FieldDefinition>
                <FieldDefinition
                 baseType="STRING"
                 description=""
                 name="RunningStatus"
                 ordinal="5"></FieldDefinition>
                <FieldDefinition
                 baseType="STRING"
                 description=""
                 name="NotConfiguredStatus"
                 ordinal="6"></FieldDefinition>
                <FieldDefinition
                 baseType="STRING"
                 description=""
                 name="NormalAnomalyStatus"
                 ordinal="7"></FieldDefinition>
                <FieldDefinition
                 baseType="STRING"
                 description=""
                 name="AnomalousAnomalyStatus"
                 ordinal="8"></FieldDefinition>
                <FieldDefinition
                 baseType="STRING"
                 description=""
                 name="CalibratingAnomalyStatus"
                 ordinal="9"></FieldDefinition>
                <FieldDefinition
                 baseType="STRING"
                 description=""
                 name="UnavailableAnomalyStatus"
                 ordinal="10"></FieldDefinition>
            </FieldDefinitions>
        </DataShape>
    </DataShapes>
</Entities>
