<?xml version="1.0" encoding="UTF-8"?>
<Entities>
    <LocalizationTables>
        <LocalizationTable
         description="Default localization table"
         homeMashup=""
         name="Default"
         tags="PTC:factory-mv">
            <avatar></avatar>
            <DesignTimePermissions>
                <Create></Create>
                <Read></Read>
                <Update></Update>
                <Delete></Delete>
                <Metadata></Metadata>
            </DesignTimePermissions>
            <RunTimePermissions></RunTimePermissions>
            <VisibilityPermissions>
                <Visibility>
                    <Principal
                     isPermitted="true"
                     name="PTC.Factory.MachineVisibility"
                     type="Organization"></Principal>
                </Visibility>
            </VisibilityPermissions>
            <ConfigurationTables>
                <ConfigurationTable
                 description="Localization Tokens"
                 isMultiRow="true"
                 name="LocalizationTokens"
                 ordinal="0">
                    <DataShape>
                        <FieldDefinitions>
                            <FieldDefinition
                             aspect.friendlyName="Token name"
                             baseType="STRING"
                             description="Token name"
                             name="name"
                             ordinal="0"></FieldDefinition>
                            <FieldDefinition
                             aspect.friendlyName="Token value"
                             baseType="STRING"
                             description="Token value"
                             name="value"
                             ordinal="1"></FieldDefinition>
                        </FieldDefinitions>
                    </DataShape>
                    <Rows>
                        <Row>
                            <name>PTC.Factory.AdministrationTileLabel</name>
                            <value>Administration and Configuration</value>
                        </Row>
                        <Row>
                            <name>PTC.Factory.ConfigurationAndSetupTileLabel</name>
                            <value>Configuration and Setup</value>
                        </Row>
                        <Row>
                            <name>PTC.Factory.KEPServerExMonitorTileLabel</name>
                            <value>Controls Advisor</value>
                        </Row>
                        <Row>
                            <name>PTC.Factory.TrendTroubleshootingTileLabel</name>
                            <value>Trending and Troubleshooting</value>
                        </Row>
                        <Row>
                            <name>PTC.Factory.HelpCenter</name>
                            <value>Help Center</value>
                        </Row>
                        <Row>
                            <name>PTC.Factory.ConsoleTileLabel</name>
                            <value>Console</value>
                        </Row>
                        <Row>
                            <name>PTC.Factory.Administration.ManagePhysicalAssetsLabel</name>
                            <value>Manage Resources</value>
                        </Row>
                        <Row>
                            <name>PTC.Factory.ProductionReportingTileLabel</name>
                            <value>Production Reporting</value>
                        </Row>
                        <Row>
                            <name>PTC.Factory.PlantViewerTileLabel</name>
                            <value>Production KPIs</value>
                        </Row>
                        <Row>
                            <name>PTC.Factory.AlertsManagerTileLabel</name>
                            <value>Alert Management</value>
                        </Row>
                        <Row>
                            <name>PTC.Factory.AlertsEditorTileLabel</name>
                            <value>Alert Editing</value>
                        </Row>
                        <Row>
                            <name>PTC.Factory.AlertsMonitorTileLabel</name>
                            <value>Alert Monitoring</value>
                        </Row>
                        <Row>
                            <name>PTC.SCA.SCO.WorkflowBuilderTileLabel</name>
                            <value>Workflow Builder</value>
                        </Row>
                        <Row>
                            <name>PTC.SCA.SCO.WorkflowBuilderLabel</name>
                            <value>workflow builder</value>
                        </Row>
                        <Row>
                            <name>PTC.SCA.SCO.WorkflowManagementTitleLabel</name>
                            <value>Workflow Management</value>
                        </Row>
                        <Row>
                            <name>PTC.SCA.SCO.WorkflowManagementLabel</name>
                            <value>workflow management</value>
                        </Row>
                        <Row>
                            <name>PTC.SCA.SCO.SoftwareContentManagementTileLabel</name>
                            <value>Software Content Management</value>
                        </Row>
                        <Row>
                            <name>PTC.SCA.SCO.SoftwareContentManagementLabel</name>
                            <value>software content management</value>
                        </Row>
                        <Row>
                            <name>PTC.SCA.SCO.WorkflowBuilderTileDescription</name>
                            <value>Create and edit workflows.</value>
                        </Row>
                        <Row>
                            <name>PTC.SCA.SCO.WorkflowManagementTileDescription</name>
                            <value>View and manage workflows.</value>
                        </Row>
                        <Row>
                            <name>PTC.SCA.SCO.SoftwareContentManagementTileDescription</name>
                            <value>Create, manage, test, and deploy packages to connected assets.</value>
                        </Row>
                        <Row>
                            <name>PTC.Factory.Administration.UserAccessControlLabel</name>
                            <value>Users and Access Control</value>
                        </Row>
                        <Row>
                            <name>PTC.Factory.RenewLicense</name>
                            <value>Update License</value>
                        </Row>
                        <Row>
                            <name>PTC.Factory.RenewLicense_UPCASE</name>
                            <value>UPDATE LICENSE</value>
                        </Row>
                        <Row>
                            <name>PTC.Factory.GenerateUsageReport</name>
                            <value>Usage Report</value>
                        </Row>
                        <Row>
                            <name>PTC.Factory.AssetPerformanceTileLabel</name>
                            <value>Asset Advisor</value>
                        </Row>
                        <Row>
                            <name>PTC.SCA.Common.AlertNotification.EmailAndTextConfigurationTileLabel</name>
                            <value>Configure Email and Text Delivery</value>
                        </Row>
                        <Row>
                            <!-- This is a brand name should not be translated -->
                            <name>PTC.SCA.Common.WindowTitle</name>
                            <value>ThingWorx Apps</value>
                        </Row>
                        <Row>
                            <name>PTC.Factory.AdministrationPageTitleLabel</name>
                            <value>administration and configuration</value>
                        </Row>
                        <Row>
                            <name>PTC.Factory.PlantViewerPageTitleLabel</name>
                            <value>production KPIs</value>
                        </Row>
                        <Row>
                            <name>PTC.Factory.KEPServerExMonitorPageTitleLabel</name>
                            <value>controls advisor</value>
                        </Row>
                        <Row>
                            <name>PTC.Factory.TrendTroubleshootingPageTitleLabel</name>
                            <value>trending and troubleshooting</value>
                        </Row>
                        <Row>
                            <name>PTC.Factory.AlertsMonitorPageTitleLabel</name>
                            <value>alert monitoring</value>
                        </Row>
                        <Row>
                            <name>PTC.Factory.ConfigurationAndSetupPageTitleLabel</name>
                            <value>configuration and setup</value>
                        </Row>
                        <Row>
                            <name>PTC.Factory.ConfigurationAndSetup.EquipmentTabName</name>
                            <value>Equipment</value>
                        </Row>
                        <Row>
                            <name>PTC.Factory.ConfigurationAndSetup.AlertsTabName</name>
                            <value>Alerts</value>
                        </Row>
                        <Row>
                            <name>PTC.Factory.ConfigurationAndSetup.NotificationsTabName</name>
                            <value>Notification Delivery</value>
                        </Row>
                        <Row>
                            <name>PTC.Factory.ConfigurationAndSetup.UsersTabName</name>
                            <value>Users</value>
                        </Row>
                        <Row>
                            <name>PTC.SCA.SCO.AssetPerformanceTileDescription</name>
                            <value>Monitor health and status of assets.</value>
                        </Row>
                        <Row>
                            <name>PTC.SCA.SCO.KEPServerExMonitorTileDescription</name>
                            <value>Create and monitor server and device connections.</value>
                        </Row>
                        <Row>
                            <name>PTC.SCA.SCO.PlantViewerTileDescription</name>
                            <value>Monitor production line utilization and performance.</value>
                        </Row>
                        <Row>
                            <name>PTC.SCA.SCO.AlertsMonitorTileDescription</name>
                            <value>Monitor active alerts and alert history across the system.</value>
                        </Row>
                        <Row>
                            <name>PTC.SCA.SCO.TrendTroubleshootingTileDescription</name>
                            <value>Create trends to visualize data for rapid troubleshooting.</value>
                        </Row>
                        <Row>
                            <name>PTC.SCA.SCO.ConfigurationAndSetupTileDescription</name>
                            <value>Set up equipment, alerts, notifications and users.</value>
                        </Row>
                        <Row>
                            <name>PTC.SCA.SCO.TwxComposerTileLabel</name>
                            <value>ThingWorx Composer</value>
                        </Row>
                        <Row>
                            <name>PTC.SCA.SCO.TwxComposerTileDescription</name>
                            <value>Model, develop, configure, and customize applications.</value>
                        </Row>
                    </Rows>
                </ConfigurationTable>
            </ConfigurationTables>
        </LocalizationTable>
    </LocalizationTables>
</Entities>
