<?xml version="1.0" encoding="UTF-8"?>
<Entities
 build="b3079"
 majorVersion="0"
 minorVersion="0"
 modelPersistenceProviderPackage="NeoPersistenceProviderPackage"
 revision="0"
 schemaVersion="940">
    <DataShapes>
        <DataShape
         aspect.isEditableExtensionObject="false"
         aspect.isExtension="true"
         baseDataShape=""
         description="Device Property Tags of KEP Server Monitor  {PTC.SCA.Mfg.KepServerMonitor.DevicePropertyTagsDataShape}"
         documentationContent=""
         homeMashup=""
         lastModifiedDate="2017-05-16T08:13:35.836-04:00"
         name="PTC.SCA.Mfg.KepServerMonitor.DevicePropertyTagsDataShape"
         projectName="PTC.SCA.SCO.KEPServerEX Monitor"
         tags="PTC:sca-sco;PTC:DataShape;PTC:sca-sco-kepserverexmonitor">
            <avatar></avatar>
            <DesignTimePermissions>
                <Create></Create>
                <Read></Read>
                <Update></Update>
                <Delete></Delete>
                <Metadata></Metadata>
            </DesignTimePermissions>
            <RunTimePermissions></RunTimePermissions>
            <VisibilityPermissions>
                <Visibility>
                    <Principal
                     isPermitted="true"
                     name="PTC.Factory.MachineVisibility:KEPServerMonitoring"
                     type="OrganizationalUnit"></Principal>
                </Visibility>
            </VisibilityPermissions>
            <ConfigurationTables></ConfigurationTables>
            <FieldDefinitions>
                <FieldDefinition
                 aspect.dataShape="PTC.SCA.SCO.ServerTagDataShape"
                 baseType="INFOTABLE"
                 description=""
                 name="ConnectionType"
                 ordinal="2"></FieldDefinition>
                <FieldDefinition
                 baseType="STRING"
                 description=""
                 name="ConnectionTypeString"
                 ordinal="18"></FieldDefinition>
                <FieldDefinition
                 aspect.dataShape="PTC.SCA.SCO.ServerTagDataShape"
                 baseType="INFOTABLE"
                 description=""
                 name="DemotionState"
                 ordinal="5"></FieldDefinition>
                <FieldDefinition
                 aspect.dataShape="PTC.SCA.SCO.ServerTagDataShape"
                 baseType="INFOTABLE"
                 description=""
                 name="DeviceID"
                 ordinal="19"></FieldDefinition>
                <FieldDefinition
                 aspect.dataShape="PTC.SCA.SCO.ServerTagDataShape"
                 baseType="STRING"
                 description=""
                 name="ThingName"
                 ordinal="1"></FieldDefinition>
                <FieldDefinition
                 aspect.dataShape="PTC.SCA.SCO.ServerTagDataShape"
                 baseType="INFOTABLE"
                 description=""
                 name="Enabled"
                 ordinal="18"></FieldDefinition>
                <FieldDefinition
                 aspect.dataShape="PTC.SCA.SCO.ServerTagDataShape"
                 baseType="INFOTABLE"
                 description=""
                 name="ErrorState"
                 ordinal="3"></FieldDefinition>
                <FieldDefinition
                 aspect.dataShape="PTC.SCA.SCO.ServerTagDataShape"
                 baseType="INFOTABLE"
                 description=""
                 name="FailedReads"
                 ordinal="12"></FieldDefinition>
                <FieldDefinition
                 aspect.dataShape="PTC.SCA.SCO.ServerTagDataShape"
                 baseType="INFOTABLE"
                 description=""
                 name="FailedWrites"
                 ordinal="13"></FieldDefinition>
                <FieldDefinition
                 aspect.dataShape="PTC.SCA.SCO.ServerTagDataShape"
                 baseType="INFOTABLE"
                 description=""
                 name="PendingReads"
                 ordinal="14"></FieldDefinition>
                <FieldDefinition
                 aspect.dataShape="PTC.SCA.SCO.ServerTagDataShape"
                 baseType="INFOTABLE"
                 description=""
                 name="PendingWrites"
                 ordinal="15"></FieldDefinition>
                <FieldDefinition
                 aspect.dataShape="PTC.SCA.SCO.ServerTagDataShape"
                 baseType="INFOTABLE"
                 description=""
                 name="Rx"
                 ordinal="9"></FieldDefinition>
                <FieldDefinition
                 aspect.dataShape="PTC.SCA.SCO.ServerTagDataShape"
                 baseType="INFOTABLE"
                 description=""
                 name="ScanMode"
                 ordinal="6"></FieldDefinition>
                <FieldDefinition
                 aspect.dataShape="PTC.SCA.SCO.ServerTagDataShape"
                 baseType="INFOTABLE"
                 description=""
                 name="ScanRate"
                 ordinal="7"></FieldDefinition>
                <FieldDefinition
                 aspect.dataShape="PTC.SCA.SCO.ServerTagDataShape"
                 baseType="STRING"
                 description=""
                 name="ServerName"
                 ordinal="16"></FieldDefinition>
                <FieldDefinition
                 aspect.dataShape="PTC.SCA.SCO.ServerTagDataShape"
                 baseType="INFOTABLE"
                 description=""
                 name="SuccessfulReads"
                 ordinal="10"></FieldDefinition>
                <FieldDefinition
                 aspect.dataShape="PTC.SCA.SCO.ServerTagDataShape"
                 baseType="INFOTABLE"
                 description=""
                 name="SuccessfulWrites"
                 ordinal="11"></FieldDefinition>
                <FieldDefinition
                 aspect.dataShape="PTC.SCA.SCO.ServerTagDataShape"
                 baseType="INFOTABLE"
                 description=""
                 name="TimeInError"
                 ordinal="4"></FieldDefinition>
                <FieldDefinition
                 aspect.dataShape="PTC.SCA.SCO.ServerTagDataShape"
                 baseType="INFOTABLE"
                 description=""
                 name="Tx"
                 ordinal="8"></FieldDefinition>
            </FieldDefinitions>
        </DataShape>
    </DataShapes>
</Entities>
