<?xml version="1.0" encoding="UTF-8"?>
<Entities
 build="b3226"
 majorVersion="0"
 minorVersion="0"
 modelPersistenceProviderPackage="NeoPersistenceProviderPackage"
 revision="0"
 schemaVersion="1000">
    <DataShapes>
        <DataShape
         aspect.isEditableExtensionObject="false"
         aspect.isExtension="true"
         baseDataShape=""
         description="Server Property Tags of KEP Server Monitor  {PTC.SCA.Mfg.KepServerMonitor.ServerPropertyTagsDataShape}"
         documentationContent=""
         homeMashup=""
         lastModifiedDate="2017-05-24T10:05:12.408-04:00"
         name="PTC.SCA.Mfg.KepServerMonitor.ServerPropertyTagsDataShape"
         projectName="PTC.SCA.SCO.KEPServerEX Monitor"
         tags="PTC:sca-sco;PTC:DataShape;PTC:sca-sco-kepserverexmonitor">
            <avatar></avatar>
            <DesignTimePermissions>
                <Create></Create>
                <Read></Read>
                <Update></Update>
                <Delete></Delete>
                <Metadata></Metadata>
            </DesignTimePermissions>
            <RunTimePermissions></RunTimePermissions>
            <VisibilityPermissions>
                <Visibility>
                    <Principal
                     isPermitted="true"
                     name="PTC.Factory.MachineVisibility:KEPServerMonitoring"
                     type="OrganizationalUnit"></Principal>
                </Visibility>
            </VisibilityPermissions>
            <ConfigurationTables></ConfigurationTables>
            <FieldDefinitions>
                <FieldDefinition
                 aspect.dataShape="PTC.SCA.SCO.ServerTagDataShape"
                 baseType="INFOTABLE"
                 description=""
                 name="ClientCount"
                 ordinal="1"></FieldDefinition>
                <FieldDefinition
                 aspect.dataShape="PTC.SCA.SCO.ServerTagDataShape"
                 baseType="INFOTABLE"
                 description=""
                 name="CurrentServerTime"
                 ordinal="2"></FieldDefinition>
                <FieldDefinition
                 aspect.dataShape="PTC.SCA.SCO.ServerTagDataShape"
                 baseType="INFOTABLE"
                 description=""
                 name="TagCount"
                 ordinal="3"></FieldDefinition>
                <FieldDefinition
                 aspect.dataShape="PTC.SCA.SCO.ServerTagDataShape"
                 baseType="STRING"
                 description=""
                 name="ThingName"
                 ordinal="4"></FieldDefinition>
                <FieldDefinition
                 aspect.dataShape="PTC.SCA.SCO.ServerTagDataShape"
                 baseType="INFOTABLE"
                 description=""
                 name="isConnectionHealthy"
                 ordinal="5"></FieldDefinition>
            </FieldDefinitions>
        </DataShape>
    </DataShapes>
</Entities>
