<?xml version="1.0" encoding="UTF-8"?>
<Entities
 build="b36"
 majorVersion="8"
 minorVersion="2"
 modelPersistenceProviderPackage="PostgresPersistenceProviderPackage"
 revision="3"
 schemaVersion="1020"
 universal="">
    <StyleDefinitions>
        <StyleDefinition
         aspect.isEditableExtensionObject="true"
         aspect.isExtension="true"
         description="Default style for job order label texts"
         documentationContent=""
         homeMashup=""
         lastModifiedDate="2018-04-15T22:48:18.596-04:00"
         name="PTC.SCA.SCO.JobOrder.14pxLabelTextStyleDefinition"
         projectName="PTC.SCA.SCO.OperatorAdvisor"
         tags="PTC:OA;PTC:StyleDefinition">
            <avatar></avatar>
            <DesignTimePermissions>
                <Create></Create>
                <Read></Read>
                <Update></Update>
                <Delete></Delete>
                <Metadata></Metadata>
            </DesignTimePermissions>
            <RunTimePermissions></RunTimePermissions>
            <VisibilityPermissions>
                <Visibility></Visibility>
            </VisibilityPermissions>
            <ConfigurationTables></ConfigurationTables>
            <content>
            <![CDATA[
            {
              "backgroundColor" : "",
              "displayString" : "",
              "fontEmphasisBold" : false,
              "fontEmphasisItalic" : false,
              "fontEmphasisUnderline" : false,
              "foregroundColor" : "#232b2d",
              "image" : "",
              "lineColor" : "",
              "lineStyle" : "solid",
              "lineThickness" : 1,
              "secondaryBackgroundColor" : "",
              "textSize" : "xlarge"
            }
            ]]>
            </content>
        </StyleDefinition>
    </StyleDefinitions>
</Entities>
