<Entities>
  <ExtensionPackages>
    <ExtensionPackage name="FileUploadExt_ExtensionPackage"
               description="File Upload Extended Widget"
                    vendor="ThingWorx, a PTC Business"
            packageVersion="1.1.6"
               buildNumber="43"
              haCompatible="true"
   minimumThingWorxVersion="6.5.0"/>
 </ExtensionPackages>
 <Widgets>
   <Widget name="FileUploadExt">
     <UIResources>
       <FileResource type="CSS" file="FileUploadExt.ide.css" isDevelopment="true" isRuntime="false"/>
       <FileResource type="JS"  file="FileUploadExt.ide.js" isDevelopment="true" isRuntime="false"/>
       <FileResource type="CSS" file="FileUploadExt.runtime.css" isDevelopment="false" isRuntime="true"/>
       <FileResource type="JS"  file="FileUploadExt.runtime.js" isDevelopment="false" isRuntime="true"/>
     </UIResources>
   </Widget>
 </Widgets>
</Entities>
