<?xml version="1.0" encoding="UTF-8"?>
<Entities
 build="b18"
 majorVersion="7"
 minorVersion="1"
 modelPersistenceProviderPackage="NeoPersistenceProviderPackage"
 revision="0"
 schemaVersion="910">
    <Groups>
        <Group
         aspect.isEditableExtensionObject="true"
         aspect.isExtension="true"
         description=" Maintenance Engineer Group"
         documentationContent=""
         homeMashup=""
         lastModifiedDate="2016-04-28T20:23:36.750Z"
         name="Maintenance Engineer"
         projectName="PTC.SCA.SCO.Application Home Page"
         tags="PTC:sca-sco;PTC:Group;PTC:sca-sco-applicationhomepage;PTC:factory-mv;Role:Factory-UserGroup">
            <avatar></avatar>
            <DesignTimePermissions>
                <Create></Create>
                <Read></Read>
                <Update></Update>
                <Delete></Delete>
                <Metadata></Metadata>
            </DesignTimePermissions>
            <RunTimePermissions></RunTimePermissions>
            <VisibilityPermissions>
                <Visibility>
                    <Principal
                     isPermitted="true"
                     name="PTC.Factory.MachineVisibility"
                     type="Organization"></Principal>
                </Visibility>
            </VisibilityPermissions>
            <ConfigurationTables></ConfigurationTables>
            <Members>
                <Members></Members>
            </Members>
        </Group>
    </Groups>
</Entities>
