<?xml version="1.0" encoding="UTF-8"?>
<Entities
 build="b261"
 majorVersion="8"
 minorVersion="3"
 modelPersistenceProviderPackage="PostgresPersistenceProviderPackage"
 revision="0"
 schemaVersion="1030"
 universal="">
    <ThingTemplates>
        <ThingTemplate
         aspect.isEditableExtensionObject="false"
         aspect.isExtension="true"
         description="The thing template for Work Definition converter Thing {PTC.SCA.SCO.WorkDefinitionConverterThingTemplate}"
         documentationContent=""
         homeMashup=""
         lastModifiedDate="2018-05-11T09:46:36.599-04:00"
         name="PTC.SCA.SCO.WorkDefinitionConverterThingTemplate"
         projectName="PTC.SCA.SCO.MPMLinkConverter"
         tags="PTC:sca-sco;PTC:ThingTemplate;PTC:sca-sco-mpmlinkconverter"
         thingPackage="PTC.SCA.SCO.WorkDefinitionConverterConfigurationPackage"
         valueStream="">
            <avatar></avatar>
            <DesignTimePermissions>
                <Create></Create>
                <Read></Read>
                <Update></Update>
                <Delete></Delete>
                <Metadata></Metadata>
            </DesignTimePermissions>
            <RunTimePermissions></RunTimePermissions>
            <VisibilityPermissions></VisibilityPermissions>
            <ConfigurationTables>
                <ConfigurationTable
                 description="Database configuration settings"
                 isMultiRow="false"
                 name="ConverterConfiguration"
                 ordinal="1">
                    <DataShape>
                        <FieldDefinitions>
                            <FieldDefinition
                             aspect.defaultValue="PTC.SCA.SCO.MPMLinkConnector"
                             baseType="THINGNAME"
                             description="OData Connector"
                             name="Connector"
                             ordinal="1"></FieldDefinition>
                            <FieldDefinition
                             aspect.defaultValue="PTC.SCA.SCO.DefaultOperatorAdvisorFileRepository"
                             baseType="THINGNAME"
                             description="File Repository"
                             name="FileRepository"
                             ordinal="2"></FieldDefinition>
                            <FieldDefinition
                             aspect.defaultValue="PTC.SCA.SCO.OperatorAdvisorContentProxyMediaEntity"
                             baseType="STRING"
                             description="Content proxy media entity"
                             name="ContentProxy"
                             ordinal="3"></FieldDefinition>
                        </FieldDefinitions>
                    </DataShape>
                    <Rows>
                        <Row>
                            <Connector>
                            <![CDATA[
                            PTC.SCA.SCO.MPMLinkConnector
                            ]]>
                            </Connector>
                            <FileRepository>
                            <![CDATA[
                            PTC.SCA.SCO.DefaultOperatorAdvisorFileRepository
                            ]]>
                            </FileRepository>
                            <ContentProxy>
                            <![CDATA[
                            PTC.SCA.SCO.OperatorAdvisorContentProxyMediaEntity
                            ]]>
                            </ContentProxy>
                        </Row>
                    </Rows>
                </ConfigurationTable>
            </ConfigurationTables>
            <PropertyBindings></PropertyBindings>
            <RemotePropertyBindings></RemotePropertyBindings>
            <RemoteServiceBindings></RemoteServiceBindings>
            <RemoteEventBindings></RemoteEventBindings>
            <AlertConfigurations></AlertConfigurations>
            <ThingShape>
                <PropertyDefinitions></PropertyDefinitions>
                <ServiceDefinitions></ServiceDefinitions>
                <EventDefinitions></EventDefinitions>
                <ServiceMappings></ServiceMappings>
                <ServiceImplementations></ServiceImplementations>
                <Subscriptions></Subscriptions>
            </ThingShape>
            <ImplementedShapes>
                <ImplementedShape
                 name="PTC.SCA.SCO.WorkDefinitionConverterThingShape"
                 type="ThingShape"></ImplementedShape>
                <ImplementedShape
                 name="PTC.SCA.SCO.WorkDefinitionConnectorThingShape"
                 type="ThingShape"></ImplementedShape>
            </ImplementedShapes>
            <SharedConfigurationTables></SharedConfigurationTables>
            <InstanceDesignTimePermissions>
                <Create></Create>
                <Read></Read>
                <Update></Update>
                <Delete></Delete>
                <Metadata></Metadata>
            </InstanceDesignTimePermissions>
            <InstanceRunTimePermissions></InstanceRunTimePermissions>
            <InstanceVisibilityPermissions></InstanceVisibilityPermissions>
        </ThingTemplate>
    </ThingTemplates>
</Entities>
