<?xml version="1.0" encoding="UTF-8"?>
<Entities>
    <LocalizationTables>
        <LocalizationTable
         description="ko localization table"
         homeMashup=""
         name="ko"
         tags="PTC:sca-sco">
            <avatar></avatar>
            <DesignTimePermissions>
                <Create></Create>
                <Read></Read>
                <Update></Update>
                <Delete></Delete>
                <Metadata></Metadata>
            </DesignTimePermissions>
            <RunTimePermissions></RunTimePermissions>
            <VisibilityPermissions>
                <Visibility>
                    <Principal
                     isPermitted="true"
                     name="PTC.Factory.MachineVisibility"
                     type="Organization"></Principal>
                </Visibility>
            </VisibilityPermissions>
            <ConfigurationTables>
                <ConfigurationTable
                 description="Localization Tokens"
                 isMultiRow="true"
                 name="LocalizationTokens"
                 ordinal="0">
                    <DataShape>
                        <FieldDefinitions>
                            <FieldDefinition
                             aspect.friendlyName="Translation context"
                             baseType="STRING"
                             description="Translation context"
                             name="context"
                             ordinal="3"></FieldDefinition>
                            <FieldDefinition
                             aspect.friendlyName="Token name"
                             baseType="STRING"
                             description="Token name"
                             name="name"
                             ordinal="0"></FieldDefinition>
                            <FieldDefinition
                             aspect.friendlyName="Token usage"
                             baseType="STRING"
                             description="Token usage"
                             name="usage"
                             ordinal="2"></FieldDefinition>
                            <FieldDefinition
                             aspect.friendlyName="Localized value"
                             baseType="STRING"
                             description="Localized value"
                             name="value"
                             ordinal="1"></FieldDefinition>
                        </FieldDefinitions>
                    </DataShape>
                    <Rows>
                        <Row>
                            <name>
                            <![CDATA[
                            PTC.SCA.SCO.AssetMonitor.MasterTitleLabel
                            ]]>
                            </name>
                            <value>
                            <![CDATA[
                            asset advisor
                            ]]>
                            </value>
                        </Row>
                        <Row>
                            <name>
                            <![CDATA[
                            PTC.SCA.SCO.AssetMonitor.KpiTimeFrame.CurrentShift
                            ]]>
                            </name>
                            <value>
                            <![CDATA[
                            현재 교대 근무
                            ]]>
                            </value>
                        </Row>
                        <Row>
                            <name>
                            <![CDATA[
                            PTC.SCA.SCO.AssetMonitor.KpiTimeFrameLabel
                            ]]>
                            </name>
                            <value>
                            <![CDATA[
                            통계 시간
                            ]]>
                            </value>
                        </Row>
                        <Row>
                            <name>
                            <![CDATA[
                            PTC.SCA.SCO.AssetMonitor.KpiTimeFrame.1Minute
                            ]]>
                            </name>
                            <value>
                            <![CDATA[
                            1분
                            ]]>
                            </value>
                        </Row>
                        <Row>
                            <name>
                            <![CDATA[
                            PTC.SCA.SCO.AssetMonitor.KpiTimeFrame.15Minutes
                            ]]>
                            </name>
                            <value>
                            <![CDATA[
                            15분
                            ]]>
                            </value>
                        </Row>
                        <Row>
                            <name>
                            <![CDATA[
                            PTC.SCA.SCO.AssetMonitor.KpiTimeFrame.1Hour
                            ]]>
                            </name>
                            <value>
                            <![CDATA[
                            1시간
                            ]]>
                            </value>
                        </Row>
                        <Row>
                            <name>
                            <![CDATA[
                            PTC.SCA.SCO.AssetMonitor.KpiTimeFrame.1Day
                            ]]>
                            </name>
                            <value>
                            <![CDATA[
                            1일
                            ]]>
                            </value>
                        </Row>
                        <Row>
                            <name>
                            <![CDATA[
                            PTC.SCA.SCO.AssetMonitor.KpiTimeFrame.1Week
                            ]]>
                            </name>
                            <value>
                            <![CDATA[
                            1주
                            ]]>
                            </value>
                        </Row>
                        <Row>
                            <name>
                            <![CDATA[
                            PTC.SCA.SCO.AssetMonitor.AssetDetail.StatusFeedbackFormHeader
                            ]]>
                            </name>
                            <value>
                            <![CDATA[
                            잘못된 상태 보고
                            ]]>
                            </value>
                        </Row>
                        <Row>
                            <name>
                            <![CDATA[
                            PTC.SCA.SCO.AssetMonitor.AssetDetail.StatusFeedbackFormDescription
                            ]]>
                            </name>
                            <value>
                            <![CDATA[
                            이 양식을 사용하여 이상 감지 문제를 보고합니다. 센서 이름, 거짓 이상 혹은 감지되지 않은 이상 여부, 추가 세부 정보 등의 텍스트 상자가 포함되어 있습니다. [시간 범위] 필드에서 문제가 발생한 기간을 선택합니다.
                            ]]>
                            </value>
                        </Row>
                        <Row>
                            <name>
                            <![CDATA[
                            PTC.SCA.SCO.AssetMonitor.AssetDetail.TimeRangeLabel
                            ]]>
                            </name>
                            <value>
                            <![CDATA[
                            시간 범위
                            ]]>
                            </value>
                        </Row>
                        <Row>
                            <name>
                            <![CDATA[
                            PTC.SCA.SCO.AssetMonitor.AssetDetail.ToLabel
                            ]]>
                            </name>
                            <value>
                            <![CDATA[
                            -
                            ]]>
                            </value>
                        </Row>
                        <Row>
                            <name>
                            <![CDATA[
                            PTC.SCA.SCO.AssetMonitor.AssetDetail.SubmitLabel
                            ]]>
                            </name>
                            <value>
                            <![CDATA[
                            제출
                            ]]>
                            </value>
                        </Row>
                        <Row>
                            <name>
                            <![CDATA[
                            PTC.SCA.SCO.AssetMonitor.AssetDetail.CancelLabel
                            ]]>
                            </name>
                            <value>
                            <![CDATA[
                            취소
                            ]]>
                            </value>
                        </Row>
                        <Row>
                            <name>
                            <![CDATA[
                            PTC.SCA.SCO.AssetMonitor.AssetDetail.InvalidFeedbackFormWarning
                            ]]>
                            </name>
                            <value>
                            <![CDATA[
                            날짜 범위가 유효하며 관련 정보를 입력했는지 확인하십시오.
                            ]]>
                            </value>
                        </Row>
                        <Row>
                            <name>
                            <![CDATA[
                            PTC.SCA.SCO.AssetMonitor.AssetDetail.SuccessfulFeedbackMessage
                            ]]>
                            </name>
                            <value>
                            <![CDATA[
                            사용자의 보고서가 제출되었습니다.
                            ]]>
                            </value>
                        </Row>
                        <Row>
                            <name>
                            <![CDATA[
                            PTC.SCA.SCO.AssetMonitor.AssetDetail.CurrentValue
                            ]]>
                            </name>
                            <value>
                            <![CDATA[
                            현재 값
                            ]]>
                            </value>
                        </Row>
                        <Row>
                            <name>
                            <![CDATA[
                            PTC.SCA.SCO.AssetMonitor.AssetDetail.PropertyName
                            ]]>
                            </name>
                            <value>
                            <![CDATA[
                            속성 이름
                            ]]>
                            </value>
                        </Row>
                        <Row>
                            <name>
                            <![CDATA[
                            PTC.SCA.SCO.AssetMonitor.AssetDetail.Quality
                            ]]>
                            </name>
                            <value>
                            <![CDATA[
                            품질
                            ]]>
                            </value>
                        </Row>
                        <Row>
                            <name>
                            <![CDATA[
                            PTC.SCA.SCO.AssetMonitor.DurationFormat.DAYS
                            ]]>
                            </name>
                            <value>
                            <![CDATA[
                            일
                            ]]>
                            </value>
                        </Row>
                        <Row>
                            <name>
                            <![CDATA[
                            PTC.SCA.SCO.AssetMonitor.DurationFormat.HOURS
                            ]]>
                            </name>
                            <value>
                            <![CDATA[
                            시간
                            ]]>
                            </value>
                        </Row>
                        <Row>
                            <name>
                            <![CDATA[
                            PTC.SCA.SCO.AssetMonitor.DurationFormat.MINUTES
                            ]]>
                            </name>
                            <value>
                            <![CDATA[
                            분
                            ]]>
                            </value>
                        </Row>
                        <Row>
                            <name>
                            <![CDATA[
                            PTC.SCA.SCO.AssetMonitor.DurationFormat.SECONDS
                            ]]>
                            </name>
                            <value>
                            <![CDATA[
                            초
                            ]]>
                            </value>
                        </Row>
                        <Row>
                            <name>
                            <![CDATA[
                            PTC.SCA.SCO.AssetMonitor.DurationFormat.DAY
                            ]]>
                            </name>
                            <value>
                            <![CDATA[
                            일
                            ]]>
                            </value>
                        </Row>
                        <Row>
                            <name>
                            <![CDATA[
                            PTC.SCA.SCO.AssetMonitor.DurationFormat.HOUR
                            ]]>
                            </name>
                            <value>
                            <![CDATA[
                            시간
                            ]]>
                            </value>
                        </Row>
                        <Row>
                            <name>
                            <![CDATA[
                            PTC.SCA.SCO.AssetMonitor.DurationFormat.MINUTE
                            ]]>
                            </name>
                            <value>
                            <![CDATA[
                            분
                            ]]>
                            </value>
                        </Row>
                        <Row>
                            <name>
                            <![CDATA[
                            PTC.SCA.SCO.AssetMonitor.DurationFormat.SECOND
                            ]]>
                            </name>
                            <value>
                            <![CDATA[
                            초
                            ]]>
                            </value>
                        </Row>
                        <Row>
                            <name>
                            <![CDATA[
                            PTC.SCA.SCO.AssetMonitor.AssetDetail.MonitoredProperties.SectionTitle
                            ]]>
                            </name>
                            <value>
                            <![CDATA[
                            모니터링되는 속성
                            ]]>
                            </value>
                        </Row>
                        <Row>
                            <name>
                            <![CDATA[
                            PTC.SCA.SCO.AssetMonitor.AssetDetail.MonitoredProperties.AnomalyCount
                            ]]>
                            </name>
                            <value>
                            <![CDATA[
                            이상 센서
                            ]]>
                            </value>
                        </Row>
                        <Row>
                            <name>
                            <![CDATA[
                            PTC.SCA.SCO.AssetMonitor.AssetDetail.MonitoredProperties.AlertCount
                            ]]>
                            </name>
                            <value>
                            <![CDATA[
                            활성 한계 허용치 경고
                            ]]>
                            </value>
                        </Row>
                        <Row>
                            <name>
                            <![CDATA[
                            PTC.SCA.SCO.AssetMonitor.AssetDetail.Calibrate
                            ]]>
                            </name>
                            <value>
                            <![CDATA[
                            보정
                            ]]>
                            </value>
                        </Row>
                        <Row>
                            <name>
                            <![CDATA[
                            PTC.SCA.SCO.AssetMonitor.AssetDetail.LastCalibrated
                            ]]>
                            </name>
                            <value>
                            <![CDATA[
                            마지막 보정 날짜:
                            ]]>
                            </value>
                        </Row>
                        <Row>
                            <name>
                            <![CDATA[
                            PTC.SCA.SCO.AssetMonitor.AssetDetail.CalibrationStillInProgress
                            ]]>
                            </name>
                            <value>
                            <![CDATA[
                            보정 작업이 아직 진행 중이며 완료하는 데 시간이 걸릴 수 있습니다.
                            ]]>
                            </value>
                        </Row>
                        <Row>
                            <name>
                            <![CDATA[
                            PTC.SCA.SCO.AssetMonitor.AssetDetail.MonitoredProperties.Sensors
                            ]]>
                            </name>
                            <value>
                            <![CDATA[
                            센서
                            ]]>
                            </value>
                        </Row>
                        <Row>
                            <name>
                            <![CDATA[
                            PTC.SCA.SCO.AssetMonitor.AssetDetail.Performance
                            ]]>
                            </name>
                            <value>
                            <![CDATA[
                            성능
                            ]]>
                            </value>
                        </Row>
                        <Row>
                            <name>
                            <![CDATA[
                            PTC.SCA.SCO.AssetMonitor.AssetDetail.MonitoringProperties
                            ]]>
                            </name>
                            <value>
                            <![CDATA[
                            모니터링되는 속성
                            ]]>
                            </value>
                        </Row>
                        <Row>
                            <name>
                            <![CDATA[
                            PTC.SCA.SCO.AssetMonitor.AssetDetail.AdditionalProperties
                            ]]>
                            </name>
                            <value>
                            <![CDATA[
                            추가 속성
                            ]]>
                            </value>
                        </Row>
                        <Row>
                            <name>
                            <![CDATA[
                            PTC.SCA.SCO.AssetMonitor.AssetDetail.RemoteAccess
                            ]]>
                            </name>
                            <value>
                            <![CDATA[
                            원격 액세스
                            ]]>
                            </value>
                        </Row>
                        <Row>
                            <name>
                            <![CDATA[
                            PTC.SCA.SCO.AssetMonitor.AssetDetail.FileTransfer
                            ]]>
                            </name>
                            <value>
                            <![CDATA[
                            파일 전송
                            ]]>
                            </value>
                        </Row>
                        <Row>
                            <name>
                            <![CDATA[
                            PTC.SCA.SCO.AssetMonitor.AssetDetail.FileTransferHistory
                            ]]>
                            </name>
                            <value>
                            <![CDATA[
                            파일 전송 기록
                            ]]>
                            </value>
                        </Row>
                        <Row>
                            <name>
                            <![CDATA[
                            PTC.SCA.SCO.AssetMonitor.DateTimeFormat.DD_MM_YYYY_HH_MM_SS_A
                            ]]>
                            </name>
                            <value>
                            <![CDATA[
                            YYYY/MM/DD a h:mm:ss
                            ]]>
                            </value>
                        </Row>
                        <Row>
                            <name>
                            <![CDATA[
                            PTC.SCA.SCO.AssetMonitor.AssetDetail.AdditionalProperties.NameLabel
                            ]]>
                            </name>
                            <value>
                            <![CDATA[
                            이름
                            ]]>
                            </value>
                        </Row>
                        <Row>
                            <name>
                            <![CDATA[
                            PTC.SCA.SCO.AssetMonitor.AssetDetail.AdditionalProperties.ValueLabel
                            ]]>
                            </name>
                            <value>
                            <![CDATA[
                            값
                            ]]>
                            </value>
                        </Row>
                        <Row>
                            <name>
                            <![CDATA[
                            PTC.SCA.SCO.AssetMonitor.AssetDetail.AdditionalProperties.LastChanged
                            ]]>
                            </name>
                            <value>
                            <![CDATA[
                            마지막 업데이트
                            ]]>
                            </value>
                        </Row>
                        <Row>
                            <name>
                            <![CDATA[
                            PTC.SCA.SCO.AssetMonitor.AssetDetail.StatusThisWeek
                            ]]>
                            </name>
                            <value>
                            <![CDATA[
                            이번 주 상태
                            ]]>
                            </value>
                        </Row>
                        <Row>
                            <name>
                            <![CDATA[
                            PTC.SCA.SCO.AssetMonitor.AssetList.MonitorStatusFilterHeader
                            ]]>
                            </name>
                            <value>
                            <![CDATA[
                            상태 모니터
                            ]]>
                            </value>
                        </Row>
                        <Row>
                            <name>
                            <![CDATA[
                            PTC.SCA.SCO.AssetMonitor.AssetList.HierarchyFilterHeader
                            ]]>
                            </name>
                            <value>
                            <![CDATA[
                            구조
                            ]]>
                            </value>
                        </Row>
                        <Row>
                            <name>
                            <![CDATA[
                            PTC.SCA.SCO.AssetMonitor.AssetList.AnomalyStatusHeader
                            ]]>
                            </name>
                            <value>
                            <![CDATA[
                            이상 상태
                            ]]>
                            </value>
                        </Row>
                        <Row>
                            <name>
                            <![CDATA[
                            PTC.SCA.SCO.AssetMonitor.AssetList.MoreFilterHeader
                            ]]>
                            </name>
                            <value>
                            <![CDATA[
                            자세히
                            ]]>
                            </value>
                        </Row>
                        <Row>
                            <name>
                            <![CDATA[
                            PTC.SCA.SCO.AssetMonitor.AssetList.SortHeader
                            ]]>
                            </name>
                            <value>
                            <![CDATA[
                            정렬 순서
                            ]]>
                            </value>
                        </Row>
                        <Row>
                            <name>
                            <![CDATA[
                            PTC.SCA.SCO.AssetMonitor.AssetList.Criticality
                            ]]>
                            </name>
                            <value>
                            <![CDATA[
                            위험도
                            ]]>
                            </value>
                        </Row>
                        <Row>
                            <name>
                            <![CDATA[
                            PTC.SCA.SCO.AssetMonitor.AssetList.FilterHeader
                            ]]>
                            </name>
                            <value>
                            <![CDATA[
                            필터
                            ]]>
                            </value>
                        </Row>
                        <Row>
                            <name>
                            <![CDATA[
                            PTC.SCA.SCO.AssetMonitor.AssetList.NoAssetsMessage
                            ]]>
                            </name>
                            <value>
                            <![CDATA[
                            자산 없음
                            ]]>
                            </value>
                        </Row>
                        <Row>
                            <name>
                            <![CDATA[
                            PTC.SCA.SCO.AssetMonitor.AssetList.OneAssetMessage
                            ]]>
                            </name>
                            <value>
                            <![CDATA[
                            1개 자산
                            ]]>
                            </value>
                        </Row>
                        <Row>
                            <name>
                            <![CDATA[
                            PTC.SCA.SCO.AssetMonitor.AssetList.ManyAssetsMessage
                            ]]>
                            </name>
                            <value>
                            <![CDATA[
                            {2}개 자산 중 {0} - {1}개
                            ]]>
                            </value>
                        </Row>
                        <Row>
                            <name>
                            <![CDATA[
                            PTC.SCA.SCO.AssetMonitor.AssetDetail.NoSensorPageMessage
                            ]]>
                            </name>
                            <value>
                            <![CDATA[
                            속성 없음
                            ]]>
                            </value>
                        </Row>
                        <Row>
                            <name>
                            <![CDATA[
                            PTC.SCA.SCO.AssetMonitor.AssetDetail.OneSensorPageMessage
                            ]]>
                            </name>
                            <value>
                            <![CDATA[
                            1개 속성
                            ]]>
                            </value>
                        </Row>
                        <Row>
                            <name>
                            <![CDATA[
                            PTC.SCA.SCO.AssetMonitor.AssetDetail.ManySensorsPageMessage
                            ]]>
                            </name>
                            <value>
                            <![CDATA[
                            {2}개 속성 중 {0} - {1}개
                            ]]>
                            </value>
                        </Row>
                        <Row>
                            <name>
                            <![CDATA[
                            PTC.SCA.SCO.AssetMonitor.AlertButtonText
                            ]]>
                            </name>
                            <value>
                            <![CDATA[
                            자세히...
                            ]]>
                            </value>
                        </Row>
                        <Row>
                            <usage>
                            <![CDATA[
                            label
                            ]]>
                            </usage>
                            <name>
                            <![CDATA[
                            PTC.SCA.SCO.AssetMonitor.AssetList.SelectAModel
                            ]]>
                            </name>
                            <context></context>
                            <value>
                            <![CDATA[
                            모델 선택
                            ]]>
                            </value>
                        </Row>
                        <Row>
                            <usage>
                            <![CDATA[
                            label
                            ]]>
                            </usage>
                            <name>
                            <![CDATA[
                            PTC.SCA.SCO.AssetMonitor.AssetList.SelectARelatedLine
                            ]]>
                            </name>
                            <context></context>
                            <value>
                            <![CDATA[
                            관련 라인 선택
                            ]]>
                            </value>
                        </Row>
                        <Row>
                            <usage>
                            <![CDATA[
                            label
                            ]]>
                            </usage>
                            <name>
                            <![CDATA[
                            PTC.SCA.SCO.AssetMonitor.AssetList.SelectASortOrder
                            ]]>
                            </name>
                            <context></context>
                            <value>
                            <![CDATA[
                            정렬 순서 선택
                            ]]>
                            </value>
                        </Row>
                        <Row>
                            <usage>
                            <![CDATA[
                            label
                            ]]>
                            </usage>
                            <name>
                            <![CDATA[
                            PTC.SCA.SCO.AssetMonitor.AssetList.SelectARelatedSite
                            ]]>
                            </name>
                            <context></context>
                            <value>
                            <![CDATA[
                            관련 사이트 선택
                            ]]>
                            </value>
                        </Row>
                        <Row>
                            <name>
                            <![CDATA[
                            PTC.SCA.SCO.AssetMonitor.WeeklyAssetAnomalyStatsLabel
                            ]]>
                            </name>
                            <value>
                            <![CDATA[
                            주간 총계
                            ]]>
                            </value>
                        </Row>
                        <Row>
                            <name>
                            <![CDATA[
                            PTC.SCA.SCO.AssetMonitor.WeeklyAssetAnomalyStats-none
                            ]]>
                            </name>
                            <value>
                            <![CDATA[
                            이상 없음
                            ]]>
                            </value>
                        </Row>
                        <Row>
                            <name>
                            <![CDATA[
                            PTC.SCA.SCO.AssetMonitor.WeeklyAssetAnomalyStats-duration
                            ]]>
                            </name>
                            <value>
                            <![CDATA[
                            {0}
                            ]]>
                            </value>
                        </Row>
                        <Row>
                            <name>
                            <![CDATA[
                            PTC.SCA.SCO.AssetMonitor.AlertWeeklyTotalLabel
                            ]]>
                            </name>
                            <value>
                            <![CDATA[
                            주간 총계:
                            ]]>
                            </value>
                        </Row>
                        <Row>
                            <name>
                            <![CDATA[
                            PTC.SCA.SCO.AssetMonitor.NumberActiveAlerts
                            ]]>
                            </name>
                            <value>
                            <![CDATA[
                            {0}개 활성
                            ]]>
                            </value>
                        </Row>
                        <Row>
                            <name>
                            <![CDATA[
                            PTC.SCA.SCO.AssetMonitor.TotalAlerts
                            ]]>
                            </name>
                            <value>
                            <![CDATA[
                            {0}개 경고
                            ]]>
                            </value>
                        </Row>
                        <Row>
                            <name>
                            <![CDATA[
                            PTC.SCA.SCO.AssetMonitor.OneAlert
                            ]]>
                            </name>
                            <value>
                            <![CDATA[
                            {0}개 경고
                            ]]>
                            </value>
                        </Row>
                        <Row>
                            <name>
                            <![CDATA[
                            PTC.SCA.SCO.AssetMonitor.NoActiveAlerts
                            ]]>
                            </name>
                            <value>
                            <![CDATA[
                            활성 없음
                            ]]>
                            </value>
                        </Row>
                        <Row>
                            <name>
                            <![CDATA[
                            PTC.SCA.SCO.AnomalyStatus.Offline
                            ]]>
                            </name>
                            <value>
                            <![CDATA[
                            오프라인
                            ]]>
                            </value>
                        </Row>
                        <Row>
                            <name>
                            <![CDATA[
                            PTC.SCA.SCO.Anomaly.Calibration.Status.NotConfigured
                            ]]>
                            </name>
                            <value>
                            <![CDATA[
                            구성되지 않음
                            ]]>
                            </value>
                        </Row>
                        <Row>
                            <name>
                            <![CDATA[
                            PTC.SCA.SCO.Anomaly.Number.Sensors.Calibrated
                            ]]>
                            </name>
                            <value>
                            <![CDATA[
                            {0}개 보정됨
                            ]]>
                            </value>
                        </Row>
                        <Row>
                            <name>
                            <![CDATA[
                            PTC.SCA.SCO.Anomaly.Number.Sensors.Failed.Calibration
                            ]]>
                            </name>
                            <value>
                            <![CDATA[
                            {0}개 실패
                            ]]>
                            </value>
                        </Row>
                        <Row>
                            <name>
                            <![CDATA[
                            PTC.SCA.SCO.Anomaly.Number.Sensors.All.Failed.Calibration
                            ]]>
                            </name>
                            <value>
                            <![CDATA[
                            {0}개 보정 실패
                            ]]>
                            </value>
                        </Row>
                        <Row>
                            <name>
                            <![CDATA[
                            PTC.SCA.SCO.Anomaly.Number.Sensors.NotConfigured
                            ]]>
                            </name>
                            <value>
                            <![CDATA[
                            {0}개 구성 안 됨
                            ]]>
                            </value>
                        </Row>
                        <Row>
                            <name>
                            <![CDATA[
                            PTC.SCA.SCO.Anomaly.Status
                            ]]>
                            </name>
                            <value>
                            <![CDATA[
                            {0}({1})
                            ]]>
                            </value>
                        </Row>
                        <Row>
                            <name>
                            <![CDATA[
                            PTC.SCA.SCO.AssetMonitor.Threshold.Alert.Nav.Tooltip
                            ]]>
                            </name>
                            <value>
                            <![CDATA[
                            자산 한계 허용치 경고 조사
                            ]]>
                            </value>
                        </Row>
                        <Row>
                            <name>
                            <![CDATA[
                            PTC.SCA.SCO.AssetMonitor.AssetDetail.DailyStatus
                            ]]>
                            </name>
                            <value>
                            <![CDATA[
                            일별 상태
                            ]]>
                            </value>
                        </Row>
                    </Rows>
                </ConfigurationTable>
            </ConfigurationTables>
        </LocalizationTable>
    </LocalizationTables>
</Entities>
