<?xml version="1.0" encoding="UTF-8"?>
<Entities>
    <LocalizationTables>
        <LocalizationTable
         description="es localization table"
         homeMashup=""
         name="es"
         tags="PTC:sca-sco">
            <avatar></avatar>
            <DesignTimePermissions>
                <Create></Create>
                <Read></Read>
                <Update></Update>
                <Delete></Delete>
                <Metadata></Metadata>
            </DesignTimePermissions>
            <RunTimePermissions></RunTimePermissions>
            <VisibilityPermissions>
                <Visibility>
                    <Principal
                     isPermitted="true"
                     name="PTC.Factory.MachineVisibility"
                     type="Organization"></Principal>
                </Visibility>
            </VisibilityPermissions>
            <ConfigurationTables>
                <ConfigurationTable
                 description="Localization Tokens"
                 isMultiRow="true"
                 name="LocalizationTokens"
                 ordinal="0">
                    <DataShape>
                        <FieldDefinitions>
                            <FieldDefinition
                             aspect.friendlyName="Translation context"
                             baseType="STRING"
                             description="Translation context"
                             name="context"
                             ordinal="3"></FieldDefinition>
                            <FieldDefinition
                             aspect.friendlyName="Token name"
                             baseType="STRING"
                             description="Token name"
                             name="name"
                             ordinal="0"></FieldDefinition>
                            <FieldDefinition
                             aspect.friendlyName="Token usage"
                             baseType="STRING"
                             description="Token usage"
                             name="usage"
                             ordinal="2"></FieldDefinition>
                            <FieldDefinition
                             aspect.friendlyName="Localized value"
                             baseType="STRING"
                             description="Localized value"
                             name="value"
                             ordinal="1"></FieldDefinition>
                        </FieldDefinitions>
                    </DataShape>
                    <Rows>
                        <Row>
                            <name>
                            <![CDATA[
                            PTC.SCA.SCO.AssetMonitor.MasterTitleLabel
                            ]]>
                            </name>
                            <value>
                            <![CDATA[
                            Asset Advisor
                            ]]>
                            </value>
                        </Row>
                        <Row>
                            <name>
                            <![CDATA[
                            PTC.SCA.SCO.AssetMonitor.KpiTimeFrame.CurrentShift
                            ]]>
                            </name>
                            <value>
                            <![CDATA[
                            Turno actual
                            ]]>
                            </value>
                        </Row>
                        <Row>
                            <name>
                            <![CDATA[
                            PTC.SCA.SCO.AssetMonitor.KpiTimeFrameLabel
                            ]]>
                            </name>
                            <value>
                            <![CDATA[
                            Estadísticas para
                            ]]>
                            </value>
                        </Row>
                        <Row>
                            <name>
                            <![CDATA[
                            PTC.SCA.SCO.AssetMonitor.KpiTimeFrame.1Minute
                            ]]>
                            </name>
                            <value>
                            <![CDATA[
                            1 minuto
                            ]]>
                            </value>
                        </Row>
                        <Row>
                            <name>
                            <![CDATA[
                            PTC.SCA.SCO.AssetMonitor.KpiTimeFrame.15Minutes
                            ]]>
                            </name>
                            <value>
                            <![CDATA[
                            15 minutos
                            ]]>
                            </value>
                        </Row>
                        <Row>
                            <name>
                            <![CDATA[
                            PTC.SCA.SCO.AssetMonitor.KpiTimeFrame.1Hour
                            ]]>
                            </name>
                            <value>
                            <![CDATA[
                            1 hora
                            ]]>
                            </value>
                        </Row>
                        <Row>
                            <name>
                            <![CDATA[
                            PTC.SCA.SCO.AssetMonitor.KpiTimeFrame.1Day
                            ]]>
                            </name>
                            <value>
                            <![CDATA[
                            1 día
                            ]]>
                            </value>
                        </Row>
                        <Row>
                            <name>
                            <![CDATA[
                            PTC.SCA.SCO.AssetMonitor.KpiTimeFrame.1Week
                            ]]>
                            </name>
                            <value>
                            <![CDATA[
                            1 semana
                            ]]>
                            </value>
                        </Row>
                        <Row>
                            <name>
                            <![CDATA[
                            PTC.SCA.SCO.AssetMonitor.AssetDetail.StatusFeedbackFormHeader
                            ]]>
                            </name>
                            <value>
                            <![CDATA[
                            Estado incorrecto del informe
                            ]]>
                            </value>
                        </Row>
                        <Row>
                            <name>
                            <![CDATA[
                            PTC.SCA.SCO.AssetMonitor.AssetDetail.StatusFeedbackFormDescription
                            ]]>
                            </name>
                            <value>
                            <![CDATA[
                            Utilice este formulario para notificar un problema con la detección de anomalías. En el cuadro de texto, incluya los nombres de sensor, si es una anomalía falsa o no detectada, así como otros detalles. Seleccione el período de tiempo para el problema en los campos de rango de tiempo.
                            ]]>
                            </value>
                        </Row>
                        <Row>
                            <name>
                            <![CDATA[
                            PTC.SCA.SCO.AssetMonitor.AssetDetail.TimeRangeLabel
                            ]]>
                            </name>
                            <value>
                            <![CDATA[
                            Rango de tiempo
                            ]]>
                            </value>
                        </Row>
                        <Row>
                            <name>
                            <![CDATA[
                            PTC.SCA.SCO.AssetMonitor.AssetDetail.ToLabel
                            ]]>
                            </name>
                            <value>
                            <![CDATA[
                            Hasta
                            ]]>
                            </value>
                        </Row>
                        <Row>
                            <name>
                            <![CDATA[
                            PTC.SCA.SCO.AssetMonitor.AssetDetail.SubmitLabel
                            ]]>
                            </name>
                            <value>
                            <![CDATA[
                            Enviar
                            ]]>
                            </value>
                        </Row>
                        <Row>
                            <name>
                            <![CDATA[
                            PTC.SCA.SCO.AssetMonitor.AssetDetail.CancelLabel
                            ]]>
                            </name>
                            <value>
                            <![CDATA[
                            Cancelar
                            ]]>
                            </value>
                        </Row>
                        <Row>
                            <name>
                            <![CDATA[
                            PTC.SCA.SCO.AssetMonitor.AssetDetail.InvalidFeedbackFormWarning
                            ]]>
                            </name>
                            <value>
                            <![CDATA[
                            Asegúrese de que el rango de tiempo sea válido y de haber introducido la información relevante.
                            ]]>
                            </value>
                        </Row>
                        <Row>
                            <name>
                            <![CDATA[
                            PTC.SCA.SCO.AssetMonitor.AssetDetail.SuccessfulFeedbackMessage
                            ]]>
                            </name>
                            <value>
                            <![CDATA[
                            El informe se ha enviado.
                            ]]>
                            </value>
                        </Row>
                        <Row>
                            <name>
                            <![CDATA[
                            PTC.SCA.SCO.AssetMonitor.AssetDetail.CurrentValue
                            ]]>
                            </name>
                            <value>
                            <![CDATA[
                            Valor actual
                            ]]>
                            </value>
                        </Row>
                        <Row>
                            <name>
                            <![CDATA[
                            PTC.SCA.SCO.AssetMonitor.AssetDetail.PropertyName
                            ]]>
                            </name>
                            <value>
                            <![CDATA[
                            Nombre de propiedad
                            ]]>
                            </value>
                        </Row>
                        <Row>
                            <name>
                            <![CDATA[
                            PTC.SCA.SCO.AssetMonitor.AssetDetail.Quality
                            ]]>
                            </name>
                            <value>
                            <![CDATA[
                            Calidad
                            ]]>
                            </value>
                        </Row>
                        <Row>
                            <name>
                            <![CDATA[
                            PTC.SCA.SCO.AssetMonitor.DurationFormat.DAYS
                            ]]>
                            </name>
                            <value>
                            <![CDATA[
                            días
                            ]]>
                            </value>
                        </Row>
                        <Row>
                            <name>
                            <![CDATA[
                            PTC.SCA.SCO.AssetMonitor.DurationFormat.HOURS
                            ]]>
                            </name>
                            <value>
                            <![CDATA[
                            horas
                            ]]>
                            </value>
                        </Row>
                        <Row>
                            <name>
                            <![CDATA[
                            PTC.SCA.SCO.AssetMonitor.DurationFormat.MINUTES
                            ]]>
                            </name>
                            <value>
                            <![CDATA[
                            minutos
                            ]]>
                            </value>
                        </Row>
                        <Row>
                            <name>
                            <![CDATA[
                            PTC.SCA.SCO.AssetMonitor.DurationFormat.SECONDS
                            ]]>
                            </name>
                            <value>
                            <![CDATA[
                            s
                            ]]>
                            </value>
                        </Row>
                        <Row>
                            <name>
                            <![CDATA[
                            PTC.SCA.SCO.AssetMonitor.DurationFormat.DAY
                            ]]>
                            </name>
                            <value>
                            <![CDATA[
                            día
                            ]]>
                            </value>
                        </Row>
                        <Row>
                            <name>
                            <![CDATA[
                            PTC.SCA.SCO.AssetMonitor.DurationFormat.HOUR
                            ]]>
                            </name>
                            <value>
                            <![CDATA[
                            hora
                            ]]>
                            </value>
                        </Row>
                        <Row>
                            <name>
                            <![CDATA[
                            PTC.SCA.SCO.AssetMonitor.DurationFormat.MINUTE
                            ]]>
                            </name>
                            <value>
                            <![CDATA[
                            min
                            ]]>
                            </value>
                        </Row>
                        <Row>
                            <name>
                            <![CDATA[
                            PTC.SCA.SCO.AssetMonitor.DurationFormat.SECOND
                            ]]>
                            </name>
                            <value>
                            <![CDATA[
                            s
                            ]]>
                            </value>
                        </Row>
                        <Row>
                            <name>
                            <![CDATA[
                            PTC.SCA.SCO.AssetMonitor.AssetDetail.MonitoredProperties.SectionTitle
                            ]]>
                            </name>
                            <value>
                            <![CDATA[
                            Propiedades supervisadas
                            ]]>
                            </value>
                        </Row>
                        <Row>
                            <name>
                            <![CDATA[
                            PTC.SCA.SCO.AssetMonitor.AssetDetail.MonitoredProperties.AnomalyCount
                            ]]>
                            </name>
                            <value>
                            <![CDATA[
                            Sensores anómalos
                            ]]>
                            </value>
                        </Row>
                        <Row>
                            <name>
                            <![CDATA[
                            PTC.SCA.SCO.AssetMonitor.AssetDetail.MonitoredProperties.AlertCount
                            ]]>
                            </name>
                            <value>
                            <![CDATA[
                            Alertas de umbral activas
                            ]]>
                            </value>
                        </Row>
                        <Row>
                            <name>
                            <![CDATA[
                            PTC.SCA.SCO.AssetMonitor.AssetDetail.Calibrate
                            ]]>
                            </name>
                            <value>
                            <![CDATA[
                            Calibrar
                            ]]>
                            </value>
                        </Row>
                        <Row>
                            <name>
                            <![CDATA[
                            PTC.SCA.SCO.AssetMonitor.AssetDetail.LastCalibrated
                            ]]>
                            </name>
                            <value>
                            <![CDATA[
                            Última calibración:
                            ]]>
                            </value>
                        </Row>
                        <Row>
                            <name>
                            <![CDATA[
                            PTC.SCA.SCO.AssetMonitor.AssetDetail.CalibrationStillInProgress
                            ]]>
                            </name>
                            <value>
                            <![CDATA[
                            La calibración está en curso y puede tardar en completarse.
                            ]]>
                            </value>
                        </Row>
                        <Row>
                            <name>
                            <![CDATA[
                            PTC.SCA.SCO.AssetMonitor.AssetDetail.MonitoredProperties.Sensors
                            ]]>
                            </name>
                            <value>
                            <![CDATA[
                            Sensores
                            ]]>
                            </value>
                        </Row>
                        <Row>
                            <name>
                            <![CDATA[
                            PTC.SCA.SCO.AssetMonitor.AssetDetail.Performance
                            ]]>
                            </name>
                            <value>
                            <![CDATA[
                            Rendimiento
                            ]]>
                            </value>
                        </Row>
                        <Row>
                            <name>
                            <![CDATA[
                            PTC.SCA.SCO.AssetMonitor.AssetDetail.MonitoringProperties
                            ]]>
                            </name>
                            <value>
                            <![CDATA[
                            Propiedades supervisadas
                            ]]>
                            </value>
                        </Row>
                        <Row>
                            <name>
                            <![CDATA[
                            PTC.SCA.SCO.AssetMonitor.AssetDetail.AdditionalProperties
                            ]]>
                            </name>
                            <value>
                            <![CDATA[
                            Propiedades adicionales
                            ]]>
                            </value>
                        </Row>
                        <Row>
                            <name>
                            <![CDATA[
                            PTC.SCA.SCO.AssetMonitor.AssetDetail.RemoteAccess
                            ]]>
                            </name>
                            <value>
                            <![CDATA[
                            Acceso remoto
                            ]]>
                            </value>
                        </Row>
                        <Row>
                            <name>
                            <![CDATA[
                            PTC.SCA.SCO.AssetMonitor.AssetDetail.FileTransfer
                            ]]>
                            </name>
                            <value>
                            <![CDATA[
                            Transferencia de ficheros
                            ]]>
                            </value>
                        </Row>
                        <Row>
                            <name>
                            <![CDATA[
                            PTC.SCA.SCO.AssetMonitor.AssetDetail.FileTransferHistory
                            ]]>
                            </name>
                            <value>
                            <![CDATA[
                            Historial de transferencia de ficheros
                            ]]>
                            </value>
                        </Row>
                        <Row>
                            <name>
                            <![CDATA[
                            PTC.SCA.SCO.AssetMonitor.DateTimeFormat.DD_MM_YYYY_HH_MM_SS_A
                            ]]>
                            </name>
                            <value>
                            <![CDATA[
                            DD/MM/YYYY hh:mm:ss A
                            ]]>
                            </value>
                        </Row>
                        <Row>
                            <name>
                            <![CDATA[
                            PTC.SCA.SCO.AssetMonitor.AssetDetail.AdditionalProperties.NameLabel
                            ]]>
                            </name>
                            <value>
                            <![CDATA[
                            Nombre
                            ]]>
                            </value>
                        </Row>
                        <Row>
                            <name>
                            <![CDATA[
                            PTC.SCA.SCO.AssetMonitor.AssetDetail.AdditionalProperties.ValueLabel
                            ]]>
                            </name>
                            <value>
                            <![CDATA[
                            Valor
                            ]]>
                            </value>
                        </Row>
                        <Row>
                            <name>
                            <![CDATA[
                            PTC.SCA.SCO.AssetMonitor.AssetDetail.AdditionalProperties.LastChanged
                            ]]>
                            </name>
                            <value>
                            <![CDATA[
                            Última actualización
                            ]]>
                            </value>
                        </Row>
                        <Row>
                            <name>
                            <![CDATA[
                            PTC.SCA.SCO.AssetMonitor.AssetDetail.StatusThisWeek
                            ]]>
                            </name>
                            <value>
                            <![CDATA[
                            Estado esta semana
                            ]]>
                            </value>
                        </Row>
                        <Row>
                            <name>
                            <![CDATA[
                            PTC.SCA.SCO.AssetMonitor.AssetList.MonitorStatusFilterHeader
                            ]]>
                            </name>
                            <value>
                            <![CDATA[
                            Supervisar estado
                            ]]>
                            </value>
                        </Row>
                        <Row>
                            <name>
                            <![CDATA[
                            PTC.SCA.SCO.AssetMonitor.AssetList.HierarchyFilterHeader
                            ]]>
                            </name>
                            <value>
                            <![CDATA[
                            Estructura
                            ]]>
                            </value>
                        </Row>
                        <Row>
                            <name>
                            <![CDATA[
                            PTC.SCA.SCO.AssetMonitor.AssetList.AnomalyStatusHeader
                            ]]>
                            </name>
                            <value>
                            <![CDATA[
                            Estado de anomalía
                            ]]>
                            </value>
                        </Row>
                        <Row>
                            <name>
                            <![CDATA[
                            PTC.SCA.SCO.AssetMonitor.AssetList.MoreFilterHeader
                            ]]>
                            </name>
                            <value>
                            <![CDATA[
                            Más
                            ]]>
                            </value>
                        </Row>
                        <Row>
                            <name>
                            <![CDATA[
                            PTC.SCA.SCO.AssetMonitor.AssetList.SortHeader
                            ]]>
                            </name>
                            <value>
                            <![CDATA[
                            Orden de clasificación
                            ]]>
                            </value>
                        </Row>
                        <Row>
                            <name>
                            <![CDATA[
                            PTC.SCA.SCO.AssetMonitor.AssetList.Criticality
                            ]]>
                            </name>
                            <value>
                            <![CDATA[
                            Importancia
                            ]]>
                            </value>
                        </Row>
                        <Row>
                            <name>
                            <![CDATA[
                            PTC.SCA.SCO.AssetMonitor.AssetList.FilterHeader
                            ]]>
                            </name>
                            <value>
                            <![CDATA[
                            FILTROS
                            ]]>
                            </value>
                        </Row>
                        <Row>
                            <name>
                            <![CDATA[
                            PTC.SCA.SCO.AssetMonitor.AssetList.NoAssetsMessage
                            ]]>
                            </name>
                            <value>
                            <![CDATA[
                            No hay activos
                            ]]>
                            </value>
                        </Row>
                        <Row>
                            <name>
                            <![CDATA[
                            PTC.SCA.SCO.AssetMonitor.AssetList.OneAssetMessage
                            ]]>
                            </name>
                            <value>
                            <![CDATA[
                            1 activo
                            ]]>
                            </value>
                        </Row>
                        <Row>
                            <name>
                            <![CDATA[
                            PTC.SCA.SCO.AssetMonitor.AssetList.ManyAssetsMessage
                            ]]>
                            </name>
                            <value>
                            <![CDATA[
                            {0} - {1} de {2} activos
                            ]]>
                            </value>
                        </Row>
                        <Row>
                            <name>
                            <![CDATA[
                            PTC.SCA.SCO.AssetMonitor.AssetDetail.NoSensorPageMessage
                            ]]>
                            </name>
                            <value>
                            <![CDATA[
                            No hay propiedades
                            ]]>
                            </value>
                        </Row>
                        <Row>
                            <name>
                            <![CDATA[
                            PTC.SCA.SCO.AssetMonitor.AssetDetail.OneSensorPageMessage
                            ]]>
                            </name>
                            <value>
                            <![CDATA[
                            1 propiedad
                            ]]>
                            </value>
                        </Row>
                        <Row>
                            <name>
                            <![CDATA[
                            PTC.SCA.SCO.AssetMonitor.AssetDetail.ManySensorsPageMessage
                            ]]>
                            </name>
                            <value>
                            <![CDATA[
                            {0} - {1} de {2} propiedades
                            ]]>
                            </value>
                        </Row>
                        <Row>
                            <name>
                            <![CDATA[
                            PTC.SCA.SCO.AssetMonitor.AlertButtonText
                            ]]>
                            </name>
                            <value>
                            <![CDATA[
                            Más...
                            ]]>
                            </value>
                        </Row>
                        <Row>
                            <usage>
                            <![CDATA[
                            label
                            ]]>
                            </usage>
                            <name>
                            <![CDATA[
                            PTC.SCA.SCO.AssetMonitor.AssetList.SelectAModel
                            ]]>
                            </name>
                            <context></context>
                            <value>
                            <![CDATA[
                            Seleccionar un modelo
                            ]]>
                            </value>
                        </Row>
                        <Row>
                            <usage>
                            <![CDATA[
                            label
                            ]]>
                            </usage>
                            <name>
                            <![CDATA[
                            PTC.SCA.SCO.AssetMonitor.AssetList.SelectARelatedLine
                            ]]>
                            </name>
                            <context></context>
                            <value>
                            <![CDATA[
                            Seleccionar una línea relacionada
                            ]]>
                            </value>
                        </Row>
                        <Row>
                            <usage>
                            <![CDATA[
                            label
                            ]]>
                            </usage>
                            <name>
                            <![CDATA[
                            PTC.SCA.SCO.AssetMonitor.AssetList.SelectASortOrder
                            ]]>
                            </name>
                            <context></context>
                            <value>
                            <![CDATA[
                            Seleccionar un orden de clasificación
                            ]]>
                            </value>
                        </Row>
                        <Row>
                            <usage>
                            <![CDATA[
                            label
                            ]]>
                            </usage>
                            <name>
                            <![CDATA[
                            PTC.SCA.SCO.AssetMonitor.AssetList.SelectARelatedSite
                            ]]>
                            </name>
                            <context></context>
                            <value>
                            <![CDATA[
                            Seleccionar una planta relacionada
                            ]]>
                            </value>
                        </Row>
                        <Row>
                            <name>
                            <![CDATA[
                            PTC.SCA.SCO.AssetMonitor.WeeklyAssetAnomalyStatsLabel
                            ]]>
                            </name>
                            <value>
                            <![CDATA[
                            Total semanal
                            ]]>
                            </value>
                        </Row>
                        <Row>
                            <name>
                            <![CDATA[
                            PTC.SCA.SCO.AssetMonitor.WeeklyAssetAnomalyStats-none
                            ]]>
                            </name>
                            <value>
                            <![CDATA[
                            No hay anomalías
                            ]]>
                            </value>
                        </Row>
                        <Row>
                            <name>
                            <![CDATA[
                            PTC.SCA.SCO.AssetMonitor.WeeklyAssetAnomalyStats-duration
                            ]]>
                            </name>
                            <value>
                            <![CDATA[
                            {0}
                            ]]>
                            </value>
                        </Row>
                        <Row>
                            <name>
                            <![CDATA[
                            PTC.SCA.SCO.AssetMonitor.AlertWeeklyTotalLabel
                            ]]>
                            </name>
                            <value>
                            <![CDATA[
                            Total semanal:
                            ]]>
                            </value>
                        </Row>
                        <Row>
                            <name>
                            <![CDATA[
                            PTC.SCA.SCO.AssetMonitor.NumberActiveAlerts
                            ]]>
                            </name>
                            <value>
                            <![CDATA[
                            {0} activa(s)
                            ]]>
                            </value>
                        </Row>
                        <Row>
                            <name>
                            <![CDATA[
                            PTC.SCA.SCO.AssetMonitor.TotalAlerts
                            ]]>
                            </name>
                            <value>
                            <![CDATA[
                            {0} alertas
                            ]]>
                            </value>
                        </Row>
                        <Row>
                            <name>
                            <![CDATA[
                            PTC.SCA.SCO.AssetMonitor.OneAlert
                            ]]>
                            </name>
                            <value>
                            <![CDATA[
                            {0} alerta
                            ]]>
                            </value>
                        </Row>
                        <Row>
                            <name>
                            <![CDATA[
                            PTC.SCA.SCO.AssetMonitor.NoActiveAlerts
                            ]]>
                            </name>
                            <value>
                            <![CDATA[
                            No hay activas
                            ]]>
                            </value>
                        </Row>
                        <Row>
                            <name>
                            <![CDATA[
                            PTC.SCA.SCO.AnomalyStatus.Offline
                            ]]>
                            </name>
                            <value>
                            <![CDATA[
                            Fuera de línea
                            ]]>
                            </value>
                        </Row>
                        <Row>
                            <name>
                            <![CDATA[
                            PTC.SCA.SCO.Anomaly.Calibration.Status.NotConfigured
                            ]]>
                            </name>
                            <value>
                            <![CDATA[
                            No configurado
                            ]]>
                            </value>
                        </Row>
                        <Row>
                            <name>
                            <![CDATA[
                            PTC.SCA.SCO.Anomaly.Number.Sensors.Calibrated
                            ]]>
                            </name>
                            <value>
                            <![CDATA[
                            {0} calibrados
                            ]]>
                            </value>
                        </Row>
                        <Row>
                            <name>
                            <![CDATA[
                            PTC.SCA.SCO.Anomaly.Number.Sensors.Failed.Calibration
                            ]]>
                            </name>
                            <value>
                            <![CDATA[
                            {0} erróneos
                            ]]>
                            </value>
                        </Row>
                        <Row>
                            <name>
                            <![CDATA[
                            PTC.SCA.SCO.Anomaly.Number.Sensors.All.Failed.Calibration
                            ]]>
                            </name>
                            <value>
                            <![CDATA[
                            Calibraciones erróneas: {0}
                            ]]>
                            </value>
                        </Row>
                        <Row>
                            <name>
                            <![CDATA[
                            PTC.SCA.SCO.Anomaly.Number.Sensors.NotConfigured
                            ]]>
                            </name>
                            <value>
                            <![CDATA[
                            {0} sin configurar
                            ]]>
                            </value>
                        </Row>
                        <Row>
                            <name>
                            <![CDATA[
                            PTC.SCA.SCO.Anomaly.Status
                            ]]>
                            </name>
                            <value>
                            <![CDATA[
                            {0} ({1})
                            ]]>
                            </value>
                        </Row>
                        <Row>
                            <name>
                            <![CDATA[
                            PTC.SCA.SCO.AssetMonitor.Threshold.Alert.Nav.Tooltip
                            ]]>
                            </name>
                            <value>
                            <![CDATA[
                            Investigar alertas de umbral de activos
                            ]]>
                            </value>
                        </Row>
                        <Row>
                            <name>
                            <![CDATA[
                            PTC.SCA.SCO.AssetMonitor.AssetDetail.DailyStatus
                            ]]>
                            </name>
                            <value>
                            <![CDATA[
                            Estado diario
                            ]]>
                            </value>
                        </Row>
                    </Rows>
                </ConfigurationTable>
            </ConfigurationTables>
        </LocalizationTable>
    </LocalizationTables>
</Entities>
