<?xml version="1.0" encoding="UTF-8"?>
<Entities
 build="b52"
 majorVersion="8"
 minorVersion="1"
 revision="0"
 schemaVersion="1010">
    <ThingTemplates>
        <ThingTemplate
         aspect.isEditableExtensionObject="false"
         baseThingTemplate="GenericThing"
         description="***DEPRECATED-J*** Should no longer be used and could be removed in a later release."
         documentationContent=""
         effectiveThingPackage="ConfiguredThing"
         homeMashup=""
         lastModifiedDate="2017-11-02T20:29:37.143Z"
         name="PTC.SCA.SCO.Resource.CustomerTemplate"
         projectName="PTC.SCA.SCO.Utility"
         tags="PTC:sca-sco;PTC:ThingTemplate;PTC:sca-sco-utility"
         thingPackage=""
         valueStream="">
            <avatar></avatar>
            <DesignTimePermissions>
                <Create></Create>
                <Read></Read>
                <Update></Update>
                <Delete></Delete>
                <Metadata></Metadata>
            </DesignTimePermissions>
            <RunTimePermissions></RunTimePermissions>
            <VisibilityPermissions>
                <Visibility></Visibility>
            </VisibilityPermissions>
            <ConfigurationTables></ConfigurationTables>
            <PropertyBindings></PropertyBindings>
            <RemotePropertyBindings></RemotePropertyBindings>
            <RemoteServiceBindings></RemoteServiceBindings>
            <RemoteEventBindings></RemoteEventBindings>
            <AlertConfigurations></AlertConfigurations>
            <ThingShape>
                <PropertyDefinitions>
                    <PropertyDefinition
                     aspect.isPersistent="true"
                     baseType="DATETIME"
                     category=""
                     description=""
                     isLocalOnly="false"
                     name="CreateTimestamp"
                     ordinal="0"></PropertyDefinition>
                    <PropertyDefinition
                     aspect.isPersistent="true"
                     baseType="STRING"
                     category=""
                     description=""
                     isLocalOnly="false"
                     name="DisplayName"
                     ordinal="0"></PropertyDefinition>
                    <PropertyDefinition
                     aspect.cacheTime="0.0"
                     aspect.dataChangeType="VALUE"
                     aspect.isLogged="false"
                     aspect.isPersistent="true"
                     aspect.isReadOnly="false"
                     baseType="IMAGELINK"
                     category=""
                     description=""
                     isLocalOnly="false"
                     name="ImageAssociableImage"
                     ordinal="9"></PropertyDefinition>
                    <PropertyDefinition
                     aspect.isPersistent="true"
                     baseType="STRING"
                     category=""
                     description=""
                     isLocalOnly="false"
                     name="Number"
                     ordinal="0"></PropertyDefinition>
                    <PropertyDefinition
                     aspect.isPersistent="true"
                     baseType="STRING"
                     category=""
                     description=""
                     isLocalOnly="false"
                     name="ShippingCity"
                     ordinal="0"></PropertyDefinition>
                    <PropertyDefinition
                     aspect.isPersistent="true"
                     baseType="STRING"
                     category=""
                     description=""
                     isLocalOnly="false"
                     name="ShippingCountry"
                     ordinal="0"></PropertyDefinition>
                    <PropertyDefinition
                     aspect.isPersistent="true"
                     baseType="LOCATION"
                     category=""
                     description=""
                     isLocalOnly="false"
                     name="ShippingLocation"
                     ordinal="0"></PropertyDefinition>
                    <PropertyDefinition
                     aspect.isPersistent="true"
                     baseType="STRING"
                     category=""
                     description=""
                     isLocalOnly="false"
                     name="ShippingPostalCode"
                     ordinal="0"></PropertyDefinition>
                    <PropertyDefinition
                     aspect.isPersistent="true"
                     baseType="STRING"
                     category=""
                     description=""
                     isLocalOnly="false"
                     name="ShippingState"
                     ordinal="0"></PropertyDefinition>
                    <PropertyDefinition
                     aspect.isPersistent="true"
                     baseType="STRING"
                     category=""
                     description=""
                     isLocalOnly="false"
                     name="ShippingStreet"
                     ordinal="0"></PropertyDefinition>
                </PropertyDefinitions>
            </ThingShape>
            <ImplementedShapes></ImplementedShapes>
            <SharedConfigurationTables></SharedConfigurationTables>
            <InstanceDesignTimePermissions>
                <Create></Create>
                <Read></Read>
                <Update></Update>
                <Delete></Delete>
                <Metadata></Metadata>
            </InstanceDesignTimePermissions>
            <InstanceRunTimePermissions>
                <Permissions
                 resourceName="*">
                    <PropertyRead>
                        <Principal
                         isPermitted="true"
                         name="Users"
                         type="Group"></Principal>
                    </PropertyRead>
                    <PropertyWrite></PropertyWrite>
                    <ServiceInvoke></ServiceInvoke>
                    <EventInvoke></EventInvoke>
                    <EventSubscribe></EventSubscribe>
                </Permissions>
            </InstanceRunTimePermissions>
            <InstanceVisibilityPermissions>
                <Visibility>
                    <Principal
                     isPermitted="true"
                     name="Everyone:Everyone"
                     type="OrganizationalUnit"></Principal>
                </Visibility>
            </InstanceVisibilityPermissions>
        </ThingTemplate>
    </ThingTemplates>
</Entities>
