<?xml version="1.0" encoding="UTF-8"?>
<Entities
 build="b453"
 majorVersion="6"
 minorVersion="0"
 revision="1"
 schemaVersion="803">
    <ThingTemplates>
        <ThingTemplate
         aspect.isEditableExtensionObject="false"
         baseThingTemplate="GenericThing"
         description=""
         documentationContent="&lt;p&gt;&lt;br&gt;&lt;/p&gt;&#xA;&#xA;"
         effectiveThingPackage="ConfiguredThing"
         homeMashup=""
         lastModifiedDate="2016-06-22T13:32:35.074Z"
         name="PTC.SCA.SCO.Asset.CommonHeaderItemConfig"
         projectName="PTC.SCA.SCO.Utility"
         tags="PTC:sca-sco;PTC:ThingTemplate;PTC:sca-sco-utility"
         thingPackage=""
         valueStream="">
            <avatar></avatar>
            <DesignTimePermissions>
                <Create></Create>
                <Read></Read>
                <Update></Update>
                <Delete></Delete>
                <Metadata></Metadata>
            </DesignTimePermissions>
            <RunTimePermissions></RunTimePermissions>
            <VisibilityPermissions>
                <Visibility></Visibility>
            </VisibilityPermissions>
            <ConfigurationTables></ConfigurationTables>
            <PropertyBindings></PropertyBindings>
            <RemotePropertyBindings></RemotePropertyBindings>
            <RemoteServiceBindings></RemoteServiceBindings>
            <RemoteEventBindings></RemoteEventBindings>
            <AlertConfigurations>
                <AlertDefinitions
                 name="TitleLocalizationKey"></AlertDefinitions>
                <AlertDefinitions
                 name="Group"></AlertDefinitions>
                <AlertDefinitions
                 name="Mashup"></AlertDefinitions>
                <AlertDefinitions
                 name="SortOrder"></AlertDefinitions>
                <AlertDefinitions
                 name="Image"></AlertDefinitions>
            </AlertConfigurations>
            <ThingShape>
                <PropertyDefinitions>
                    <PropertyDefinition
                     aspect.cacheTime="0.0"
                     aspect.dataChangeType="VALUE"
                     aspect.isLogged="false"
                     aspect.isPersistent="true"
                     aspect.isReadOnly="false"
                     baseType="STRING"
                     category=""
                     description=""
                     isLocalOnly="false"
                     name="TitleLocalizationKey"
                     ordinal="3"></PropertyDefinition>
                    <PropertyDefinition
                     aspect.cacheTime="0.0"
                     aspect.dataChangeType="VALUE"
                     aspect.isLogged="false"
                     aspect.isPersistent="true"
                     aspect.isReadOnly="false"
                     baseType="GROUPNAME"
                     category=""
                     description=""
                     isLocalOnly="false"
                     name="Group"
                     ordinal="5"></PropertyDefinition>
                    <PropertyDefinition
                     aspect.cacheTime="0.0"
                     aspect.dataChangeType="VALUE"
                     aspect.isLogged="false"
                     aspect.isPersistent="true"
                     aspect.isReadOnly="false"
                     baseType="MASHUPNAME"
                     category=""
                     description=""
                     isLocalOnly="false"
                     name="Mashup"
                     ordinal="1"></PropertyDefinition>
                    <PropertyDefinition
                     aspect.cacheTime="0.0"
                     aspect.dataChangeThreshold="0.0"
                     aspect.dataChangeType="VALUE"
                     aspect.defaultValue="1.0"
                     aspect.isLogged="false"
                     aspect.isPersistent="false"
                     aspect.isReadOnly="false"
                     aspect.minimumValue="1.0"
                     baseType="NUMBER"
                     category=""
                     description=""
                     isLocalOnly="false"
                     name="SortOrder"
                     ordinal="4"></PropertyDefinition>
                    <PropertyDefinition
                     aspect.cacheTime="0.0"
                     aspect.dataChangeType="VALUE"
                     aspect.isLogged="false"
                     aspect.isPersistent="true"
                     aspect.isReadOnly="false"
                     baseType="IMAGELINK"
                     category=""
                     description=""
                     isLocalOnly="false"
                     name="Image"
                     ordinal="2"></PropertyDefinition>
                </PropertyDefinitions>
                <ServiceDefinitions></ServiceDefinitions>
                <EventDefinitions></EventDefinitions>
                <ServiceMappings></ServiceMappings>
                <ServiceImplementations></ServiceImplementations>
                <Subscriptions></Subscriptions>
            </ThingShape>
            <ImplementedShapes></ImplementedShapes>
            <SharedConfigurationTables></SharedConfigurationTables>
            <InstanceDesignTimePermissions>
                <Create></Create>
                <Read></Read>
                <Update></Update>
                <Delete></Delete>
                <Metadata></Metadata>
            </InstanceDesignTimePermissions>
            <InstanceRunTimePermissions>
                <Permissions
                 resourceName="*">
                    <PropertyRead>
                        <Principal
                         isPermitted="true"
                         name="Users"
                         type="Group"></Principal>
                    </PropertyRead>
                    <PropertyWrite></PropertyWrite>
                    <ServiceInvoke></ServiceInvoke>
                    <EventInvoke></EventInvoke>
                    <EventSubscribe></EventSubscribe>
                </Permissions>
            </InstanceRunTimePermissions>
            <InstanceVisibilityPermissions>
                <Visibility></Visibility>
            </InstanceVisibilityPermissions>
        </ThingTemplate>
    </ThingTemplates>
</Entities>
