<?xml version="1.0" encoding="UTF-8"?>
<Entities
 build="b8455"
 majorVersion="0"
 minorVersion="0"
 modelPersistenceProviderPackage="PostgresPersistenceProviderPackage"
 revision="0"
 schemaVersion="1100"
 universal="password">
    <ThingTemplates>
        <ThingTemplate
         aspect.isEditableExtensionObject="false"
         aspect.isExtension="true"
         baseThingTemplate="GenericThing"
         description="Thing Template for the work force manager {PTC.SCA.SCO.WorkforceManagerThingTemplate}"
         documentationContent=""
         effectiveThingPackage="ConfiguredThing"
         homeMashup=""
         lastModifiedDate="2020-02-04T22:21:52.083-05:00"
         name="PTC.SCA.SCO.WorkforceManagerThingTemplate"
         projectName="PTC.SCA.SCO.JobOrder.Manager"
         tags="PTC:sca-sco;PTC:ThingTemplate;PTC:sca-sco-joborder-manager"
         thingPackage=""
         valueStream="">
            <avatar></avatar>
            <DesignTimePermissions>
                <Create></Create>
                <Read></Read>
                <Update></Update>
                <Delete></Delete>
                <Metadata></Metadata>
            </DesignTimePermissions>
            <RunTimePermissions></RunTimePermissions>
            <VisibilityPermissions>
                <Visibility></Visibility>
            </VisibilityPermissions>
            <ConfigurationTableDefinitions></ConfigurationTableDefinitions>
            <ConfigurationTables>
                <ConfigurationTable
                 dataShapeName=""
                 description=""
                 isMultiRow="true"
                 name="ServiceConfigurationSettings"
                 ordinal="0">
                    <DataShape>
                        <FieldDefinitions>
                            <FieldDefinition
                             aspect.isPrimaryKey="false"
                             baseType="STRING"
                             description=""
                             name="createServiceName"
                             ordinal="2"></FieldDefinition>
                            <FieldDefinition
                             aspect.isPrimaryKey="true"
                             baseType="DATASHAPENAME"
                             description=""
                             name="dataShapeName"
                             ordinal="1"></FieldDefinition>
                        </FieldDefinitions>
                    </DataShape>
                    <Rows>
                        <Row>
                            <createServiceName>
                            <![CDATA[
                            CreateCrews
                            ]]>
                            </createServiceName>
                            <dataShapeName>
                            <![CDATA[
                            PTC.SCA.SCO.Crew
                            ]]>
                            </dataShapeName>
                        </Row>
                    </Rows>
                </ConfigurationTable>
            </ConfigurationTables>
            <PropertyBindings></PropertyBindings>
            <RemotePropertyBindings></RemotePropertyBindings>
            <RemoteServiceBindings></RemoteServiceBindings>
            <RemoteEventBindings></RemoteEventBindings>
            <AlertConfigurations></AlertConfigurations>
            <ThingShape>
                <PropertyDefinitions></PropertyDefinitions>
                <ServiceDefinitions></ServiceDefinitions>
                <EventDefinitions></EventDefinitions>
                <ServiceMappings></ServiceMappings>
                <ServiceImplementations>
                    <ServiceImplementation
                     description=""
                     handlerName="Script"
                     name="GetDBInfo">
                        <ConfigurationTables>
                            <ConfigurationTable
                             dataShapeName=""
                             description=""
                             isMultiRow="false"
                             name="Script"
                             ordinal="0">
                                <DataShape>
                                    <FieldDefinitions>
                                        <FieldDefinition
                                         baseType="STRING"
                                         description="code"
                                         name="code"
                                         ordinal="0"></FieldDefinition>
                                    </FieldDefinitions>
                                </DataShape>
                                <Rows>
                                    <Row>
                                        <code>
                                        <![CDATA[
                                        var dbInfo = {
                                            dbInfo: []
                                        };
                                        
                                        Array.prototype.push.apply(dbInfo.dbInfo,me.GetCrewDBInfo().dbInfo);
                                        
                                        var result = dbInfo;
                                        ]]>
                                        </code>
                                    </Row>
                                </Rows>
                            </ConfigurationTable>
                        </ConfigurationTables>
                    </ServiceImplementation>
                </ServiceImplementations>
                <Subscriptions></Subscriptions>
            </ThingShape>
            <ImplementedShapes>
                <ImplementedShape
                 name="PTC.SCA.SCO.DBManagementThingShape"
                 type="ThingShape"></ImplementedShape>
                <ImplementedShape
                 name="PTC.SCA.SCO.ServiceConfigurationThingShape"
                 type="ThingShape"></ImplementedShape>
                <ImplementedShape
                 name="PTC.SCA.SCO.ManagerThingShape"
                 type="ThingShape"></ImplementedShape>
                <ImplementedShape
                 name="PTC.SCA.SCO.WorkforceManagementThingShape"
                 type="ThingShape"></ImplementedShape>
            </ImplementedShapes>
            <SharedConfigurationTables></SharedConfigurationTables>
            <InstanceDesignTimePermissions>
                <Create></Create>
                <Read></Read>
                <Update></Update>
                <Delete></Delete>
                <Metadata></Metadata>
            </InstanceDesignTimePermissions>
            <InstanceRunTimePermissions></InstanceRunTimePermissions>
            <InstanceVisibilityPermissions>
                <Visibility></Visibility>
            </InstanceVisibilityPermissions>
        </ThingTemplate>
    </ThingTemplates>
</Entities>
