<?xml version="1.0" encoding="UTF-8"?>
<Entities
 build="b1293"
 majorVersion="8"
 minorVersion="4"
 modelPersistenceProviderPackage="PostgresPersistenceProviderPackage"
 revision="0"
 schemaVersion="1040"
 universal="">
    <ThingTemplates>
        <ThingTemplate
         aspect.isEditableExtensionObject="false"
         aspect.isExtension="true"
         description="Line thing resource provider template  {PTC.Factory.ProductionLineResourceProviderTemplate}"
         documentationContent=""
         homeMashup=""
         lastModifiedDate="2018-10-30T17:01:36.081-04:00"
         name="PTC.Factory.ProductionLineResourceProviderTemplate"
         projectName="PTC.SCA.SCO.Equipment.Manager"
         tags="PTC:sca-sco;PTC:ThingTemplate;PTC:sca-sco-equipment-manager"
         thingPackage="PTC.Factory.ProductionLineResourceProviderPackage"
         valueStream="">
            <avatar></avatar>
            <DesignTimePermissions>
                <Create></Create>
                <Read></Read>
                <Update></Update>
                <Delete></Delete>
                <Metadata></Metadata>
            </DesignTimePermissions>
            <RunTimePermissions></RunTimePermissions>
            <VisibilityPermissions>
                <Visibility></Visibility>
            </VisibilityPermissions>
            <ConfigurationTableDefinitions></ConfigurationTableDefinitions>
            <ConfigurationTables>
                <ConfigurationTable
                 description="Resource Attribute Mapping Configuration"
                 isMultiRow="true"
                 name="Attribute Mapping Configuration"
                 ordinal="0">
                    <DataShape>
                        <FieldDefinitions>
                            <FieldDefinition
                             aspect.defaultValue="STRING"
                             baseType="BASETYPENAME"
                             description="The base type of the attribute (must be the same for normalized and originalattributes"
                             name="BaseType"
                             ordinal="3"></FieldDefinition>
                            <FieldDefinition
                             aspect.isPrimaryKey="true"
                             baseType="STRING"
                             description="The normalized attribute name of the resource"
                             name="Normalized"
                             ordinal="1"></FieldDefinition>
                            <FieldDefinition
                             baseType="STRING"
                             description="The original name of the attribute used in the business service for the resource"
                             name="Original"
                             ordinal="2"></FieldDefinition>
                        </FieldDefinitions>
                    </DataShape>
                    <Rows></Rows>
                </ConfigurationTable>
                <ConfigurationTable
                 description="Thing Resource Provider Configuration"
                 isMultiRow="false"
                 name="Thing Resource Provider Configuration"
                 ordinal="0">
                    <DataShape>
                        <FieldDefinitions>
                            <FieldDefinition
                             baseType="THINGTEMPLATENAME"
                             description="ThingTemplate used by this provider when creating new Things when the resource data does not specify the ThingTemplate to use"
                             name="DefaultResourceTemplate"
                             ordinal="0"></FieldDefinition>
                            <FieldDefinition
                             baseType="THINGSHAPENAME"
                             description="ThingShape that denotes Things to be treated as resources by this provider"
                             name="ResourceThingShape"
                             ordinal="0"></FieldDefinition>
                        </FieldDefinitions>
                    </DataShape>
                    <Rows>
                        <Row>
                            <DefaultResourceTemplate></DefaultResourceTemplate>
                            <ResourceThingShape></ResourceThingShape>
                        </Row>
                    </Rows>
                </ConfigurationTable>
                <ConfigurationTable
                 description="Resource Provider Configuration"
                 isMultiRow="false"
                 name="Resource Provider Configuration"
                 ordinal="0">
                    <DataShape>
                        <FieldDefinitions>
                            <FieldDefinition
                             baseType="THINGNAME"
                             description="The Thing name of the connector to a business service for the resource"
                             name="Connector"
                             ordinal="0"></FieldDefinition>
                            <FieldDefinition
                             baseType="MASHUPNAME"
                             description="The name of the mashup to create a new asset"
                             name="CreateMashup"
                             ordinal="0"></FieldDefinition>
                            <FieldDefinition
                             baseType="MASHUPNAME"
                             description="The name of the mashup to show the details of the resource"
                             name="DetailMashup"
                             ordinal="0"></FieldDefinition>
                        </FieldDefinitions>
                    </DataShape>
                    <Rows>
                        <Row>
                            <Connector></Connector>
                            <CreateMashup></CreateMashup>
                            <DetailMashup></DetailMashup>
                        </Row>
                    </Rows>
                </ConfigurationTable>
            </ConfigurationTables>
            <PropertyBindings></PropertyBindings>
            <RemotePropertyBindings></RemotePropertyBindings>
            <RemoteServiceBindings></RemoteServiceBindings>
            <RemoteEventBindings></RemoteEventBindings>
            <AlertConfigurations></AlertConfigurations>
            <ThingShape>
                <PropertyDefinitions></PropertyDefinitions>
                <ServiceDefinitions></ServiceDefinitions>
                <EventDefinitions></EventDefinitions>
                <ServiceMappings></ServiceMappings>
                <ServiceImplementations>
                    <ServiceImplementation
                     description=""
                     handlerName="Script"
                     name="CreateEquipmentInstance">
                        <ConfigurationTables>
                            <ConfigurationTable
                             description=""
                             isMultiRow="false"
                             name="Script"
                             ordinal="0">
                                <DataShape>
                                    <FieldDefinitions>
                                        <FieldDefinition
                                         baseType="STRING"
                                         description="code"
                                         name="code"
                                         ordinal="0"></FieldDefinition>
                                    </FieldDefinitions>
                                </DataShape>
                                <Rows>
                                    <Row>
                                        <code>
                                        <![CDATA[
                                        result = Things["PTC.SCA.SCO.EquipmentResourceProvider"].CreateEquipmentInstance({
                                        	displayName: this.displayName /* STRING */,
                                        	description: this.description /* STRING */,
                                        	equipmentName: this.equipmentName /* STRING */,
                                        	thingTemplateName: this.thingTemplateName /* THINGTEMPLATENAME */
                                        });
                                        
                                        Things[equipmentName].AddTags({
                                        	tags: "PTC:FactoryLineInstance" /* TAGS */
                                        });
                                        
                                        var valueStream = Things[Things[equipmentName].GetValueStream()];
                                        valueStream.AddTags({
                                        	tags: "PTC:FactoryLineInstance" /* TAGS */
                                        });
                                        ]]>
                                        </code>
                                    </Row>
                                </Rows>
                            </ConfigurationTable>
                        </ConfigurationTables>
                    </ServiceImplementation>
                    <ServiceImplementation
                     description=""
                     handlerName="Script"
                     name="UpdateEquipment">
                        <ConfigurationTables>
                            <ConfigurationTable
                             description=""
                             isMultiRow="false"
                             name="Script"
                             ordinal="0">
                                <DataShape>
                                    <FieldDefinitions>
                                        <FieldDefinition
                                         baseType="STRING"
                                         description="code"
                                         name="code"
                                         ordinal="0"></FieldDefinition>
                                    </FieldDefinitions>
                                </DataShape>
                                <Rows>
                                    <Row>
                                        <code>
                                        <![CDATA[
                                        if (Things[physicalAssetThingName]) {
                                            
                                            Things[physicalAssetThingName].displayName = displayName ? displayName : Things[physicalAssetThingName].displayName;
                                            Things[physicalAssetThingName].SetDescription({
                                                description: description /* STRING */
                                            });
                                            
                                            if (Things[physicalAssetThingName].AssetImage) {
                                                Things[physicalAssetThingName].AssetImage = image;
                                            } else {
                                                Things[physicalAssetThingName].assetImage = image;
                                            }
                                            
                                            var isKpiShapeImplemented =  Things[physicalAssetThingName].ImplementsShape({
                                                thingShapeName: "PTC.SCA.SCO.KPIsThingShape" /* THINGSHAPENAME */
                                            });
                                            
                                            //Old Model service still work and check if the thing is implementing PTC.Factory.ShiftThingShape
                                            var isOldShiftShape = Things[physicalAssetThingName].ImplementsShape({
                                                thingShapeName: "PTC.Factory.ShiftThingShape" /* THINGSHAPENAME */
                                            });
                                        
                                            if ( isOldShiftShape ){
                                                Things[physicalAssetThingName].shiftDuration = shiftDuration ? shiftDuration : Things[physicalAssetThingName].shiftDuration;
                                                Things[physicalAssetThingName].shiftStartTime = shiftStartTime ? shiftStartTime : Things[physicalAssetThingName].shiftStartTime;
                                                Things[physicalAssetThingName].kpisCalculationPeriod = kpiPeriod ? kpiPeriod : Things[physicalAssetThingName].kpisCalculationPeriod;
                                            }
                                            
                                            if ( isKpiShapeImplemented ){
                                                var kpiSame = Things["PTC.SCA.SCO.ManageResourceUtils"].IsKPISimilar({
                                                    physicalAssetThingName: physicalAssetThingName,
                                                    kpisCalculationPeriod: kpiPeriod
                                                });
                                        
                                                Things[physicalAssetThingName].kpiForceUpdate = kpiSame;
                                            }
                                        
                                            Things["PTC.SCA.SCO.ManageResourceUtils"].BindServerTags({
                                                serverThingName : serverThingName,
                                                physicalAssetThingName: physicalAssetThingName,
                                                statusTagInfo: status
                                            });
                                        }
                                        ]]>
                                        </code>
                                    </Row>
                                </Rows>
                            </ConfigurationTable>
                        </ConfigurationTables>
                    </ServiceImplementation>
                </ServiceImplementations>
                <Subscriptions></Subscriptions>
            </ThingShape>
            <ImplementedShapes></ImplementedShapes>
            <SharedConfigurationTables></SharedConfigurationTables>
            <InstanceDesignTimePermissions>
                <Create></Create>
                <Read></Read>
                <Update></Update>
                <Delete></Delete>
                <Metadata></Metadata>
            </InstanceDesignTimePermissions>
            <InstanceRunTimePermissions></InstanceRunTimePermissions>
            <InstanceVisibilityPermissions>
                <Visibility></Visibility>
            </InstanceVisibilityPermissions>
        </ThingTemplate>
    </ThingTemplates>
</Entities>
