<?xml version="1.0" encoding="UTF-8"?>
<Entities
 build="b8632"
 majorVersion="0"
 minorVersion="0"
 modelPersistenceProviderPackage="PostgresPersistenceProviderPackage"
 revision="0"
 schemaVersion="1100"
 universal="password">
    <ThingTemplates>
        <ThingTemplate
         aspect.isEditableExtensionObject="false"
         aspect.isExtension="true"
         baseThingTemplate="PTC.SCA.SCO.GeneralAssetThingTemplate"
         description="Base ThingTemplate for physical assets. {PTC.ISA95.PhysicalAssetBaseThingTemplate}"
         documentationContent=""
         effectiveThingPackage="RemoteThingWithTunnelsAndFileTransfer"
         homeMashup=""
         inheritedValueStream=""
         lastModifiedDate="2020-02-25T10:04:31.104-05:00"
         name="PTC.ISA95.PhysicalAssetBaseThingTemplate"
         projectName="PTC.SCA.SCO.Asset.Model"
         tags="PTC:sca-sco;PTC:ThingTemplate;PTC:sca-sco-asset-model"
         thingPackage=""
         valueStream="">
            <avatar></avatar>
            <DesignTimePermissions>
                <Create></Create>
                <Read></Read>
                <Update></Update>
                <Delete></Delete>
                <Metadata></Metadata>
            </DesignTimePermissions>
            <RunTimePermissions>
                <Permissions
                 resourceName="*">
                    <PropertyRead>
                        <Principal
                         isPermitted="true"
                         name="FactoryUsers"
                         type="Group"></Principal>
                    </PropertyRead>
                    <PropertyWrite>
                        <Principal
                         isPermitted="true"
                         name="FactoryUsers"
                         type="Group"></Principal>
                    </PropertyWrite>
                    <ServiceInvoke>
                        <Principal
                         isPermitted="true"
                         name="FactoryUsers"
                         type="Group"></Principal>
                    </ServiceInvoke>
                    <EventInvoke>
                        <Principal
                         isPermitted="true"
                         name="FactoryUsers"
                         type="Group"></Principal>
                    </EventInvoke>
                    <EventSubscribe>
                        <Principal
                         isPermitted="true"
                         name="FactoryUsers"
                         type="Group"></Principal>
                    </EventSubscribe>
                </Permissions>
            </RunTimePermissions>
            <VisibilityPermissions>
                <Visibility>
                    <Principal
                     isPermitted="true"
                     name="PTC.Factory.MachineVisibility"
                     type="Organization"></Principal>
                </Visibility>
            </VisibilityPermissions>
            <ConfigurationTableDefinitions></ConfigurationTableDefinitions>
            <ConfigurationTables>
                <ConfigurationTable
                 dataShapeName=""
                 description="Reporting Settings"
                 isMultiRow="false"
                 name="ReportingConfiguration"
                 ordinal="0">
                    <DataShape>
                        <FieldDefinitions>
                            <FieldDefinition
                             aspect.defaultValue="NotReporting"
                             aspect.isPrimaryKey="true"
                             aspect.isReadOnly="false"
                             aspect.thingTemplate="ReportingStrategy"
                             baseType="THINGNAME"
                             description="Strategy to determine health"
                             name="reportingStrategy"
                             ordinal="1"></FieldDefinition>
                        </FieldDefinitions>
                    </DataShape>
                    <Rows>
                        <Row>
                            <reportingStrategy>
                            <![CDATA[
                            AlwaysOnReporting
                            ]]>
                            </reportingStrategy>
                        </Row>
                    </Rows>
                </ConfigurationTable>
                <ConfigurationTable
                 dataShapeName=""
                 description="General Settings"
                 isMultiRow="false"
                 name="TunnelSettings"
                 ordinal="0">
                    <DataShape>
                        <FieldDefinitions>
                            <FieldDefinition
                             aspect.friendlyName="Enable Tunneling"
                             aspect.isNullable="true"
                             baseType="BOOLEAN"
                             description="Enable tunneling"
                             name="enableTunneling"
                             ordinal="0"></FieldDefinition>
                        </FieldDefinitions>
                    </DataShape>
                    <Rows>
                        <Row></Row>
                    </Rows>
                </ConfigurationTable>
                <ConfigurationTable
                 dataShapeName=""
                 description="Tunneling Destinations"
                 isMultiRow="true"
                 name="Tunnels"
                 ordinal="1">
                    <DataShape>
                        <FieldDefinitions>
                            <FieldDefinition
                             aspect.defaultValue=""
                             aspect.friendlyName="Application Path"
                             baseType="STRING"
                             description="Location of the client app that will use this tunnel"
                             name="appUri"
                             ordinal="5"></FieldDefinition>
                            <FieldDefinition
                             aspect.defaultValue=""
                             aspect.friendlyName="Description"
                             baseType="STRING"
                             description="A description of the tunnel"
                             name="description"
                             ordinal="3"></FieldDefinition>
                            <FieldDefinition
                             aspect.defaultValue="127.0.0.1"
                             aspect.friendlyName="Host"
                             baseType="STRING"
                             description="Host or IP that this tunnel will connect to at the edge"
                             name="host"
                             ordinal="1"></FieldDefinition>
                            <FieldDefinition
                             aspect.defaultValue="vnc"
                             aspect.friendlyName="Name"
                             baseType="STRING"
                             description="Name of the tunnel"
                             name="name"
                             ordinal="0"></FieldDefinition>
                            <FieldDefinition
                             aspect.defaultValue="1.0"
                             aspect.friendlyName="Number of Connects"
                             baseType="NUMBER"
                             description="The number of connections required to establish this tunnel"
                             name="numConnects"
                             ordinal="4"></FieldDefinition>
                            <FieldDefinition
                             aspect.defaultValue="5900.0"
                             aspect.friendlyName="Port"
                             baseType="NUMBER"
                             description="Port that this tunnel will connect to at the edge"
                             name="port"
                             ordinal="2"></FieldDefinition>
                            <FieldDefinition
                             aspect.defaultValue="tcp"
                             aspect.friendlyName="Protocol"
                             baseType="STRING"
                             description="The protocol used over this tunnel"
                             name="proto"
                             ordinal="6"></FieldDefinition>
                        </FieldDefinitions>
                    </DataShape>
                    <Rows></Rows>
                </ConfigurationTable>
            </ConfigurationTables>
            <PropertyBindings></PropertyBindings>
            <RemotePropertyBindings></RemotePropertyBindings>
            <RemoteServiceBindings></RemoteServiceBindings>
            <RemoteEventBindings></RemoteEventBindings>
            <AlertConfigurations></AlertConfigurations>
            <ThingShape>
                <PropertyDefinitions></PropertyDefinitions>
                <ServiceDefinitions></ServiceDefinitions>
                <EventDefinitions></EventDefinitions>
                <ServiceMappings></ServiceMappings>
                <ServiceImplementations>
                    <ServiceImplementation
                     description=""
                     handlerName="Script"
                     name="GetTagPickerProperties">
                        <ConfigurationTables>
                            <ConfigurationTable
                             dataShapeName=""
                             description=""
                             isMultiRow="false"
                             name="Script"
                             ordinal="0">
                                <DataShape>
                                    <FieldDefinitions>
                                        <FieldDefinition
                                         baseType="STRING"
                                         description="code"
                                         name="code"
                                         ordinal="0"></FieldDefinition>
                                    </FieldDefinitions>
                                </DataShape>
                                <Rows>
                                    <Row>
                                        <code>
                                        <![CDATA[
                                        /*
                                        *  The final result is generated as follows:
                                        *
                                        *  If IncludeInheritedProperties is True and myList is empty, Then
                                        *     result = My Properties + (Inherited Properties - Excluded Properties)
                                        *  Else
                                        *     result = My Properties + myList
                                        */
                                        
                                        // ***DEPRECATED-J*** Properties goodCount, totalCount, idealRunRate, availability, quality, performance and oee will be deleted in a future release.
                                        var includeInheritedProperties = true;
                                        var myList = "actualProductionTime_APT,availability,Availability_currentValue,Effectiveness_currentValue,goodCount,goodQuantity_GQ,idealRunRate,oee,OEE_currentValue,performance,plannedBusyTime_PBT,plannedRunTimePerItem_PRI,producedQuantity_PQ,quality,QualityRatio_currentValue,status,totalCount";
                                        var excludedProperties = me.GetExcludedProperties();
                                        
                                        // result: INFOTABLE dataShape: "PTC.SCA.SCO.PropertyDetailsDataShape"
                                        var result =  Things["PTC.SCA.SCO.CommonUtils"].GetPropertiesInformation({
                                            propertiesList: myList /* STRING */,
                                            excludedPropertiesList: excludedProperties /* STRING */,
                                            query: query /* QUERY */,
                                            includeInheritedProperties: includeInheritedProperties /* BOOLEAN */,
                                            filterType: "" /* STRING */,
                                            entity: me.name /* THINGNAME */,
                                            filterLoggedProperties: false /* BOOLEAN */
                                        });
                                        ]]>
                                        </code>
                                    </Row>
                                </Rows>
                            </ConfigurationTable>
                        </ConfigurationTables>
                    </ServiceImplementation>
                </ServiceImplementations>
                <Subscriptions></Subscriptions>
            </ThingShape>
            <ImplementedShapes>
                <ImplementedShape
                 name="PTC.Factory.PhysicalAssetThingShape"
                 type="ThingShape"></ImplementedShape>
                <ImplementedShape
                 name="PTC.SCA.SCO.SiteThingShape"
                 type="ThingShape"></ImplementedShape>
                <ImplementedShape
                 name="PTC.SCA.SCO.KPIElementThingShape"
                 type="ThingShape"></ImplementedShape>
                <ImplementedShape
                 name="PTC.SCA.SCO.QualityRatioThingShape"
                 type="ThingShape"></ImplementedShape>
                <ImplementedShape
                 name="PTC.SCA.SCO.OEEThingShape"
                 type="ThingShape"></ImplementedShape>
                <ImplementedShape
                 name="PTC.SCA.Mfg.AssetFilteringThingShape"
                 type="ThingShape"></ImplementedShape>
                <ImplementedShape
                 name="PTC.ISA95.EquipmentAssetMappingThingShape"
                 type="ThingShape"></ImplementedShape>
                <ImplementedShape
                 name="PTC.SCA.SCO.AvailabilityThingShape"
                 type="ThingShape"></ImplementedShape>
                <ImplementedShape
                 name="PTC.SCA.SCO.EffectivenessThingShape"
                 type="ThingShape"></ImplementedShape>
                <ImplementedShape
                 name="PTC.ISA95.GeneralPhysicalAssetThingShape"
                 type="ThingShape"></ImplementedShape>
            </ImplementedShapes>
            <SharedConfigurationTables>
                <ConfigurationTable
                 dataShapeName=""
                 description="Shared Remote Tunneling Settings"
                 isMultiRow="false"
                 name="SharedTunnelSettings"
                 ordinal="0">
                    <DataShape>
                        <FieldDefinitions>
                            <FieldDefinition
                             aspect.defaultValue="false"
                             aspect.friendlyName="Enable Tunneling"
                             baseType="BOOLEAN"
                             description="Enable tunneling"
                             name="enableTunneling"
                             ordinal="0"></FieldDefinition>
                        </FieldDefinitions>
                    </DataShape>
                    <Rows>
                        <Row>
                            <enableTunneling>false</enableTunneling>
                        </Row>
                    </Rows>
                </ConfigurationTable>
                <ConfigurationTable
                 dataShapeName=""
                 description="Shared Tunneling Destinations"
                 isMultiRow="true"
                 name="SharedTunnels"
                 ordinal="1">
                    <DataShape>
                        <FieldDefinitions>
                            <FieldDefinition
                             aspect.friendlyName="Application Path"
                             baseType="STRING"
                             description="Location of the client app that will use this tunnel"
                             name="appUri"
                             ordinal="5"></FieldDefinition>
                            <FieldDefinition
                             aspect.friendlyName="Description"
                             baseType="STRING"
                             description="A description of the tunnel"
                             name="description"
                             ordinal="3"></FieldDefinition>
                            <FieldDefinition
                             aspect.friendlyName="Host"
                             baseType="STRING"
                             description="Host or IP that this tunnel will connect to at the edge"
                             name="host"
                             ordinal="1"></FieldDefinition>
                            <FieldDefinition
                             aspect.friendlyName="Name"
                             baseType="STRING"
                             description="Name of the tunnel"
                             name="name"
                             ordinal="0"></FieldDefinition>
                            <FieldDefinition
                             aspect.friendlyName="Number of Connects"
                             baseType="NUMBER"
                             description="The number of connections required to establish this tunnel"
                             name="numConnects"
                             ordinal="4"></FieldDefinition>
                            <FieldDefinition
                             aspect.friendlyName="Port"
                             baseType="NUMBER"
                             description="Port that this tunnel will connect to at the edge"
                             name="port"
                             ordinal="2"></FieldDefinition>
                            <FieldDefinition
                             aspect.friendlyName="Protocol"
                             baseType="STRING"
                             description="The protocol used over this tunnel"
                             name="proto"
                             ordinal="6"></FieldDefinition>
                        </FieldDefinitions>
                    </DataShape>
                    <Rows></Rows>
                </ConfigurationTable>
            </SharedConfigurationTables>
            <InstanceDesignTimePermissions>
                <Create></Create>
                <Read>
                    <Principal
                     isPermitted="true"
                     name="Controls Engineer"
                     type="Group"></Principal>
                    <Principal
                     isPermitted="true"
                     name="Maintenance Engineer"
                     type="Group"></Principal>
                    <Principal
                     isPermitted="true"
                     name="Maintenance Manager"
                     type="Group"></Principal>
                </Read>
                <Update>
                    <Principal
                     isPermitted="true"
                     name="Controls Engineer"
                     type="Group"></Principal>
                    <Principal
                     isPermitted="true"
                     name="Maintenance Engineer"
                     type="Group"></Principal>
                    <Principal
                     isPermitted="true"
                     name="Maintenance Manager"
                     type="Group"></Principal>
                </Update>
                <Delete>
                    <Principal
                     isPermitted="true"
                     name="Controls Engineer"
                     type="Group"></Principal>
                    <Principal
                     isPermitted="true"
                     name="Maintenance Engineer"
                     type="Group"></Principal>
                    <Principal
                     isPermitted="true"
                     name="Maintenance Manager"
                     type="Group"></Principal>
                </Delete>
                <Metadata></Metadata>
            </InstanceDesignTimePermissions>
            <InstanceRunTimePermissions>
                <Permissions
                 resourceName="*">
                    <PropertyRead>
                        <Principal
                         isPermitted="true"
                         name="FactoryUsers"
                         type="Group"></Principal>
                    </PropertyRead>
                    <PropertyWrite>
                        <Principal
                         isPermitted="true"
                         name="FactoryUsers"
                         type="Group"></Principal>
                    </PropertyWrite>
                    <ServiceInvoke>
                        <Principal
                         isPermitted="true"
                         name="FactoryUsers"
                         type="Group"></Principal>
                    </ServiceInvoke>
                    <EventInvoke>
                        <Principal
                         isPermitted="true"
                         name="FactoryUsers"
                         type="Group"></Principal>
                    </EventInvoke>
                    <EventSubscribe>
                        <Principal
                         isPermitted="true"
                         name="FactoryUsers"
                         type="Group"></Principal>
                    </EventSubscribe>
                </Permissions>
            </InstanceRunTimePermissions>
            <InstanceVisibilityPermissions>
                <Visibility>
                    <Principal
                     isPermitted="true"
                     name="PTC.Factory.MachineVisibility"
                     type="Organization"></Principal>
                </Visibility>
            </InstanceVisibilityPermissions>
        </ThingTemplate>
    </ThingTemplates>
</Entities>
