<?xml version="1.0" encoding="UTF-8"?>
<Entities
 build="b5"
 majorVersion="8"
 minorVersion="1"
 modelPersistenceProviderPackage="PostgresPersistenceProviderPackage"
 revision="0"
 schemaVersion="1010">
    <ThingTemplates>
        <ThingTemplate
         aspect.isEditableExtensionObject="false"
         aspect.isExtension="true"
         baseThingTemplate="Scheduler"
         description="***DEPRECATED-J*** This template will be deleted in a future release. SCO Anomaly Status Evaluation Scheduler Thing Template {PTC.SCA.SCO.AnomalyStatusEvaluationSchedulerThingTemplate}"
         documentationContent=""
         effectiveThingPackage="SchedulerThing"
         homeMashup=""
         lastModifiedDate="2017-09-27T20:03:47.207Z"
         name="PTC.SCA.SCO.AnomalyStatusEvaluationSchedulerThingTemplate"
         projectName="PTC.SCA.SCO.Common"
         tags="PTC:sca-sco;PTC:ThingTemplate;PTC:sca-sco-common"
         thingPackage=""
         valueStream="">
            <avatar></avatar>
            <DesignTimePermissions>
                <Create></Create>
                <Read></Read>
                <Update></Update>
                <Delete></Delete>
                <Metadata></Metadata>
            </DesignTimePermissions>
            <RunTimePermissions></RunTimePermissions>
            <VisibilityPermissions>
                <Visibility></Visibility>
            </VisibilityPermissions>
            <ConfigurationTables>
                <ConfigurationTable
                 description="General Settings"
                 isHidden="true"
                 isMultiRow="false"
                 name="Settings"
                 ordinal="0">
                    <DataShape>
                        <FieldDefinitions>
                            <FieldDefinition
                             aspect.defaultValue="true"
                             baseType="BOOLEAN"
                             description="Automatically enable scheduler on startup"
                             name="enabled"
                             ordinal="0"></FieldDefinition>
                            <FieldDefinition
                             baseType="USERNAME"
                             description="User context in which to run event handlers"
                             name="runAsUser"
                             ordinal="0"></FieldDefinition>
                            <FieldDefinition
                             aspect.defaultValue="0 0/1 * * * ?"
                             baseType="SCHEDULE"
                             description="Execution Schedule (Cron String)"
                             name="schedule"
                             ordinal="0"></FieldDefinition>
                        </FieldDefinitions>
                    </DataShape>
                    <Rows>
                        <Row>
                            <enabled>true</enabled>
                            <runAsUser>
                            <![CDATA[
                            Administrator
                            ]]>
                            </runAsUser>
                            <schedule>
                            <![CDATA[
                            0/30 * * * * ? *
                            ]]>
                            </schedule>
                        </Row>
                    </Rows>
                </ConfigurationTable>
            </ConfigurationTables>
            <PropertyBindings></PropertyBindings>
            <RemotePropertyBindings></RemotePropertyBindings>
            <RemoteServiceBindings></RemoteServiceBindings>
            <RemoteEventBindings></RemoteEventBindings>
            <AlertConfigurations></AlertConfigurations>
            <ThingShape>
                <PropertyDefinitions></PropertyDefinitions>
                <ServiceDefinitions>
                    <ServiceDefinition
                     aspect.isAsync="false"
                     category=""
                     description="Trigger the event handler. Use for integration tests only."
                     isAllowOverride="false"
                     isLocalOnly="false"
                     isOpen="false"
                     isPrivate="false"
                     name="TriggerScheduledEvent">
                        <ResultType
                         baseType="NOTHING"
                         description=""
                         name="result"
                         ordinal="0"></ResultType>
                        <ParameterDefinitions></ParameterDefinitions>
                    </ServiceDefinition>
                </ServiceDefinitions>
                <EventDefinitions></EventDefinitions>
                <ServiceMappings></ServiceMappings>
                <ServiceImplementations>
                    <ServiceImplementation
                     description=""
                     handlerName="Script"
                     name="TriggerScheduledEvent">
                        <ConfigurationTables>
                            <ConfigurationTable
                             description="Script"
                             isMultiRow="false"
                             name="Script"
                             ordinal="0">
                                <DataShape>
                                    <FieldDefinitions>
                                        <FieldDefinition
                                         baseType="STRING"
                                         description="code"
                                         name="code"
                                         ordinal="0"></FieldDefinition>
                                    </FieldDefinitions>
                                </DataShape>
                                <Rows>
                                    <Row>
                                        <code>
                                        <![CDATA[
                                        // No return
                                        var params = {
                                            timestamp: new Date()
                                        };
                                        
                                        me.ScheduledEvent(params);
                                        ]]>
                                        </code>
                                    </Row>
                                </Rows>
                            </ConfigurationTable>
                        </ConfigurationTables>
                    </ServiceImplementation>
                </ServiceImplementations>
                <Subscriptions>
                    <Subscription
                     enabled="true"
                     eventName="ScheduledEvent"
                     source=""
                     sourceProperty="">
                        <ServiceImplementation
                         description=""
                         handlerName="Script"
                         name="Event.ScheduledEvent">
                            <ConfigurationTables>
                                <ConfigurationTable
                                 description=""
                                 isMultiRow="false"
                                 name="Script"
                                 ordinal="0">
                                    <DataShape>
                                        <FieldDefinitions>
                                            <FieldDefinition
                                             baseType="STRING"
                                             description="code"
                                             name="code"
                                             ordinal="0"></FieldDefinition>
                                        </FieldDefinitions>
                                    </DataShape>
                                    <Rows>
                                        <Row>
                                            <code>
                                            <![CDATA[
                                            // No return
                                            var anomalyThings = ThingShapes["PTC.SCA.SCO.AnomalyThingShape"].GetImplementingThings();
                                            
                                            var numOfAnomalyThings = anomalyThings.rows.length;
                                            
                                            for (var i = 0; i < numOfAnomalyThings; i++) {
                                                var row = anomalyThings.rows[i];
                                                Things[row.name].EvaluateAnomalyStatus();
                                            }
                                            ]]>
                                            </code>
                                        </Row>
                                    </Rows>
                                </ConfigurationTable>
                            </ConfigurationTables>
                        </ServiceImplementation>
                    </Subscription>
                </Subscriptions>
            </ThingShape>
            <ImplementedShapes></ImplementedShapes>
            <SharedConfigurationTables></SharedConfigurationTables>
            <InstanceDesignTimePermissions>
                <Create></Create>
                <Read></Read>
                <Update></Update>
                <Delete></Delete>
                <Metadata></Metadata>
            </InstanceDesignTimePermissions>
            <InstanceRunTimePermissions></InstanceRunTimePermissions>
            <InstanceVisibilityPermissions>
                <Visibility></Visibility>
            </InstanceVisibilityPermissions>
        </ThingTemplate>
    </ThingTemplates>
</Entities>
