<?xml version="1.0" encoding="UTF-8"?>
<Entities
 build="b36"
 majorVersion="8"
 minorVersion="2"
 modelPersistenceProviderPackage="PostgresPersistenceProviderPackage"
 revision="3"
 schemaVersion="1020">
    <ThingTemplates>
        <ThingTemplate
         aspect.isEditableExtensionObject="false"
         description="Metrics Utils template. {PTC.SCA.Common.MetricsUtilsTemplate}"
         documentationContent=""
         homeMashup=""
         lastModifiedDate="2017-04-12T20:25:40.543Z"
         name="PTC.SCA.SCO.Common.MetricsUtilsTemplate"
         projectName="PTC.SCA.SCO.Common"
         tags="PTC:sca-sco;PTC:ThingTemplate;PTC:sca-sco-common"
         thingPackage="PTC.SCA.SCO.Common.MetricsUtilsPackage"
         valueStream="">
            <InstanceRunTimePermissions>
                <Permissions
                 resourceName="RegisterTileAccess">
                    <PropertyRead></PropertyRead>
                    <PropertyWrite></PropertyWrite>
                    <ServiceInvoke>
                        <Principal
                         isPermitted="true"
                         name="FactoryUsers"
                         type="Group"></Principal>
                    </ServiceInvoke>
                    <EventInvoke></EventInvoke>
                    <EventSubscribe></EventSubscribe>
                </Permissions>
                <Permissions
                 resourceName="RegisterLogin">
                    <PropertyRead></PropertyRead>
                    <PropertyWrite></PropertyWrite>
                    <ServiceInvoke>
                        <Principal
                         isPermitted="true"
                         name="FactoryUsers"
                         type="Group"></Principal>
                    </ServiceInvoke>
                    <EventInvoke></EventInvoke>
                    <EventSubscribe></EventSubscribe>
                </Permissions>
            </InstanceRunTimePermissions>
            <InstanceVisibilityPermissions>
                <Visibility>
                    <Principal
                     isPermitted="true"
                     name="PTC.Factory.MachineVisibility"
                     type="Organization"></Principal>
                </Visibility>
            </InstanceVisibilityPermissions>
        </ThingTemplate>
    </ThingTemplates>
</Entities>
