<?xml version="1.0" encoding="UTF-8"?>
<Entities
 build="b88"
 majorVersion="8"
 minorVersion="2"
 modelPersistenceProviderPackage="PostgresPersistenceProviderPackage"
 revision="0"
 schemaVersion="1020"
 universal="">
    <ThingTemplates>
        <ThingTemplate
         aspect.isEditableExtensionObject="false"
         aspect.isSystemObject="false"
         description="ThingTemplate for LaunchPointConfigurationThing to configure the Mashups or other entities bound to certain launch points for customization. {PTC.Factory.LaunchPointConfigurationThingTemplate}"
         name="PTC.Factory.LaunchPointConfigurationThingTemplate"
         projectName="PTC.SCA.SCO.Configuration and Setup"
         tags="PTC:sca-sco;PTC:ThingTemplate;PTC:sca-sco-configurationandsetup"
         thingPackage="PTC.Factory.LaunchPointConfigurationPackage">
            <ConfigurationTableDefinitions>
                <ConfigurationTableDefinition
                 category=""
                 dataShapeName="PTC.SCA.SCO.EquipmentContextSettingsDataShape"
                 description="Table that represents the multicontext for a network"
                 isHidden="false"
                 isMultiRow="true"
                 name="EquipmentContextSettings"
                 ordinal="3"></ConfigurationTableDefinition>
            </ConfigurationTableDefinitions>
            <ConfigurationTables>
                <ConfigurationTable
                 description=""
                 isMultiRow="false"
                 name="DatabaseConfigurationSettings"
                 ordinal="9">
                    <DataShape>
                        <FieldDefinitions>
                            <FieldDefinition
                             aspect.isPrimaryKey="true"
                             aspect.thingShape="PTC.SCA.SCO.DatabaseThingShape"
                             aspect.thingTemplate="PTC.SCA.SCO.DatabaseThingTemplate"
                             baseType="THINGNAME"
                             description=""
                             name="DBConnection"
                             ordinal="1"></FieldDefinition>
                        </FieldDefinitions>
                    </DataShape>
                    <Rows>
                        <Row>
                            <DBConnection></DBConnection>
                        </Row>
                    </Rows>
                </ConfigurationTable>
                <ConfigurationTable
                 description="Table that represents the multicontext for a network"
                 isMultiRow="true"
                 name="EquipmentContextSettings"
                 ordinal="3">
                    <DataShape>
                        <FieldDefinitions>
                            <FieldDefinition
                             aspect.isPrimaryKey="true"
                             baseType="STRING"
                             description="Context Name served as a primary Key"
                             name="ContextName"
                             ordinal="1"></FieldDefinition>
                            <FieldDefinition
                             aspect.defaultValue="true"
                             aspect.isPrimaryKey="false"
                             baseType="BOOLEAN"
                             description="Boolean representing if the context can be used"
                             name="Enabled"
                             ordinal="6"></FieldDefinition>
                            <FieldDefinition
                             aspect.isPrimaryKey="false"
                             aspect.thingTemplate="DataTable"
                             baseType="THINGNAME"
                             description="DataTable representing the relationship settings"
                             name="EquipmentRelationshipSettings"
                             ordinal="5"></FieldDefinition>
                            <FieldDefinition
                             aspect.isPrimaryKey="false"
                             baseType="STRING"
                             description="Localization token"
                             name="LocalizationToken"
                             ordinal="4"></FieldDefinition>
                            <FieldDefinition
                             aspect.isPrimaryKey="false"
                             baseType="STRING"
                             description="String representing the network context"
                             name="Network"
                             ordinal="2"></FieldDefinition>
                            <FieldDefinition
                             aspect.isPrimaryKey="false"
                             baseType="STRING"
                             description="Description of the context"
                             name="Description"
                             ordinal="3"></FieldDefinition>
                        </FieldDefinitions>
                    </DataShape>
                    <Rows>
                        <Row>
                            <ContextName>
                            <![CDATA[
                            DefaultContext
                            ]]>
                            </ContextName>
                            <Network>
                            <![CDATA[
                            PTC.Factory.PlantNetwork
                            ]]>
                            </Network>
                            <Description>
                            <![CDATA[
                            Default context that presents the equipment structure according to the ISA95 standard.
                            ]]>
                            </Description>
                            <LocalizationToken>
                            <![CDATA[
                            PTC.SCA.SCO.Context.DefaultContextName
                            ]]>
                            </LocalizationToken>
                            <EquipmentRelationshipSettings>
                            <![CDATA[
                            PTC.SCA.SCO.DefaultEquipmentRelationshipDefinition
                            ]]>
                            </EquipmentRelationshipSettings>
                            <Enabled>true</Enabled>
                        </Row>
                    </Rows>
                </ConfigurationTable>
                <ConfigurationTable
                 description=""
                 isMultiRow="true"
                 name="ManagerConfigurationSettings"
                 ordinal="0">
                    <DataShape>
                        <FieldDefinitions>
                            <FieldDefinition
                             aspect.isPrimaryKey="true"
                             baseType="STRING"
                             description=""
                             name="Name"
                             ordinal="1"></FieldDefinition>
                            <FieldDefinition
                             aspect.isPrimaryKey="false"
                             aspect.thingShape="PTC.SCA.SCO.DBManagementThingShape"
                             baseType="THINGNAME"
                             description=""
                             name="Value"
                             ordinal="2"></FieldDefinition>
                        </FieldDefinitions>
                    </DataShape>
                    <Rows>
                        <Row>
                            <Name>
                            <![CDATA[
                            StatusManager
                            ]]>
                            </Name>
                            <Value>
                            <![CDATA[
                            PTC.SCA.SCO.DefaultStatusManager
                            ]]>
                            </Value>
                        </Row>
                        <Row>
                            <Name>
                            <![CDATA[
                            KPIManager
                            ]]>
                            </Name>
                            <Value>
                            <![CDATA[
                            PTC.SCA.SCO.DefaultKPIManager
                            ]]>
                            </Value>
                        </Row>
                        <Row>
                            <Name>
                            <![CDATA[
                            ProductionOrderManager
                            ]]>
                            </Name>
                            <Value>
                            <![CDATA[
                            PTC.SCA.SCO.DefaultProductionOrderManager
                            ]]>
                            </Value>
                        </Row>
                        <Row>
                            <Name>
                            <![CDATA[
                            ShiftManager
                            ]]>
                            </Name>
                            <Value>
                            <![CDATA[
                            PTC.SCA.SCO.DefaultShiftManager
                            ]]>
                            </Value>
                        </Row>
                        <Row>
                            <Name>
                            <![CDATA[
                            WorkforceManager
                            ]]>
                            </Name>
                            <Value>
                            <![CDATA[
                            PTC.SCA.SCO.DefaultWorkforceManager
                            ]]>
                            </Value>
                        </Row>
                        <Row>
                            <Name>
                            <![CDATA[
                            ContextManager
                            ]]>
                            </Name>
                            <Value>
                            <![CDATA[
                            PTC.SCA.SCO.DefaultContextManager
                            ]]>
                            </Value>
                        </Row>
                        <Row>
                            <Name>
                            <![CDATA[
                            HistoricalDataManager
                            ]]>
                            </Name>
                            <Value>
                            <![CDATA[
                            PTC.SCA.SCO.HistoricalDataManager
                            ]]>
                            </Value>
                        </Row>
                    </Rows>
                </ConfigurationTable>
            </ConfigurationTables>
            <ThingShape>
                <PropertyDefinitions></PropertyDefinitions>
                <ServiceDefinitions></ServiceDefinitions>
                <EventDefinitions></EventDefinitions>
                <ServiceMappings></ServiceMappings>
                <ServiceImplementations></ServiceImplementations>
                <Subscriptions></Subscriptions>
            </ThingShape>
            <ImplementedShapes>
                <ImplementedShape
                 name="PTC.SCA.SCO.DBConfigurationThingShape"
                 type="ThingShape"></ImplementedShape>
                <ImplementedShape
                 name="PTC.SCA.SCO.ManagerConfigurationThingShape"
                 type="ThingShape"></ImplementedShape>
            </ImplementedShapes>
        </ThingTemplate>
    </ThingTemplates>
</Entities>
