<?xml version="1.0" encoding="UTF-8"?>
<Entities
 build="b6763"
 majorVersion="0"
 minorVersion="0"
 modelPersistenceProviderPackage="PostgresPersistenceProviderPackage"
 revision="0"
 schemaVersion="1050"
 universal="password">
    <ThingTemplates>
        <ThingTemplate
         aspect.isEditableExtensionObject="false"
         aspect.isExtension="true"
         aspect.isSystemObject="false"
         baseThingTemplate="GenericThing"
         description="Provide helper functions to define store/retrieve session informations (Example filter information for alerts monitoring). {PTC.SCA.SCO.SessionHelperTemplate}"
         documentationContent=""
         effectiveThingPackage="ConfiguredThing"
         homeMashup=""
         lastModifiedDate="2019-05-10T13:36:42.698-04:00"
         name="PTC.SCA.SCO.SessionHelperTemplate"
         projectName="PTC.SCA.SCO.Common"
         tags="PTC:sca-sco;PTC:ThingTemplate;PTC:sca-sco-common"
         thingPackage=""
         valueStream="">
            <avatar></avatar>
            <DesignTimePermissions>
                <Create></Create>
                <Read></Read>
                <Update></Update>
                <Delete></Delete>
                <Metadata></Metadata>
            </DesignTimePermissions>
            <RunTimePermissions></RunTimePermissions>
            <VisibilityPermissions>
                <Visibility></Visibility>
            </VisibilityPermissions>
            <ConfigurationTableDefinitions></ConfigurationTableDefinitions>
            <ConfigurationTables></ConfigurationTables>
            <PropertyBindings></PropertyBindings>
            <RemotePropertyBindings></RemotePropertyBindings>
            <RemoteServiceBindings></RemoteServiceBindings>
            <RemoteEventBindings></RemoteEventBindings>
            <AlertConfigurations></AlertConfigurations>
            <ThingShape>
                <PropertyDefinitions></PropertyDefinitions>
                <ServiceDefinitions>
                    <ServiceDefinition
                     aspect.isAsync="false"
                     category=""
                     description=""
                     isAllowOverride="false"
                     isLocalOnly="false"
                     isOpen="false"
                     isPrivate="false"
                     name="GetBoolean">
                        <ResultType
                         baseType="BOOLEAN"
                         description=""
                         name="result"
                         ordinal="0"></ResultType>
                        <ParameterDefinitions>
                            <FieldDefinition
                             aspect.isRequired="true"
                             baseType="STRING"
                             description=""
                             name="field"
                             ordinal="1"></FieldDefinition>
                            <FieldDefinition
                             baseType="STRING"
                             description=""
                             name="JSONFieldName"
                             ordinal="2"></FieldDefinition>
                        </ParameterDefinitions>
                    </ServiceDefinition>
                    <ServiceDefinition
                     aspect.isAsync="false"
                     category=""
                     description=""
                     isAllowOverride="false"
                     isLocalOnly="false"
                     isOpen="false"
                     isPrivate="false"
                     name="GetInfoTable">
                        <ResultType
                         baseType="INFOTABLE"
                         description=""
                         name="result"
                         ordinal="0"></ResultType>
                        <ParameterDefinitions>
                            <FieldDefinition
                             aspect.isRequired="true"
                             baseType="STRING"
                             description=""
                             name="field"
                             ordinal="1"></FieldDefinition>
                            <FieldDefinition
                             baseType="STRING"
                             description=""
                             name="JSONFieldName"
                             ordinal="2"></FieldDefinition>
                        </ParameterDefinitions>
                    </ServiceDefinition>
                    <ServiceDefinition
                     aspect.isAsync="false"
                     category=""
                     description=""
                     isAllowOverride="false"
                     isLocalOnly="false"
                     isOpen="false"
                     isPrivate="false"
                     name="GetJSON">
                        <ResultType
                         baseType="JSON"
                         description=""
                         name="result"
                         ordinal="0"></ResultType>
                        <ParameterDefinitions>
                            <FieldDefinition
                             aspect.isRequired="true"
                             baseType="STRING"
                             description=""
                             name="field"
                             ordinal="1"></FieldDefinition>
                        </ParameterDefinitions>
                    </ServiceDefinition>
                    <ServiceDefinition
                     aspect.isAsync="false"
                     category=""
                     description=""
                     isAllowOverride="false"
                     isLocalOnly="false"
                     isOpen="false"
                     isPrivate="false"
                     name="GetString">
                        <ResultType
                         baseType="STRING"
                         description=""
                         name="result"
                         ordinal="0"></ResultType>
                        <ParameterDefinitions>
                            <FieldDefinition
                             aspect.isRequired="true"
                             baseType="STRING"
                             description=""
                             name="field"
                             ordinal="1"></FieldDefinition>
                            <FieldDefinition
                             baseType="STRING"
                             description=""
                             name="JSONFieldName"
                             ordinal="2"></FieldDefinition>
                        </ParameterDefinitions>
                    </ServiceDefinition>
                    <ServiceDefinition
                     aspect.isAsync="false"
                     category=""
                     description=""
                     isAllowOverride="false"
                     isLocalOnly="false"
                     isOpen="false"
                     isPrivate="false"
                     name="SetBoolean">
                        <ResultType
                         baseType="NOTHING"
                         description=""
                         name="result"
                         ordinal="0"></ResultType>
                        <ParameterDefinitions>
                            <FieldDefinition
                             aspect.isRequired="true"
                             baseType="STRING"
                             description=""
                             name="field"
                             ordinal="1"></FieldDefinition>
                            <FieldDefinition
                             aspect.isRequired="true"
                             baseType="STRING"
                             description=""
                             name="JSONFieldName"
                             ordinal="3"></FieldDefinition>
                            <FieldDefinition
                             aspect.isRequired="true"
                             baseType="BOOLEAN"
                             description=""
                             name="value"
                             ordinal="2"></FieldDefinition>
                        </ParameterDefinitions>
                    </ServiceDefinition>
                    <ServiceDefinition
                     aspect.isAsync="false"
                     category=""
                     description=""
                     isAllowOverride="false"
                     isLocalOnly="false"
                     isOpen="false"
                     isPrivate="false"
                     name="SetInfoTable">
                        <ResultType
                         baseType="NOTHING"
                         description=""
                         name="result"
                         ordinal="0"></ResultType>
                        <ParameterDefinitions>
                            <FieldDefinition
                             baseType="STRING"
                             description=""
                             name="field"
                             ordinal="1"></FieldDefinition>
                            <FieldDefinition
                             baseType="STRING"
                             description=""
                             name="JSONFieldName"
                             ordinal="3"></FieldDefinition>
                            <FieldDefinition
                             aspect.isRequired="false"
                             baseType="INFOTABLE"
                             description=""
                             name="value"
                             ordinal="2"></FieldDefinition>
                        </ParameterDefinitions>
                    </ServiceDefinition>
                    <ServiceDefinition
                     aspect.isAsync="false"
                     category=""
                     description=""
                     isAllowOverride="false"
                     isLocalOnly="false"
                     isOpen="false"
                     isPrivate="false"
                     name="SetString">
                        <ResultType
                         baseType="NOTHING"
                         description=""
                         name="result"
                         ordinal="0"></ResultType>
                        <ParameterDefinitions>
                            <FieldDefinition
                             aspect.isRequired="true"
                             baseType="STRING"
                             description=""
                             name="field"
                             ordinal="1"></FieldDefinition>
                            <FieldDefinition
                             baseType="STRING"
                             description=""
                             name="JSONFieldName"
                             ordinal="3"></FieldDefinition>
                            <FieldDefinition
                             baseType="STRING"
                             description=""
                             name="value"
                             ordinal="3"></FieldDefinition>
                        </ParameterDefinitions>
                    </ServiceDefinition>
                </ServiceDefinitions>
                <EventDefinitions></EventDefinitions>
                <ServiceMappings></ServiceMappings>
                <ServiceImplementations>
                    <ServiceImplementation
                     description=""
                     handlerName="Script"
                     name="GetBoolean">
                        <ConfigurationTables>
                            <ConfigurationTable
                             description="Script"
                             isMultiRow="false"
                             name="Script"
                             ordinal="0">
                                <DataShape>
                                    <FieldDefinitions>
                                        <FieldDefinition
                                         baseType="STRING"
                                         description="code"
                                         name="code"
                                         ordinal="0"></FieldDefinition>
                                    </FieldDefinitions>
                                </DataShape>
                                <Rows>
                                    <Row>
                                        <code>
                                        <![CDATA[
                                        //Force to return the filter into json format
                                        //Dont use Resources["CurrentSessionInfo"].GetGlobalSessionValues().getRows(0).getValue(JSONFieldName)
                                        var filters = me.GetJSON({
                                        	field: JSONFieldName /* STRING */
                                        });
                                        
                                        var result = false;
                                        if (filters) {
                                            result = filters[field];
                                        }
                                        ]]>
                                        </code>
                                    </Row>
                                </Rows>
                            </ConfigurationTable>
                        </ConfigurationTables>
                    </ServiceImplementation>
                    <ServiceImplementation
                     description=""
                     handlerName="Script"
                     name="GetInfoTable">
                        <ConfigurationTables>
                            <ConfigurationTable
                             description=""
                             isMultiRow="false"
                             name="Script"
                             ordinal="0">
                                <DataShape>
                                    <FieldDefinitions>
                                        <FieldDefinition
                                         baseType="STRING"
                                         description="code"
                                         name="code"
                                         ordinal="0"></FieldDefinition>
                                    </FieldDefinitions>
                                </DataShape>
                                <Rows>
                                    <Row>
                                        <code>
                                        <![CDATA[
                                        //Force to return the filter into json format
                                        //Dont use Resources["CurrentSessionInfo"].GetGlobalSessionValues().getRows(0).getValue(JSONFieldName)
                                        var filters = me.GetJSON({
                                        	field: JSONFieldName /* STRING */
                                        });
                                        
                                        var result;
                                        if (filters) {
                                            result = filters[field];
                                        }
                                        if ( !result || (result === "undefined")){
                                        	result = { dataShape: { fieldDefinitions : {} }, rows: [] };
                                        }
                                        logger.debug("result["+field+"]:"+result+"'");
                                        ]]>
                                        </code>
                                    </Row>
                                </Rows>
                            </ConfigurationTable>
                        </ConfigurationTables>
                    </ServiceImplementation>
                    <ServiceImplementation
                     description=""
                     handlerName="Script"
                     name="GetJSON">
                        <ConfigurationTables>
                            <ConfigurationTable
                             description="Script"
                             isMultiRow="false"
                             name="Script"
                             ordinal="0">
                                <DataShape>
                                    <FieldDefinitions>
                                        <FieldDefinition
                                         baseType="STRING"
                                         description="code"
                                         name="code"
                                         ordinal="0"></FieldDefinition>
                                    </FieldDefinitions>
                                </DataShape>
                                <Rows>
                                    <Row>
                                        <code>
                                        <![CDATA[
                                        // sessionValues: INFOTABLE
                                        var sessionValues = Resources["CurrentSessionInfo"].GetGlobalSessionValues();
                                        var row = sessionValues.getRow(0);
                                        var result = row.getValue(field);
                                        
                                        if (!result) {
                                            result = {};
                                        }
                                        ]]>
                                        </code>
                                    </Row>
                                </Rows>
                            </ConfigurationTable>
                        </ConfigurationTables>
                    </ServiceImplementation>
                    <ServiceImplementation
                     description=""
                     handlerName="Script"
                     name="GetString">
                        <ConfigurationTables>
                            <ConfigurationTable
                             description="Script"
                             isMultiRow="false"
                             name="Script"
                             ordinal="0">
                                <DataShape>
                                    <FieldDefinitions>
                                        <FieldDefinition
                                         baseType="STRING"
                                         description="code"
                                         name="code"
                                         ordinal="0"></FieldDefinition>
                                    </FieldDefinitions>
                                </DataShape>
                                <Rows>
                                    <Row>
                                        <code>
                                        <![CDATA[
                                        //Force to return the filter into json format
                                        //Dont use Resources["CurrentSessionInfo"].GetGlobalSessionValues().getRows(0).getValue(JSONFieldName)
                                        var filters = me.GetJSON({
                                        	field: JSONFieldName /* STRING */
                                        });
                                        
                                        var result;
                                        if (filters) {
                                            result = filters[field];
                                        }
                                        if (!result) {
                                        	result = "";
                                        }
                                        ]]>
                                        </code>
                                    </Row>
                                </Rows>
                            </ConfigurationTable>
                        </ConfigurationTables>
                    </ServiceImplementation>
                    <ServiceImplementation
                     description=""
                     handlerName="Script"
                     name="SetBoolean">
                        <ConfigurationTables>
                            <ConfigurationTable
                             description="Script"
                             isMultiRow="false"
                             name="Script"
                             ordinal="0">
                                <DataShape>
                                    <FieldDefinitions>
                                        <FieldDefinition
                                         baseType="STRING"
                                         description="code"
                                         name="code"
                                         ordinal="0"></FieldDefinition>
                                    </FieldDefinitions>
                                </DataShape>
                                <Rows>
                                    <Row>
                                        <code>
                                        <![CDATA[
                                        //Force to return the filter into json format
                                        //Dont use Resources["CurrentSessionInfo"].GetGlobalSessionValues().getRows(0).getValue(JSONFieldName)
                                        var filters = me.GetJSON({
                                        	field: JSONFieldName /* STRING */
                                        });
                                        
                                        if (!filters) {
                                            filters = {};
                                        }
                                        filters[field] = value;
                                        
                                        //Need to be done like this because of issue with Rhino Javascript engine
                                        var jsonValue = JSON.parse(JSON.stringify(filters));
                                        
                                        var params = {
                                        	name: JSONFieldName /* STRING */,
                                        	value: jsonValue /* JSON */
                                        };
                                        
                                        // no return
                                        Resources["CurrentSessionInfo"].SetGlobalSessionJSONValue(params);
                                        ]]>
                                        </code>
                                    </Row>
                                </Rows>
                            </ConfigurationTable>
                        </ConfigurationTables>
                    </ServiceImplementation>
                    <ServiceImplementation
                     description=""
                     handlerName="Script"
                     name="SetInfoTable">
                        <ConfigurationTables>
                            <ConfigurationTable
                             description=""
                             isMultiRow="false"
                             name="Script"
                             ordinal="0">
                                <DataShape>
                                    <FieldDefinitions>
                                        <FieldDefinition
                                         baseType="STRING"
                                         description="code"
                                         name="code"
                                         ordinal="0"></FieldDefinition>
                                    </FieldDefinitions>
                                </DataShape>
                                <Rows>
                                    <Row>
                                        <code>
                                        <![CDATA[
                                        //Force to return the filter into json format
                                        //Dont use Resources["CurrentSessionInfo"].GetGlobalSessionValues().getRows(0).getValue(JSONFieldName)
                                        var filters = me.GetJSON({
                                        	field: JSONFieldName /* STRING */
                                        });
                                        
                                        if (!filters) {
                                            filters = {};
                                        }
                                        
                                        var currentValue = value;
                                        if ( !value || (value === "undefined")){
                                        	currentValue = { dataShape: { fieldDefinitions : {} }, rows: [] };
                                        }else{
                                        	currentValue = value;
                                        }
                                        
                                        //Force parsing to JSON
                                        if ((currentValue.constructor !== Object)){
                                        	currentValue = JSON.parse(currentValue.ToJSON());
                                        }
                                        
                                        filters[field] = currentValue;
                                        
                                        //Need to be done like this because of issue with Rhino Javascript engine
                                        var jsonValue = JSON.parse(JSON.stringify(filters));
                                        
                                        var params = {
                                        	name: JSONFieldName /* STRING */,
                                        	value: jsonValue /* JSON */
                                        };
                                        
                                        // no return
                                        Resources["CurrentSessionInfo"].SetGlobalSessionJSONValue(params);
                                        ]]>
                                        </code>
                                    </Row>
                                </Rows>
                            </ConfigurationTable>
                        </ConfigurationTables>
                    </ServiceImplementation>
                    <ServiceImplementation
                     description=""
                     handlerName="Script"
                     name="SetString">
                        <ConfigurationTables>
                            <ConfigurationTable
                             description="Script"
                             isMultiRow="false"
                             name="Script"
                             ordinal="0">
                                <DataShape>
                                    <FieldDefinitions>
                                        <FieldDefinition
                                         baseType="STRING"
                                         description="code"
                                         name="code"
                                         ordinal="0"></FieldDefinition>
                                    </FieldDefinitions>
                                </DataShape>
                                <Rows>
                                    <Row>
                                        <code>
                                        <![CDATA[
                                        //Force to return the filter into json format
                                        //Dont use Resources["CurrentSessionInfo"].GetGlobalSessionValues().getRows(0).getValue(JSONFieldName)
                                        var filters = me.GetJSON({
                                        	field: JSONFieldName /* STRING */
                                        });
                                        
                                        if (!filters) {
                                            filters = {};
                                        }
                                        
                                        if (!value) {
                                            value = "";
                                        }
                                        filters[field] = value;
                                        
                                        //Need to be done like this because of issue with Rhino Javascript engine
                                        var jsonValue = JSON.parse(JSON.stringify(filters));
                                        
                                        var params = {
                                        	name: JSONFieldName /* STRING */,
                                        	value: jsonValue /* JSON */
                                        };
                                        
                                        // no return
                                        Resources["CurrentSessionInfo"].SetGlobalSessionJSONValue(params);
                                        ]]>
                                        </code>
                                    </Row>
                                </Rows>
                            </ConfigurationTable>
                        </ConfigurationTables>
                    </ServiceImplementation>
                </ServiceImplementations>
                <Subscriptions></Subscriptions>
            </ThingShape>
            <ImplementedShapes></ImplementedShapes>
            <SharedConfigurationTables></SharedConfigurationTables>
            <InstanceDesignTimePermissions>
                <Create></Create>
                <Read></Read>
                <Update></Update>
                <Delete></Delete>
                <Metadata></Metadata>
            </InstanceDesignTimePermissions>
            <InstanceRunTimePermissions>
                <Permissions
                 resourceName="*">
                    <PropertyRead></PropertyRead>
                    <PropertyWrite></PropertyWrite>
                    <ServiceInvoke>
                        <Principal
                         isPermitted="true"
                         name="FactoryUsers"
                         type="Group"></Principal>
                    </ServiceInvoke>
                    <EventInvoke></EventInvoke>
                    <EventSubscribe></EventSubscribe>
                </Permissions>
            </InstanceRunTimePermissions>
            <InstanceVisibilityPermissions>
                <Visibility>
                    <Principal
                     isPermitted="true"
                     name="PTC.Factory.MachineVisibility"
                     type="Organization"></Principal>
                </Visibility>
            </InstanceVisibilityPermissions>
        </ThingTemplate>
    </ThingTemplates>
</Entities>
