<?xml version="1.0" encoding="UTF-8"?>
<Entities
 build="b88"
 majorVersion="8"
 minorVersion="2"
 modelPersistenceProviderPackage="PostgresPersistenceProviderPackage"
 revision="0"
 schemaVersion="1020"
 universal="">
    <DataTags>
        <DataTagVocabulary
         description="Data Tag defining type of action at import process."
         documentationContent=""
         homeMashup=""
         isDynamic="false"
         lastModifiedDate="2018-01-11T02:34:59.114-05:00"
         name="PTC.SCA.SCO.Common.ImportProcessType"
         projectName="PTC.SCA.SCO.Common"
         tags="PTC:sca-sco-common;PTC:factory-mv">
            <avatar></avatar>
            <DesignTimePermissions>
                <Create></Create>
                <Read></Read>
                <Update></Update>
                <Delete></Delete>
                <Metadata></Metadata>
            </DesignTimePermissions>
            <RunTimePermissions></RunTimePermissions>
            <VisibilityPermissions>
                <Visibility>
                    <Principal
                     isPermitted="true"
                     name="PTC.Factory.MachineVisibility"
                     type="Organization"></Principal>
                </Visibility>
            </VisibilityPermissions>
            <ConfigurationTables></ConfigurationTables>
            <VocabularyTerm
             description=""
             name="import"></VocabularyTerm>
            <VocabularyTerm
             description=""
             name="validate"></VocabularyTerm>
            <VocabularyTerm
             description=""
             name="upload"></VocabularyTerm>
        </DataTagVocabulary>
    </DataTags>
</Entities>
