<?xml version="1.0" encoding="utf-8"?><Entities><ExtensionPackages><ExtensionPackage name="analysisdeps-extension" description="Third party dependencies for Thingworx Analytics Manager" vendor="ThingWorx, a PTC Business." packageVersion="9.0.0" buildNumber="b3" minimumThingWorxVersion="9.0.0" haCompatible="true"><JarResources><FileResource file="analysisdeps-9.0.0-b3.jar" type="JAR"></FileResource><FileResource file="org.everit.json.schema-1.5.1.jar" type="JAR"></FileResource><FileResource file="resty-0.3.2.jar" type="JAR"></FileResource></JarResources></ExtensionPackage></ExtensionPackages></Entities>