<?xml version="1.0" encoding="UTF-8" standalone="no"?>
<Entities build="latest" majorVersion="0" minorVersion="0" revision="0" schemaVersion="931">
  <ThingShapes>
    <ThingShape
            description="Provides a way for a Thing to know which Remote Server to use to initiate its Remote Session, as well as retrieving session information for a specific session from the appropriate RemoteAccessServer."
      name="RemoteAccessProvider" tags="Applications:RemoteAccess">
      <ServiceDefinitions>
        <ServiceDefinition description="Get the list of active RemoteAccessServers names for this provider." name="GetActiveServers"
                           isAllowOverride="true">
          <ResultType aspect.dataShape="RemoteAccessServerName" baseType="INFOTABLE"
                      description="names of the active RemoteAccessServers for this provider" name="result"/>
          <ParameterDefinitions/>
        </ServiceDefinition>
        <ServiceDefinition description="Get the list of all RemoteActiveServers for this provider." name="GetAllServers"
                           isAllowOverride="true">
          <ResultType aspect.dataShape="RemoteAccessServerName" baseType="INFOTABLE"
                      description="names of the active RemoteAccessServers for this provider" name="result"/>
          <ParameterDefinitions/>
        </ServiceDefinition>
        <ServiceDefinition description="Get the session with the given ID." name="GetSession" isAllowOverride="true">
          <ResultType aspect.dataShape="RemoteSession" baseType="INFOTABLE"
                      description="The remote session with the given session ID" name="result"/>
          <ParameterDefinitions>
            <FieldDefinition baseType="GUID" description="the ID of the session to get" name="sessionId" ordinal="1"/>
            <FieldDefinition aspect.isRequired="true" aspect.thingShape="RemoteAccessible" baseType="THINGNAME"
                             description="the device that the session belongs to" name="agentDevice" ordinal="2"/>
          </ParameterDefinitions>
        </ServiceDefinition>
        <ServiceDefinition description="Get the sessions assigned by this provider to a Device." name="GetSessions"
                           isAllowOverride="true">
          <ResultType aspect.dataShape="RemoteSession" baseType="INFOTABLE"
                      description="the sessions assigned by this provider" name="result"/>
          <ParameterDefinitions>
            <FieldDefinition aspect.isRequired="true" aspect.thingShape="RemoteAccessible" baseType="THINGNAME"
                             description="the device to get sessions for" name="agentDevice" ordinal="1"/>
          </ParameterDefinitions>
        </ServiceDefinition>
        <ServiceDefinition description="Get the sessions assigned by this provider." name="GetAllSessions"
                           isAllowOverride="true">
          <ResultType aspect.dataShape="RemoteSession" baseType="INFOTABLE"
                      description="the sessions assigned by this provider" name="result"/>
        </ServiceDefinition>
        <ServiceDefinition description="End the session with the given UUID for the provided Thing."
                           isAllowOverride="true" name="EndSession">
          <ParameterDefinitions>
            <FieldDefinition aspect.isRequired="true" aspect.thingShape="RemoteAccessible" baseType="THINGNAME"
                             description="the device that the session belongs to" name="agentDevice" ordinal="2"/>
            <FieldDefinition aspect.isRequired="true" baseType="GUID" description="the ID of the session to end"
                             name="sessionId" ordinal="1"/>
          </ParameterDefinitions>
        </ServiceDefinition>
        <ServiceDefinition description="Starts a remote session for the given Thing." isAllowOverride="true"
                           name="StartSession">
          <ResultType baseType="GUID" description="session ID of the remote session to be created" name="result"/>
          <ParameterDefinitions>
            <FieldDefinition aspect.isRequired="true" aspect.thingShape="RemoteAccessible" baseType="THINGNAME"
                             description="the device to start a session for" name="agentDevice" ordinal="2"/>
            <FieldDefinition aspect.dataShape="RemoteSessionParameters" aspect.isRequired="true" baseType="INFOTABLE"
                             description="the parameters for the session to start" name="remoteSessionParameters"
                             ordinal="1"/>
          </ParameterDefinitions>
        </ServiceDefinition>
        <ServiceDefinition description="Get the endpoints available on the given device." name="GetRemoteAccessibleEndpoints"
                           isAllowOverride="true">
          <ResultType aspect.dataShape="RemoteEndpoint" baseType="INFOTABLE"
                      description="Endpoints available on the device" name="result"/>
          <ParameterDefinitions>
            <FieldDefinition aspect.isRequired="true" aspect.thingShape="RemoteAccessible" baseType="THINGNAME"
                             description="the device to get endpoints for" name="agentDevice" ordinal="1"/>
          </ParameterDefinitions>
        </ServiceDefinition>
        <ServiceDefinition description="Gets the remote viewer configuration data for the provided thing and endpoint name"
                           name="GetRemoteServerConfiguration" isAllowOverride="true">
          <ResultType baseType="JSON"
                      description="The remote server configuration properties" name="result"/>
          <ParameterDefinitions>
            <FieldDefinition aspect.isRequired="true" aspect.thingShape="RemoteAccessible" baseType="THINGNAME"
                             description="the device for the remote server configuration" name="agentDevice" ordinal="1"/>
            <FieldDefinition aspect.isRequired="true" baseType="STRING"
                             description="the name of the endpoint for the remote server configuration" name="endpointName" ordinal="2"/>
          </ParameterDefinitions>
        </ServiceDefinition>
      </ServiceDefinitions>
      <ServiceImplementations>
        <ServiceImplementation description="" handlerName="Script" name="GetSession">
          <ConfigurationTables>
            <ConfigurationTable description="Script" isMultiRow="false" name="Script" ordinal="0">
              <DataShape>
                <FieldDefinitions>
                  <FieldDefinition baseType="STRING" description="code" name="code" ordinal="0"/>
                </FieldDefinitions>
              </DataShape>
              <Rows>
                <Row>
                  <code><![CDATA[
var params = {
	remoteAccessible: agentDevice, /* THINGNAME */
	sessionId: sessionId
};
var result = Subsystems["RemoteAccessSubsystem"].GetSessionByRemoteAccessible(params);
]]></code>
                </Row>
              </Rows>
            </ConfigurationTable>
          </ConfigurationTables>
        </ServiceImplementation>
        <ServiceImplementation description="" handlerName="Script" name="GetSessions">
          <ConfigurationTables>
            <ConfigurationTable description="Script" isMultiRow="false" name="Script" ordinal="0">
              <DataShape>
                <FieldDefinitions>
                  <FieldDefinition baseType="STRING" description="code" name="code" ordinal="0"/>
                </FieldDefinitions>
              </DataShape>
              <Rows>
                <Row>
                  <code><![CDATA[
var params = {
	remoteAccessible: agentDevice /* THINGNAME */
};
var result = Subsystems["RemoteAccessSubsystem"].GetSessionsByRemoteAccessible(params);
]]></code>
                </Row>
              </Rows>
            </ConfigurationTable>
          </ConfigurationTables>
        </ServiceImplementation>
        <ServiceImplementation description="" handlerName="Script" name="GetRemoteServerConfiguration">
          <ConfigurationTables>
            <ConfigurationTable description="Script" isMultiRow="false" name="Script" ordinal="0">
              <DataShape>
                <FieldDefinitions>
                  <FieldDefinition baseType="STRING" description="code" name="code" ordinal="0"/>
                </FieldDefinitions>
              </DataShape>
              <Rows>
                <Row>
                  <code><![CDATA[/* Default implementation returns an empty JSON element */
var result = { };
]]></code>
                </Row>
              </Rows>
            </ConfigurationTable>
          </ConfigurationTables>
        </ServiceImplementation>
      </ServiceImplementations>
    </ThingShape>
  </ThingShapes>
</Entities>