<?xml version="1.0" encoding="UTF-8"?>
<Entities
 build="b18"
 majorVersion="7"
 minorVersion="1"
 modelPersistenceProviderPackage="NeoPersistenceProviderPackage"
 revision="0"
 schemaVersion="910">
    <ModelTags>
        <ModelTagVocabulary
         aspect.isExtension="true"
         description="KEP server model tags {KEPServer}"
         documentationContent="&lt;p&gt;&lt;br&gt;&lt;/p&gt; "
         homeMashup=""
         isDynamic="true"
         lastModifiedDate="2016-04-28T02:39:26.713Z"
         name="KEPServer"
         projectName="PTC.SCA.SCO.Application Home Page"
         tags="PTC:sca-sco-applicationhomepage;PTC:sca-common;PTC:Menu">
            <avatar></avatar>
            <DesignTimePermissions>
                <Create></Create>
                <Read></Read>
                <Update></Update>
                <Delete></Delete>
                <Metadata></Metadata>
            </DesignTimePermissions>
            <RunTimePermissions></RunTimePermissions>
            <VisibilityPermissions>
                <Visibility>
                    <Principal
                     isPermitted="true"
                     name="PTC.Factory.MachineVisibility"
                     type="Organization"></Principal>
                </Visibility>
            </VisibilityPermissions>
            <ConfigurationTables></ConfigurationTables>
        </ModelTagVocabulary>
    </ModelTags>
</Entities>
