<?xml version="1.0" encoding="UTF-8"?>
<Entities
 build="b8703"
 majorVersion="0"
 minorVersion="0"
 modelPersistenceProviderPackage="PostgresPersistenceProviderPackage"
 revision="0"
 schemaVersion="1100"
 universal="password">
    <DataShapes>
        <DataShape
         aspect.isEditableExtensionObject="false"
         aspect.isExtension="true"
         baseDataShape=""
         description="Data shape that defines the input type of the PTC.SCA.SCO.MigrationUtility.MigrateLocalKepServerBindingsToRemoteBindings {PTC.SCA.SCO.EquipmentKepServerBindingMigrationDataShape}."
         documentationContent=""
         homeMashup=""
         lastModifiedDate="2020-03-05T09:28:24.378-05:00"
         name="PTC.SCA.SCO.EquipmentKepServerBindingMigrationDataShape"
         projectName="PTC.SCA.SCO.Common"
         tags="PTC:sca-sco;PTC:DataShape;PTC:sca-sco-common">
            <avatar></avatar>
            <DesignTimePermissions>
                <Create></Create>
                <Read></Read>
                <Update></Update>
                <Delete></Delete>
                <Metadata></Metadata>
            </DesignTimePermissions>
            <RunTimePermissions></RunTimePermissions>
            <VisibilityPermissions>
                <Visibility></Visibility>
            </VisibilityPermissions>
            <ConfigurationTableDefinitions></ConfigurationTableDefinitions>
            <ConfigurationTables></ConfigurationTables>
            <FieldDefinitions>
                <FieldDefinition
                 aspect.isPrimaryKey="true"
                 baseType="STRING"
                 description="A valid equipment type. Type name should be the one defined on LaunchPointConfigurationThing's EquipmentTypeSettings configuration table."
                 name="equipmentType"
                 ordinal="1"></FieldDefinition>
                <FieldDefinition
                 aspect.isPrimaryKey="false"
                 aspect.thingTemplate="PTC.Factory.KepServerThingTemplate"
                 baseType="THINGNAME"
                 description=""
                 name="overrideKepServerThingName"
                 ordinal="2"></FieldDefinition>
            </FieldDefinitions>
        </DataShape>
    </DataShapes>
</Entities>
