<?xml version="1.0" encoding="UTF-8"?>
<Entities
 build="b1624"
 majorVersion="8"
 minorVersion="4"
 modelPersistenceProviderPackage="PostgresPersistenceProviderPackage"
 revision="0"
 schemaVersion="1040"
 universal="password">
    <Mashups>
        <Mashup
         aspect.isEditableExtensionObject="false"
         aspect.isExtension="true"
         aspect.isResponsive="false"
         aspect.mashupType="mashup"
         columns="0.0"
         description="Mashup for PTC ThingWorx Utilities Console tile {PTC.SCA.SCO.Console.Tile}"
         documentationContent="&lt;p&gt;Use a static mashup of 240x240 to avoid any unexpected scroll bars.&lt;/p&gt;"
         homeMashup=""
         lastModifiedDate="2018-12-12T16:12:14.414-05:00"
         name="PTC.SCA.SCO.Console.Tile"
         projectName="PTC.SCA.SCO.Application Home Page"
         rows="0.0"
         tags="PTC:sca-sco;PTC:Mashup;PTC:sca-sco-applicationhomepage">
            <avatar></avatar>
            <DesignTimePermissions>
                <Create></Create>
                <Read></Read>
                <Update></Update>
                <Delete></Delete>
                <Metadata></Metadata>
            </DesignTimePermissions>
            <RunTimePermissions></RunTimePermissions>
            <VisibilityPermissions>
                <Visibility>
                    <Principal
                     isPermitted="true"
                     name="PTC.Factory.MachineVisibility"
                     type="Organization"></Principal>
                    <Principal
                     isPermitted="true"
                     name="PTC.Factory.MachineVisibility:AssetPerformance"
                     type="OrganizationalUnit"></Principal>
                </Visibility>
            </VisibilityPermissions>
            <ConfigurationTableDefinitions></ConfigurationTableDefinitions>
            <ConfigurationTables></ConfigurationTables>
            <ParameterDefinitions>
                <FieldDefinition
                 aspect.ordinal="5"
                 baseType="BOOLEAN"
                 description=""
                 name="IsMashup"
                 ordinal="0"></FieldDefinition>
                <FieldDefinition
                 aspect.ordinal="7"
                 baseType="TEXT"
                 description=""
                 name="LocalizedDescription"
                 ordinal="0"></FieldDefinition>
                <FieldDefinition
                 aspect.ordinal="2"
                 baseType="TEXT"
                 description=""
                 name="LocalizedLabel"
                 ordinal="0"></FieldDefinition>
                <FieldDefinition
                 aspect.ordinal="3"
                 baseType="TEXT"
                 description=""
                 name="LocalizedTooltip"
                 ordinal="0"></FieldDefinition>
                <FieldDefinition
                 aspect.ordinal="6"
                 baseType="BOOLEAN"
                 description=""
                 name="OpenInNewWindow"
                 ordinal="0"></FieldDefinition>
                <FieldDefinition
                 aspect.ordinal="1"
                 baseType="IMAGELINK"
                 description=""
                 name="TileBackground"
                 ordinal="0"></FieldDefinition>
                <FieldDefinition
                 aspect.ordinal="0"
                 baseType="IMAGELINK"
                 description=""
                 name="TileIcon"
                 ordinal="0"></FieldDefinition>
                <FieldDefinition
                 aspect.ordinal="4"
                 baseType="STRING"
                 description=""
                 name="TileMashupOrURL"
                 ordinal="0"></FieldDefinition>
            </ParameterDefinitions>
            <Things></Things>
            <ThingShapes></ThingShapes>
            <ThingTemplates></ThingTemplates>
            <mashupContent>
            <![CDATA[
            {
              "CustomMashupCss" : ".hoverHelpPanel {\n    visibility:hidden;\n}\n\n.viewButton:hover ~ .hoverHelpPanel {\n    visibility: visible;\n}\n",
              "Data" : {
                "Session" : {
                  "DataName" : "Session",
                  "EntityName" : "",
                  "EntityType" : "Session",
                  "Id" : "session",
                  "Services" : [ {
                    "APIMethod" : "post",
                    "Characteristic" : "Services",
                    "Id" : "SessionInterface",
                    "Name" : "GetGlobalSessionValues",
                    "Parameters" : { },
                    "RefreshInterval" : 0,
                    "Target" : "GetGlobalSessionValues"
                  } ]
                },
                "UserExtensions" : {
                  "DataName" : "UserExtensions",
                  "EntityName" : "",
                  "EntityType" : "UserExtensions",
                  "Id" : "UserExtensions",
                  "Services" : [ {
                    "APIMethod" : "post",
                    "Characteristic" : "Services",
                    "Id" : "UserExtensionInterface",
                    "Name" : "GetCurrentUserExtensionProperties",
                    "Parameters" : { },
                    "RefreshInterval" : 0,
                    "Target" : "GetCurrentUserExtensionProperties"
                  } ]
                }
              },
              "DataBindings" : [ {
                "Id" : "5828bad3-6e53-4c60-9829-2241bbc88622",
                "PropertyMaps" : [ {
                  "SourceProperty" : "LocalizedTooltip",
                  "SourcePropertyBaseType" : "TEXT",
                  "TargetProperty" : "ToolTipField",
                  "TargetPropertyBaseType" : "STRING"
                } ],
                "SourceArea" : "Mashup",
                "SourceId" : "mashup-root",
                "SourceSection" : "",
                "TargetArea" : "UI",
                "TargetId" : "LinkTooltip-7",
                "TargetSection" : ""
              }, {
                "Id" : "83672d77-2b27-4ee1-8071-7cdb7f4d384c",
                "PropertyMaps" : [ {
                  "SourceProperty" : "LocalizedTooltip",
                  "SourcePropertyBaseType" : "TEXT",
                  "TargetProperty" : "ToolTipField",
                  "TargetPropertyBaseType" : "STRING"
                } ],
                "SourceArea" : "Mashup",
                "SourceId" : "mashup-root",
                "SourceSection" : "",
                "TargetArea" : "UI",
                "TargetId" : "NavigationTooltip-14",
                "TargetSection" : ""
              }, {
                "Id" : "521cee58-7f4a-4726-87e6-1c4fee822666",
                "PropertyMaps" : [ {
                  "SourceProperty" : "Output",
                  "SourcePropertyBaseType" : "BOOLEAN",
                  "TargetProperty" : "Visible",
                  "TargetPropertyBaseType" : ""
                } ],
                "SourceArea" : "UI",
                "SourceId" : "Validator-15",
                "SourceSection" : "",
                "TargetArea" : "UI",
                "TargetId" : "NavigationTooltip-14",
                "TargetSection" : ""
              }, {
                "Id" : "3995d133-dc6d-49d6-9f97-1b7e446c184d",
                "PropertyMaps" : [ {
                  "SourceProperty" : "TileIcon",
                  "SourcePropertyBaseType" : "IMAGELINK",
                  "TargetProperty" : "SourceURL",
                  "TargetPropertyBaseType" : "IMAGELINK"
                } ],
                "SourceArea" : "Mashup",
                "SourceId" : "mashup-root",
                "SourceSection" : "",
                "TargetArea" : "UI",
                "TargetId" : "Image-4",
                "TargetSection" : ""
              }, {
                "Id" : "cc7bf0b5-41a2-483c-9199-6501ea610fdd",
                "PropertyMaps" : [ {
                  "SourceProperty" : "TileMashupOrURL",
                  "SourcePropertyBaseType" : "STRING",
                  "TargetProperty" : "SourceURL",
                  "TargetPropertyBaseType" : "STRING"
                } ],
                "SourceArea" : "Mashup",
                "SourceId" : "mashup-root",
                "SourceSection" : "",
                "TargetArea" : "UI",
                "TargetId" : "LinkTooltip-7",
                "TargetSection" : ""
              }, {
                "Id" : "59acf8e0-2a5b-44f1-9076-bd961d07c8e3",
                "PropertyMaps" : [ {
                  "SourceProperty" : "TileMashupOrURL",
                  "SourcePropertyBaseType" : "STRING",
                  "TargetProperty" : "MashupName",
                  "TargetPropertyBaseType" : "MASHUPNAME"
                } ],
                "SourceArea" : "Mashup",
                "SourceId" : "mashup-root",
                "SourceSection" : "",
                "TargetArea" : "UI",
                "TargetId" : "NavigationTooltip-14",
                "TargetSection" : ""
              }, {
                "Id" : "32dc4d3e-dd50-4845-968c-2f01d33ecc33",
                "PropertyMaps" : [ {
                  "SourceProperty" : "IsMashup",
                  "SourcePropertyBaseType" : "BOOLEAN",
                  "TargetProperty" : "IsMashup",
                  "TargetPropertyBaseType" : "BOOLEAN"
                } ],
                "SourceArea" : "Mashup",
                "SourceId" : "mashup-root",
                "SourceSection" : "",
                "TargetArea" : "UI",
                "TargetId" : "Validator-15",
                "TargetSection" : ""
              }, {
                "Id" : "6eecce66-e4c7-4313-8bd9-6a6aeb48faab",
                "PropertyMaps" : [ {
                  "SourceProperty" : "IsMashup",
                  "SourcePropertyBaseType" : "BOOLEAN",
                  "TargetProperty" : "IsMashup",
                  "TargetPropertyBaseType" : "BOOLEAN"
                } ],
                "SourceArea" : "Mashup",
                "SourceId" : "mashup-root",
                "SourceSection" : "",
                "TargetArea" : "UI",
                "TargetId" : "Validator-16",
                "TargetSection" : ""
              }, {
                "Id" : "b808f203-68f4-4f4e-ae4a-b010433fd3d3",
                "PropertyMaps" : [ {
                  "SourceProperty" : "Output",
                  "SourcePropertyBaseType" : "BOOLEAN",
                  "TargetProperty" : "Visible",
                  "TargetPropertyBaseType" : ""
                } ],
                "SourceArea" : "UI",
                "SourceId" : "Validator-16",
                "SourceSection" : "",
                "TargetArea" : "UI",
                "TargetId" : "NavigationTooltip-17",
                "TargetSection" : ""
              }, {
                "Id" : "8e43f884-1fd8-45bc-8cdc-775072da6db9",
                "PropertyMaps" : [ {
                  "SourceProperty" : "LocalizedTooltip",
                  "SourcePropertyBaseType" : "TEXT",
                  "TargetProperty" : "ToolTipField",
                  "TargetPropertyBaseType" : "STRING"
                } ],
                "SourceArea" : "Mashup",
                "SourceId" : "mashup-root",
                "SourceSection" : "",
                "TargetArea" : "UI",
                "TargetId" : "NavigationTooltip-17",
                "TargetSection" : ""
              }, {
                "Id" : "da198880-bac6-4f32-821a-385e87dd62a6",
                "PropertyMaps" : [ {
                  "SourceProperty" : "OpenInNewWindow",
                  "SourcePropertyBaseType" : "BOOLEAN",
                  "TargetProperty" : "OpenInNewWin",
                  "TargetPropertyBaseType" : "BOOLEAN"
                } ],
                "SourceArea" : "Mashup",
                "SourceId" : "mashup-root",
                "SourceSection" : "",
                "TargetArea" : "UI",
                "TargetId" : "Validator-16",
                "TargetSection" : ""
              }, {
                "Id" : "a55fa567-12fe-4f21-8c8b-d3d1524abba4",
                "PropertyMaps" : [ {
                  "SourceProperty" : "OpenInNewWindow",
                  "SourcePropertyBaseType" : "BOOLEAN",
                  "TargetProperty" : "OpenInNewWin",
                  "TargetPropertyBaseType" : "BOOLEAN"
                } ],
                "SourceArea" : "Mashup",
                "SourceId" : "mashup-root",
                "SourceSection" : "",
                "TargetArea" : "UI",
                "TargetId" : "Validator-15",
                "TargetSection" : ""
              }, {
                "Id" : "ec14d23d-8bcb-49d5-86b1-299b3267d7bb",
                "PropertyMaps" : [ {
                  "SourceProperty" : "OpenInNewWindow",
                  "SourcePropertyBaseType" : "BOOLEAN",
                  "TargetProperty" : "OpenInNewWin",
                  "TargetPropertyBaseType" : "BOOLEAN"
                } ],
                "SourceArea" : "Mashup",
                "SourceId" : "mashup-root",
                "SourceSection" : "",
                "TargetArea" : "UI",
                "TargetId" : "Validator-19",
                "TargetSection" : ""
              }, {
                "Id" : "1c83782f-0d67-4cc5-80f7-d0a0b5a2cd26",
                "PropertyMaps" : [ {
                  "SourceProperty" : "Output",
                  "SourcePropertyBaseType" : "BOOLEAN",
                  "TargetProperty" : "Visible",
                  "TargetPropertyBaseType" : ""
                } ],
                "SourceArea" : "UI",
                "SourceId" : "Validator-19",
                "SourceSection" : "",
                "TargetArea" : "UI",
                "TargetId" : "LinkTooltip-7",
                "TargetSection" : ""
              }, {
                "Id" : "4c3b5eed-13c7-4b61-805c-e9bfc1e29524",
                "PropertyMaps" : [ {
                  "SourceProperty" : "TileMashupOrURL",
                  "SourcePropertyBaseType" : "STRING",
                  "TargetProperty" : "SourceURL",
                  "TargetPropertyBaseType" : "STRING"
                } ],
                "SourceArea" : "Mashup",
                "SourceId" : "mashup-root",
                "SourceSection" : "",
                "TargetArea" : "UI",
                "TargetId" : "LinkTooltip-20",
                "TargetSection" : ""
              }, {
                "Id" : "31db1a7a-81cf-43e6-91ba-4193fd135d6c",
                "PropertyMaps" : [ {
                  "SourceProperty" : "LocalizedTooltip",
                  "SourcePropertyBaseType" : "TEXT",
                  "TargetProperty" : "ToolTipField",
                  "TargetPropertyBaseType" : "STRING"
                } ],
                "SourceArea" : "Mashup",
                "SourceId" : "mashup-root",
                "SourceSection" : "",
                "TargetArea" : "UI",
                "TargetId" : "LinkTooltip-20",
                "TargetSection" : ""
              }, {
                "Id" : "66647999-8d98-49a3-8bb7-578e53195e95",
                "PropertyMaps" : [ {
                  "SourceProperty" : "Output",
                  "SourcePropertyBaseType" : "BOOLEAN",
                  "TargetProperty" : "Visible",
                  "TargetPropertyBaseType" : ""
                } ],
                "SourceArea" : "UI",
                "SourceId" : "Validator-21",
                "SourceSection" : "",
                "TargetArea" : "UI",
                "TargetId" : "LinkTooltip-20",
                "TargetSection" : ""
              }, {
                "Id" : "3e5ed3b8-c045-4bda-8be8-a6eefd03765a",
                "PropertyMaps" : [ {
                  "SourceProperty" : "IsMashup",
                  "SourcePropertyBaseType" : "BOOLEAN",
                  "TargetProperty" : "IsMashup",
                  "TargetPropertyBaseType" : "BOOLEAN"
                } ],
                "SourceArea" : "Mashup",
                "SourceId" : "mashup-root",
                "SourceSection" : "",
                "TargetArea" : "UI",
                "TargetId" : "Validator-21",
                "TargetSection" : ""
              }, {
                "Id" : "c60c7635-07ed-4ef6-8b2b-990e6b7424d3",
                "PropertyMaps" : [ {
                  "SourceProperty" : "OpenInNewWindow",
                  "SourcePropertyBaseType" : "BOOLEAN",
                  "TargetProperty" : "OpenInNewWin",
                  "TargetPropertyBaseType" : "BOOLEAN"
                } ],
                "SourceArea" : "Mashup",
                "SourceId" : "mashup-root",
                "SourceSection" : "",
                "TargetArea" : "UI",
                "TargetId" : "Validator-21",
                "TargetSection" : ""
              }, {
                "Id" : "1cba738e-62e8-4551-8dbc-7e132935211f",
                "PropertyMaps" : [ {
                  "SourceProperty" : "TileMashupOrURL",
                  "SourcePropertyBaseType" : "STRING",
                  "TargetProperty" : "MashupName",
                  "TargetPropertyBaseType" : "MASHUPNAME"
                } ],
                "SourceArea" : "Mashup",
                "SourceId" : "mashup-root",
                "SourceSection" : "",
                "TargetArea" : "UI",
                "TargetId" : "NavigationTooltip-17",
                "TargetSection" : ""
              }, {
                "Id" : "5cea5684-f427-4927-babe-7ba3b60691cb",
                "PropertyMaps" : [ {
                  "SourceProperty" : "IsMashup",
                  "SourcePropertyBaseType" : "BOOLEAN",
                  "TargetProperty" : "IsMashup",
                  "TargetPropertyBaseType" : "BOOLEAN"
                } ],
                "SourceArea" : "Mashup",
                "SourceId" : "mashup-root",
                "SourceSection" : "",
                "TargetArea" : "UI",
                "TargetId" : "Validator-19",
                "TargetSection" : ""
              }, {
                "Id" : "f80b9a88-21cc-4342-86a3-42b3b6a854e0",
                "PropertyMaps" : [ {
                  "SourceProperty" : "LocalizedLabel",
                  "SourcePropertyBaseType" : "TEXT",
                  "TargetProperty" : "Data",
                  "TargetPropertyBaseType" : "ANYSCALAR"
                } ],
                "SourceArea" : "Mashup",
                "SourceId" : "mashup-root",
                "SourceSection" : "",
                "TargetArea" : "UI",
                "TargetId" : "ValueDisplay-22",
                "TargetSection" : ""
              }, {
                "Id" : "e344ee92-3c25-476f-b3e6-f47d407861f8",
                "PropertyMaps" : [ {
                  "SourceProperty" : "State",
                  "SourcePropertyBaseType" : "BOOLEAN",
                  "TargetProperty" : "Visible",
                  "TargetPropertyBaseType" : "BOOLEAN"
                } ],
                "SourceArea" : "UI",
                "SourceId" : "checkbox-36",
                "SourceSection" : "",
                "TargetArea" : "UI",
                "TargetId" : "panel-23",
                "TargetSection" : ""
              }, {
                "Id" : "06c743e2-60eb-440a-a83d-5372083d6010",
                "PropertyMaps" : [ {
                  "SourceProperty" : "State",
                  "SourcePropertyBaseType" : "BOOLEAN",
                  "TargetProperty" : "Visible",
                  "TargetPropertyBaseType" : "BOOLEAN"
                } ],
                "SourceArea" : "UI",
                "SourceId" : "checkbox-39",
                "SourceSection" : "",
                "TargetArea" : "UI",
                "TargetId" : "button-37",
                "TargetSection" : ""
              }, {
                "Id" : "6e1fa10e-45b6-438c-85ab-9a4b665bf322",
                "PropertyMaps" : [ {
                  "SourceProperty" : "LocalizedLabel",
                  "SourcePropertyBaseType" : "TEXT",
                  "TargetProperty" : "Data",
                  "TargetPropertyBaseType" : "ANYSCALAR"
                } ],
                "SourceArea" : "Mashup",
                "SourceId" : "mashup-root",
                "SourceSection" : "",
                "TargetArea" : "UI",
                "TargetId" : "valuedisplay-46",
                "TargetSection" : ""
              }, {
                "Id" : "10892860-d748-4b52-b036-480b9ba0d9e5",
                "PropertyMaps" : [ {
                  "SourceProperty" : "LocalizedDescription",
                  "SourcePropertyBaseType" : "TEXT",
                  "TargetProperty" : "Data",
                  "TargetPropertyBaseType" : "ANYSCALAR"
                } ],
                "SourceArea" : "Mashup",
                "SourceId" : "mashup-root",
                "SourceSection" : "",
                "TargetArea" : "UI",
                "TargetId" : "valuedisplay-47",
                "TargetSection" : ""
              }, {
                "Id" : "5798f383-b75d-4a9a-870f-39a6b48751fd",
                "PropertyMaps" : [ {
                  "SourceProperty" : "LocalizedLabel",
                  "SourcePropertyBaseType" : "TEXT",
                  "TargetProperty" : "Data",
                  "TargetPropertyBaseType" : "ANYSCALAR"
                } ],
                "SourceArea" : "Mashup",
                "SourceId" : "mashup-root",
                "SourceSection" : "",
                "TargetArea" : "UI",
                "TargetId" : "valuedisplay-48",
                "TargetSection" : ""
              }, {
                "Id" : "a95d60c0-69c1-46b2-a5c8-77997a347b38",
                "PropertyMaps" : [ {
                  "SourceProperty" : "LocalizedDescription",
                  "SourcePropertyBaseType" : "TEXT",
                  "TargetProperty" : "Data",
                  "TargetPropertyBaseType" : "ANYSCALAR"
                } ],
                "SourceArea" : "Mashup",
                "SourceId" : "mashup-root",
                "SourceSection" : "",
                "TargetArea" : "UI",
                "TargetId" : "valuedisplay-49",
                "TargetSection" : ""
              }, {
                "Id" : "b27462e0-8e76-49a6-9f44-b4cb35e6ac76",
                "PropertyMaps" : [ {
                  "SourceProperty" : "State",
                  "SourcePropertyBaseType" : "BOOLEAN",
                  "TargetProperty" : "value",
                  "TargetPropertyBaseType" : "BOOLEAN"
                } ],
                "SourceArea" : "UI",
                "SourceId" : "checkbox-36",
                "SourceSection" : "",
                "TargetArea" : "UI",
                "TargetId" : "expression-52",
                "TargetSection" : ""
              }, {
                "Id" : "248fb5ef-d6de-48f3-b982-73a08001ff55",
                "PropertyMaps" : [ {
                  "SourceProperty" : "Output",
                  "SourcePropertyBaseType" : "BOOLEAN",
                  "TargetProperty" : "State",
                  "TargetPropertyBaseType" : "BOOLEAN"
                } ],
                "SourceArea" : "UI",
                "SourceId" : "expression-52",
                "SourceSection" : "",
                "TargetArea" : "UI",
                "TargetId" : "checkbox-36",
                "TargetSection" : ""
              }, {
                "Id" : "cacab238-7256-44da-b840-db5d60834628",
                "PropertyMaps" : [ {
                  "SourceProperty" : "State",
                  "SourcePropertyBaseType" : "BOOLEAN",
                  "TargetProperty" : "value",
                  "TargetPropertyBaseType" : "BOOLEAN"
                } ],
                "SourceArea" : "UI",
                "SourceId" : "checkbox-39",
                "SourceSection" : "",
                "TargetArea" : "UI",
                "TargetId" : "expression-53",
                "TargetSection" : ""
              }, {
                "Id" : "90e2e333-9de5-4489-8184-e8baa1b75901",
                "PropertyMaps" : [ {
                  "SourceProperty" : "Output",
                  "SourcePropertyBaseType" : "BOOLEAN",
                  "TargetProperty" : "State",
                  "TargetPropertyBaseType" : "BOOLEAN"
                } ],
                "SourceArea" : "UI",
                "SourceId" : "expression-53",
                "SourceSection" : "",
                "TargetArea" : "UI",
                "TargetId" : "checkbox-39",
                "TargetSection" : ""
              }, {
                "Id" : "b8cdb602-a159-4978-b8de-71167c43b2a2",
                "PropertyMaps" : [ {
                  "SourceProperty" : "LocalizedDescription",
                  "SourcePropertyBaseType" : "TEXT",
                  "TargetProperty" : "helpText",
                  "TargetPropertyBaseType" : "STRING"
                } ],
                "SourceArea" : "Mashup",
                "SourceId" : "mashup-root",
                "SourceSection" : "",
                "TargetArea" : "UI",
                "TargetId" : "validator-54",
                "TargetSection" : ""
              } ],
              "DesignTimePermissions" : {
                "Create" : [ ],
                "Delete" : [ ],
                "Metadata" : [ ],
                "Read" : [ ],
                "Update" : [ ]
              },
              "Events" : [ {
                "EventHandlerArea" : "UI",
                "EventHandlerId" : "expression-52",
                "EventHandlerService" : "Evaluate",
                "EventTriggerArea" : "UI",
                "EventTriggerEvent" : "Clicked",
                "EventTriggerId" : "button-50",
                "EventTriggerSection" : "",
                "Id" : "e5b21e39-1329-4c7c-979a-433c52284e8d"
              }, {
                "EventHandlerArea" : "UI",
                "EventHandlerId" : "expression-52",
                "EventHandlerService" : "Evaluate",
                "EventTriggerArea" : "UI",
                "EventTriggerEvent" : "Clicked",
                "EventTriggerId" : "button-37",
                "EventTriggerSection" : "",
                "Id" : "00f4e6cc-b68a-4b4a-8ab8-8b7b6d155bf3"
              }, {
                "EventHandlerArea" : "UI",
                "EventHandlerId" : "expression-53",
                "EventHandlerService" : "Evaluate",
                "EventTriggerArea" : "UI",
                "EventTriggerEvent" : "Clicked",
                "EventTriggerId" : "button-50",
                "EventTriggerSection" : "",
                "Id" : "bd5f590f-b804-4306-9a8c-e92b20f92cf2"
              }, {
                "EventHandlerArea" : "UI",
                "EventHandlerId" : "expression-53",
                "EventHandlerService" : "Evaluate",
                "EventTriggerArea" : "UI",
                "EventTriggerEvent" : "Clicked",
                "EventTriggerId" : "button-37",
                "EventTriggerSection" : "",
                "Id" : "5f7f630f-3df3-4494-aef1-406253922b6e"
              }, {
                "EventHandlerArea" : "UI",
                "EventHandlerId" : "validator-54",
                "EventHandlerService" : "Evaluate",
                "EventTriggerArea" : "Mashup",
                "EventTriggerEvent" : "Loaded",
                "EventTriggerId" : "mashup-root",
                "EventTriggerSection" : "",
                "Id" : "f08e396d-cf78-4440-936f-62405a8eeff3"
              }, {
                "EventHandlerArea" : "UI",
                "EventHandlerId" : "expression-53",
                "EventHandlerService" : "Evaluate",
                "EventTriggerArea" : "UI",
                "EventTriggerEvent" : "True",
                "EventTriggerId" : "validator-54",
                "EventTriggerSection" : "",
                "Id" : "0f8b8766-81c2-48b5-a074-a74983230d55"
              } ],
              "RunTimePermissions" : {
                "permissions" : [ ]
              },
              "UI" : {
                "Properties" : {
                  "AddToDashboardButton" : "SimplePlus",
                  "AddToDashboardButtonStyle" : "DefaultAddToDashboardButtonStyle",
                  "Area" : "Mashup",
                  "BGImage" : "",
                  "BGImageRepeat" : "no-repeat",
                  "BGImageSize" : "auto",
                  "CSSFile" : "",
                  "Columns" : 0,
                  "ConfigureGadgetButton" : "SimpleGear",
                  "ConfigureGadgetButtonStyle" : "DefaultConfigureGadgetButtonStyle",
                  "CustomClass" : "factory_tiles_style",
                  "Description" : "",
                  "DisplayName" : "Mashup",
                  "EnableParameterEditing" : false,
                  "EnableTheming" : false,
                  "Height" : 210,
                  "Id" : "mashup-root",
                  "IgnoreWarningsInViewMashup" : false,
                  "IsPrintLayout" : false,
                  "Left" : 0,
                  "MashupToEditGadget" : "DefaultMashupToEditGadget",
                  "MinHeight" : 0,
                  "MinWidth" : 0,
                  "ResponsiveLayout" : false,
                  "Rows" : 0,
                  "ShowDataLoading" : true,
                  "Style" : "PTC.SCA.SCO.NoStyle",
                  "StyleTheme" : "Base Theme",
                  "Title" : "",
                  "TitleBar" : false,
                  "TitleBarStyle" : "DefaultTitleBarStyle",
                  "TitleBarText" : "Gadget Title Here",
                  "Top" : 0,
                  "Type" : "mashup",
                  "Visible" : true,
                  "Width" : 210,
                  "Z-index" : 10,
                  "__TypeDisplayName" : "Mashup",
                  "_currentParameterDefs" : [ {
                    "BaseType" : "IMAGELINK",
                    "Description" : "",
                    "ParameterName" : "TileIcon"
                  }, {
                    "BaseType" : "IMAGELINK",
                    "Description" : "",
                    "ParameterName" : "TileBackground"
                  }, {
                    "BaseType" : "TEXT",
                    "Description" : "",
                    "ParameterName" : "LocalizedLabel"
                  }, {
                    "BaseType" : "TEXT",
                    "Description" : "",
                    "ParameterName" : "LocalizedTooltip"
                  }, {
                    "BaseType" : "STRING",
                    "Description" : "",
                    "ParameterName" : "TileMashupOrURL"
                  }, {
                    "BaseType" : "BOOLEAN",
                    "Description" : "",
                    "ParameterName" : "IsMashup"
                  }, {
                    "BaseType" : "BOOLEAN",
                    "Description" : "",
                    "ParameterName" : "OpenInNewWindow"
                  }, {
                    "BaseType" : "TEXT",
                    "Description" : "",
                    "ParameterName" : "LocalizedDescription"
                  } ],
                  "id_index" : 54,
                  "supportsAutoResize" : true
                },
                "Widgets" : [ {
                  "Properties" : {
                    "Area" : "UI",
                    "DisplayName" : "Panel-2",
                    "Height" : 210,
                    "HideScrollbars" : true,
                    "HorizontalAnchor" : "left",
                    "Id" : "Panel-2",
                    "Left" : 0,
                    "ResponsiveLayout" : false,
                    "ShowDataLoading" : true,
                    "Style" : "PTC.SCA.SCO.NoStyle",
                    "Top" : 0,
                    "Type" : "panel",
                    "VerticalAnchor" : "top",
                    "Visible" : true,
                    "Width" : 210,
                    "Z-index" : 10,
                    "__TypeDisplayName" : "Panel",
                    "flex-grow" : 0
                  },
                  "Widgets" : [ {
                    "Properties" : {
                      "AlternateText" : "",
                      "Area" : "UI",
                      "BorderStyle" : "PTC.SCA.SCO.NoStyle",
                      "CustomClass" : "",
                      "Description" : "",
                      "DisplayName" : "Image-Icon",
                      "Height" : 208,
                      "Id" : "Image-4",
                      "Left" : 0,
                      "PreventCaching" : false,
                      "ResponsiveLayout" : false,
                      "Scaling" : "none",
                      "ShowDataLoading" : true,
                      "ToolTipField" : "",
                      "ToolTipStyle" : "DefaultTooltipStyle",
                      "Top" : 0,
                      "Type" : "image",
                      "Visible" : true,
                      "Width" : 208,
                      "Z-index" : 20,
                      "__TypeDisplayName" : "Image",
                      "__supportsTooltip" : true
                    },
                    "Widgets" : [ ]
                  }, {
                    "Properties" : {
                      "Alignment" : "center",
                      "Area" : "UI",
                      "Description" : "",
                      "DisplayName" : "LinkTooltip-URL",
                      "Height" : 208,
                      "Id" : "LinkTooltip-7",
                      "Left" : 0,
                      "LinkDisplay" : "noText",
                      "LinkHoverStyle" : "PTC.SCA.SCO.NoStyle",
                      "LinkStyle" : "PTC.SCA.SCO.NoStyle",
                      "ResponsiveLayout" : false,
                      "ShowDataLoading" : true,
                      "SourceURL" : "",
                      "TabSequence" : 0,
                      "TargetWindow" : "replace",
                      "Text" : "",
                      "ToolTipDuration" : 3,
                      "ToolTipField" : "",
                      "ToolTipPosition" : "top left,bottom right",
                      "ToolTipStyle" : "DefaultTooltipStyle",
                      "ToolTipStyles" : "qtip-bootstrap",
                      "Top" : 0,
                      "Type" : "link",
                      "Visible" : true,
                      "Width" : 208,
                      "Z-index" : 50,
                      "__TypeDisplayName" : "Link",
                      "__supportsTooltip" : true
                    },
                    "Widgets" : [ ]
                  }, {
                    "Properties" : {
                      "Alignment" : "left",
                      "Area" : "UI",
                      "ClickOutsideToClose" : false,
                      "Description" : "",
                      "DisplayName" : "NavigationTooltip-Mashup",
                      "FixedPopupHeight" : 0,
                      "FixedPopupWidth" : 0,
                      "Height" : 208,
                      "IconAlignment" : "left",
                      "Id" : "NavigationTooltip-14",
                      "Left" : 0,
                      "MashupName" : "",
                      "MashupParameters" : [ ],
                      "MessageToShow" : "Mashup must be selected",
                      "ModalPopupOpacity" : 0.5,
                      "NavigationActiveStyle" : "PTC.SCA.SCO.NoStyle",
                      "NavigationFocusStyle" : "PTC.SCA.SCO.NoStyle",
                      "NavigationHoverStyle" : "PTC.SCA.SCO.NoStyle",
                      "PopupScrolling" : "auto",
                      "PopupTitle" : "",
                      "PopupTitleStyle" : "PTC.SCA.SCO.NoStyle",
                      "ReloadOnReplace" : false,
                      "ResponsiveLayout" : false,
                      "RoundedCorners" : true,
                      "ShowCloseButton" : true,
                      "ShowDataLoading" : true,
                      "ShowMessageIfNoMashup" : false,
                      "Style" : "PTC.SCA.SCO.NoStyle",
                      "TabSequence" : 0,
                      "TargetWindow" : "replace",
                      "Text" : "",
                      "ToolTipDuration" : 2,
                      "ToolTipField" : "",
                      "ToolTipPosition" : "Upper Left",
                      "ToolTipStyle" : "DefaultTooltipStyle",
                      "ToolTipStyles" : "qtip-bootstrap",
                      "Top" : 0,
                      "Transparent" : true,
                      "Type" : "navigation",
                      "Visible" : true,
                      "Width" : 208,
                      "Z-index" : 100,
                      "__TypeDisplayName" : "Navigation",
                      "__supportsTooltip" : true
                    },
                    "Widgets" : [ ]
                  }, {
                    "Properties" : {
                      "Area" : "UI",
                      "AutoEvaluate" : true,
                      "Description" : "",
                      "DisplayName" : "Validator-IsMashup",
                      "Expression" : "IsMashup && !OpenInNewWin",
                      "Height" : 0,
                      "Id" : "Validator-15",
                      "Left" : 0,
                      "Output" : true,
                      "ResponsiveLayout" : false,
                      "ShowDataLoading" : true,
                      "Top" : 0,
                      "Type" : "validator",
                      "Visible" : false,
                      "Width" : 0,
                      "Z-index" : 10,
                      "__TypeDisplayName" : "Validator",
                      "_currentParameterDefs" : [ {
                        "BaseType" : "BOOLEAN",
                        "Description" : "",
                        "ParameterName" : "IsMashup"
                      }, {
                        "BaseType" : "BOOLEAN",
                        "Description" : "",
                        "ParameterName" : "OpenInNewWin"
                      } ]
                    },
                    "Widgets" : [ ]
                  }, {
                    "Properties" : {
                      "Area" : "UI",
                      "AutoEvaluate" : true,
                      "Description" : "",
                      "DisplayName" : "Validator-IsMashupOpenInNewWindow",
                      "Expression" : "IsMashup && OpenInNewWin",
                      "Height" : 0,
                      "Id" : "Validator-16",
                      "Left" : 0,
                      "Output" : true,
                      "ResponsiveLayout" : false,
                      "ShowDataLoading" : true,
                      "Top" : 0,
                      "Type" : "validator",
                      "Visible" : true,
                      "Width" : 0,
                      "Z-index" : 10,
                      "__TypeDisplayName" : "Validator",
                      "_currentParameterDefs" : [ {
                        "BaseType" : "BOOLEAN",
                        "Description" : "",
                        "ParameterName" : "IsMashup"
                      }, {
                        "BaseType" : "BOOLEAN",
                        "Description" : "",
                        "ParameterName" : "OpenInNewWin"
                      } ]
                    },
                    "Widgets" : [ ]
                  }, {
                    "Properties" : {
                      "Alignment" : "left",
                      "Area" : "UI",
                      "ClickOutsideToClose" : false,
                      "Description" : "",
                      "DisplayName" : "NavigationTooltip-MashupNewWindow",
                      "FixedPopupHeight" : 0,
                      "FixedPopupWidth" : 0,
                      "Height" : 208,
                      "IconAlignment" : "left",
                      "Id" : "NavigationTooltip-17",
                      "Left" : 0,
                      "MashupName" : "",
                      "MashupParameters" : [ ],
                      "MessageToShow" : "Mashup must be selected",
                      "ModalPopupOpacity" : 0.5,
                      "NavigationActiveStyle" : "PTC.SCA.SCO.NoStyle",
                      "NavigationFocusStyle" : "PTC.SCA.SCO.NoStyle",
                      "NavigationHoverStyle" : "PTC.SCA.SCO.NoStyle",
                      "PopupScrolling" : "auto",
                      "PopupTitle" : "",
                      "PopupTitleStyle" : "PTC.SCA.SCO.NoStyle",
                      "ReloadOnReplace" : false,
                      "ResponsiveLayout" : false,
                      "RoundedCorners" : true,
                      "ShowCloseButton" : true,
                      "ShowDataLoading" : true,
                      "ShowMessageIfNoMashup" : false,
                      "Style" : "PTC.SCA.SCO.NoStyle",
                      "TabSequence" : 0,
                      "TargetWindow" : "new",
                      "Text" : "",
                      "ToolTipDuration" : 2,
                      "ToolTipField" : "",
                      "ToolTipPosition" : "Upper Left",
                      "ToolTipStyle" : "DefaultTooltipStyle",
                      "ToolTipStyles" : "qtip-bootstrap",
                      "Top" : 0,
                      "Transparent" : true,
                      "Type" : "navigation",
                      "Visible" : true,
                      "Width" : 208,
                      "Z-index" : 100,
                      "__TypeDisplayName" : "Navigation",
                      "__supportsTooltip" : true
                    },
                    "Widgets" : [ ]
                  }, {
                    "Properties" : {
                      "Area" : "UI",
                      "AutoEvaluate" : true,
                      "Description" : "",
                      "DisplayName" : "Validator-URL",
                      "Expression" : "!IsMashup && !OpenInNewWin",
                      "Height" : 0,
                      "Id" : "Validator-19",
                      "Left" : 10,
                      "Output" : true,
                      "ResponsiveLayout" : false,
                      "ShowDataLoading" : true,
                      "Top" : 10,
                      "Type" : "validator",
                      "Visible" : false,
                      "Width" : 0,
                      "Z-index" : 10,
                      "__TypeDisplayName" : "Validator",
                      "_currentParameterDefs" : [ {
                        "BaseType" : "BOOLEAN",
                        "Description" : "",
                        "ParameterName" : "IsMashup"
                      }, {
                        "BaseType" : "BOOLEAN",
                        "Description" : "",
                        "ParameterName" : "OpenInNewWin"
                      } ]
                    },
                    "Widgets" : [ ]
                  }, {
                    "Properties" : {
                      "Alignment" : "center",
                      "Area" : "UI",
                      "Description" : "",
                      "DisplayName" : "LinkTooltip-URLOpenInNewWindow",
                      "Height" : 208,
                      "Id" : "LinkTooltip-20",
                      "Left" : 0,
                      "LinkDisplay" : "noText",
                      "LinkHoverStyle" : "PTC.SCA.SCO.NoStyle",
                      "LinkStyle" : "PTC.SCA.SCO.NoStyle",
                      "ResponsiveLayout" : false,
                      "ShowDataLoading" : true,
                      "SourceURL" : "",
                      "TabSequence" : 0,
                      "TargetWindow" : "new",
                      "Text" : "",
                      "ToolTipDuration" : 3,
                      "ToolTipField" : "",
                      "ToolTipPosition" : "top left,bottom right",
                      "ToolTipStyle" : "DefaultTooltipStyle",
                      "ToolTipStyles" : "qtip-bootstrap",
                      "Top" : 0,
                      "Type" : "link",
                      "Visible" : true,
                      "Width" : 208,
                      "Z-index" : 50,
                      "__TypeDisplayName" : "Link",
                      "__supportsTooltip" : true
                    },
                    "Widgets" : [ ]
                  }, {
                    "Properties" : {
                      "Area" : "UI",
                      "AutoEvaluate" : true,
                      "Description" : "",
                      "DisplayName" : "Validator-URLOpenInNewWindow",
                      "Expression" : "!IsMashup && OpenInNewWin",
                      "Height" : 0,
                      "Id" : "Validator-21",
                      "Left" : 10,
                      "Output" : true,
                      "ResponsiveLayout" : false,
                      "ShowDataLoading" : true,
                      "Top" : 10,
                      "Type" : "validator",
                      "Visible" : false,
                      "Width" : 0,
                      "Z-index" : 10,
                      "__TypeDisplayName" : "Validator",
                      "_currentParameterDefs" : [ {
                        "BaseType" : "BOOLEAN",
                        "Description" : "",
                        "ParameterName" : "IsMashup"
                      }, {
                        "BaseType" : "BOOLEAN",
                        "Description" : "",
                        "ParameterName" : "OpenInNewWin"
                      } ]
                    },
                    "Widgets" : [ ]
                  }, {
                    "Properties" : {
                      "Alignment" : "center",
                      "Area" : "UI",
                      "BackgroundFill" : "content",
                      "CustomClass" : "",
                      "Description" : "",
                      "DisplayName" : "ValueDisplay-Label",
                      "Height" : 36,
                      "Id" : "ValueDisplay-22",
                      "ImageScaling" : "width",
                      "Label" : "",
                      "LabelAlignment" : "center",
                      "Left" : 25,
                      "Overflow" : "visible",
                      "ResponsiveLayout" : false,
                      "ShowDataLoading" : true,
                      "TextIfNoValue" : "",
                      "TextIfNoValueOffset" : 0,
                      "TextIfNoValueStyle" : "PTC.SCA.SCO.NoStyle",
                      "TextWrap" : true,
                      "ToolTipField" : "",
                      "ToolTipStyle" : "DefaultTooltipStyle",
                      "Top" : 128,
                      "Type" : "valuedisplay",
                      "ValueDisplayLabelStyle" : "PTC.SCA.SCO.NoStyle",
                      "ValueDisplayStyle" : "PTC.Factory.InfoTile.text.16px",
                      "ValueFormat" : {
                        "FormatString" : "format",
                        "formatInfo" : {
                          "FieldName" : "",
                          "StateDefinition" : "",
                          "StateDefinitionType" : "fixed",
                          "StateFormats" : [ {
                            "state" : "",
                            "stateName" : "fixed"
                          } ]
                        },
                        "formatText" : "View",
                        "renderer" : "HTML"
                      },
                      "ValueFormat_StateParameters" : [ ],
                      "VerticalAlignment" : "middle",
                      "Visible" : true,
                      "Width" : 160,
                      "Z-index" : 10,
                      "__TypeDisplayName" : "Value Display",
                      "__supportsLabel" : true,
                      "__supportsTooltip" : true
                    },
                    "Widgets" : [ ]
                  }, {
                    "Properties" : {
                      "Area" : "UI",
                      "ContainerClass" : "",
                      "CustomClass" : "",
                      "Description" : "",
                      "DisplayName" : "HelpPanel",
                      "Height" : 208,
                      "HideScrollbars" : true,
                      "HorizontalAnchor" : "left",
                      "Id" : "panel-23",
                      "Left" : 0,
                      "ResponsiveLayout" : false,
                      "ShowDataLoading" : true,
                      "Style" : "PTC.SCA.SCO.TileInfoBGStyleDefinition",
                      "Top" : 0,
                      "Type" : "panel",
                      "VerticalAnchor" : "top",
                      "Visible" : false,
                      "Width" : 208,
                      "Z-index" : 100,
                      "__TypeDisplayName" : "Panel"
                    },
                    "Widgets" : [ {
                      "Properties" : {
                        "Alignment" : "center",
                        "Area" : "UI",
                        "BackgroundFill" : "content",
                        "CustomClass" : "",
                        "Description" : "",
                        "DisplayName" : "valuedisplay-tileLabel",
                        "Height" : 36,
                        "Id" : "valuedisplay-48",
                        "ImageScaling" : "width",
                        "Label" : "",
                        "LabelAlignment" : "center",
                        "Left" : 15,
                        "Overflow" : "visible",
                        "ResponsiveLayout" : false,
                        "ShowDataLoading" : true,
                        "TextIfNoValue" : "",
                        "TextIfNoValueOffset" : 0,
                        "TextIfNoValueStyle" : "PTC.SCA.SCO.NoStyle",
                        "TextWrap" : true,
                        "ToolTipField" : "",
                        "ToolTipStyle" : "DefaultTooltipStyle",
                        "Top" : 30,
                        "Type" : "valuedisplay",
                        "ValueDisplayLabelStyle" : "PTC.SCA.SCO.NoStyle",
                        "ValueDisplayStyle" : {
                          "backgroundColor" : "",
                          "displayString" : "",
                          "fontEmphasisBold" : false,
                          "fontEmphasisItalic" : false,
                          "fontEmphasisUnderline" : false,
                          "foregroundColor" : "#ffffff",
                          "image" : "",
                          "lineColor" : "",
                          "lineStyle" : "solid",
                          "lineThickness" : 1,
                          "secondaryBackgroundColor" : "",
                          "textSize" : "xxl"
                        },
                        "ValueFormat" : {
                          "FormatString" : "format",
                          "formatInfo" : {
                            "FieldName" : "",
                            "StateDefinition" : "",
                            "StateDefinitionType" : "fixed",
                            "StateFormats" : [ {
                              "state" : "",
                              "stateName" : "fixed"
                            } ]
                          },
                          "renderer" : "HTML",
                          "roundingEnabled" : true
                        },
                        "ValueFormat_StateParameters" : [ ],
                        "VerticalAlignment" : "middle",
                        "Visible" : true,
                        "Width" : 170,
                        "Z-index" : 100,
                        "__TypeDisplayName" : "Value Display",
                        "__supportsLabel" : true,
                        "__supportsTooltip" : true
                      },
                      "Widgets" : [ ]
                    }, {
                      "Properties" : {
                        "Alignment" : "left",
                        "Area" : "UI",
                        "BackgroundFill" : "content",
                        "Description" : "",
                        "DisplayName" : "valuedisplay-tileDescription",
                        "Height" : 68,
                        "Id" : "valuedisplay-49",
                        "ImageScaling" : "Width",
                        "Label" : "",
                        "LabelAlignment" : "left",
                        "Left" : 15,
                        "Overflow" : "hidden",
                        "ResponsiveLayout" : false,
                        "ShowDataLoading" : true,
                        "TextIfNoValue" : "",
                        "TextIfNoValueOffset" : 0,
                        "TextIfNoValueStyle" : "PTC.SCA.SCO.NoStyle",
                        "TextWrap" : true,
                        "ToolTipField" : "",
                        "ToolTipStyle" : "DefaultTooltipStyle",
                        "Top" : 94,
                        "Type" : "valuedisplay",
                        "ValueDisplayLabelStyle" : "PTC.SCA.SCO.NoStyle",
                        "ValueDisplayStyle" : {
                          "backgroundColor" : "",
                          "displayString" : "",
                          "fontEmphasisBold" : false,
                          "fontEmphasisItalic" : false,
                          "fontEmphasisUnderline" : false,
                          "foregroundColor" : "#ffffff",
                          "image" : "",
                          "lineColor" : "",
                          "lineStyle" : "solid",
                          "lineThickness" : 1,
                          "secondaryBackgroundColor" : "",
                          "textSize" : "large"
                        },
                        "ValueFormat" : {
                          "FormatString" : "format",
                          "formatInfo" : {
                            "FieldName" : "",
                            "StateDefinition" : "",
                            "StateDefinitionType" : "fixed",
                            "StateFormats" : [ {
                              "state" : "",
                              "stateName" : "fixed"
                            } ]
                          },
                          "renderer" : "HTML",
                          "roundingEnabled" : true
                        },
                        "ValueFormat_StateParameters" : [ ],
                        "VerticalAlignment" : "top",
                        "Visible" : true,
                        "Width" : 180,
                        "Z-index" : 10,
                        "__TypeDisplayName" : "Value Display",
                        "__supportsLabel" : true,
                        "__supportsTooltip" : true
                      },
                      "Widgets" : [ ]
                    }, {
                      "Properties" : {
                        "ActiveStyle" : "PTC.SCA.SCO.InfoCloseSolidIconStyleDefinition",
                        "Area" : "UI",
                        "CancelConfirmationButton" : "button2",
                        "ConfirmationButton1Label" : "Yes",
                        "ConfirmationButton2Label" : "No",
                        "ConfirmationPrompt" : "Do Action?",
                        "ConfirmationRequired" : false,
                        "ConfirmationTitle" : "Confirm Action",
                        "ContextId" : "",
                        "DefaultConfirmationButton" : "button1",
                        "Description" : "",
                        "Disabled" : false,
                        "DisabledStyle" : "DefaultButtonDisabledStyle",
                        "DisplayName" : "button-CancelInfo",
                        "FocusStyle" : "PTC.SCA.SCO.InfoCloseSolidIconStyleDefinition",
                        "Height" : 25,
                        "HoverStyle" : "PTC.SCA.SCO.InfoCloseSolidIconStyleDefinition",
                        "IconAlignment" : "left",
                        "Id" : "button-50",
                        "Label" : "",
                        "Left" : 174,
                        "ResponsiveLayout" : false,
                        "RoundedCorners" : true,
                        "ShowDataLoading" : true,
                        "Style" : "PTC.SCA.SCO.InfoCloseIconStyleDefinition",
                        "TabSequence" : 0,
                        "ToolTipField" : "",
                        "ToolTipStyle" : "DefaultTooltipStyle",
                        "Top" : 174,
                        "Type" : "button",
                        "Visible" : true,
                        "Width" : 25,
                        "Z-index" : 200,
                        "__TypeDisplayName" : "Button",
                        "__supportsTooltip" : true
                      },
                      "Widgets" : [ ]
                    } ]
                  }, {
                    "Properties" : {
                      "ActiveStyle" : "PTC.SCA.SCO.InfoSolidIconStyleDefinition",
                      "Area" : "UI",
                      "CancelConfirmationButton" : "button2",
                      "ConfirmationButton1Label" : "Yes",
                      "ConfirmationButton2Label" : "No",
                      "ConfirmationPrompt" : "Do Action?",
                      "ConfirmationRequired" : false,
                      "ConfirmationTitle" : "Confirm Action",
                      "ContextId" : "",
                      "CustomClass" : "viewButton",
                      "DefaultConfirmationButton" : "button1",
                      "Description" : "",
                      "Disabled" : false,
                      "DisabledStyle" : "DefaultButtonDisabledStyle",
                      "DisplayName" : "button-ViewInfo",
                      "FocusStyle" : "PTC.SCA.SCO.InfoSolidIconStyleDefinition",
                      "Height" : 25,
                      "HoverStyle" : "PTC.SCA.SCO.InfoSolidIconStyleDefinition",
                      "IconAlignment" : "left",
                      "Id" : "button-37",
                      "Label" : "",
                      "Left" : 175,
                      "ResponsiveLayout" : false,
                      "RoundedCorners" : true,
                      "ShowDataLoading" : true,
                      "Style" : "PTC.SCA.SCO.InfoIconStyleDefinition",
                      "TabSequence" : 0,
                      "ToolTipField" : "",
                      "ToolTipStyle" : "DefaultTooltipStyle",
                      "Top" : 175,
                      "Type" : "button",
                      "Visible" : false,
                      "Width" : 25,
                      "Z-index" : 200,
                      "__TypeDisplayName" : "Button",
                      "__supportsTooltip" : true
                    },
                    "Widgets" : [ ]
                  }, {
                    "Properties" : {
                      "Area" : "UI",
                      "Description" : "",
                      "Disabled" : false,
                      "DisplayName" : "checkbox-ViewInfoPanel",
                      "FocusStyle" : "DefaultFocusStyle",
                      "Height" : 20,
                      "Id" : "checkbox-36",
                      "Left" : 10,
                      "Prompt" : "Check this box",
                      "ResponsiveLayout" : false,
                      "ShowDataLoading" : true,
                      "State" : false,
                      "Style" : "DefaultCheckboxStyle",
                      "TabSequence" : 0,
                      "ToolTipField" : "",
                      "ToolTipStyle" : "DefaultTooltipStyle",
                      "Top" : 10,
                      "Type" : "checkbox",
                      "Visible" : false,
                      "Width" : 120,
                      "Z-index" : 10,
                      "__TypeDisplayName" : "Checkbox",
                      "__supportsTooltip" : true
                    },
                    "Widgets" : [ ]
                  }, {
                    "Properties" : {
                      "Area" : "UI",
                      "Description" : "",
                      "Disabled" : false,
                      "DisplayName" : "checkbox-ViewButton",
                      "FocusStyle" : "DefaultFocusStyle",
                      "Height" : 20,
                      "Id" : "checkbox-39",
                      "Left" : 10,
                      "Prompt" : "Check this box",
                      "ResponsiveLayout" : false,
                      "ShowDataLoading" : true,
                      "State" : true,
                      "Style" : "DefaultCheckboxStyle",
                      "TabSequence" : 0,
                      "ToolTipField" : "",
                      "ToolTipStyle" : "DefaultTooltipStyle",
                      "Top" : 10,
                      "Type" : "checkbox",
                      "Visible" : false,
                      "Width" : 120,
                      "Z-index" : 10,
                      "__TypeDisplayName" : "Checkbox",
                      "__supportsTooltip" : true
                    },
                    "Widgets" : [ ]
                  }, {
                    "Properties" : {
                      "Area" : "UI",
                      "ContainerClass" : "",
                      "CustomClass" : "hoverHelpPanel",
                      "Description" : "",
                      "DisplayName" : "HelpPanel_Hover",
                      "Height" : 208,
                      "HideScrollbars" : true,
                      "HorizontalAnchor" : "left",
                      "Id" : "panel-41",
                      "Left" : 0,
                      "ResponsiveLayout" : false,
                      "ShowDataLoading" : true,
                      "Style" : "PTC.SCA.SCO.TileInfoBGStyleDefinition",
                      "Top" : 0,
                      "Type" : "panel",
                      "VerticalAnchor" : "top",
                      "Visible" : true,
                      "Width" : 208,
                      "Z-index" : 100,
                      "__TypeDisplayName" : "Panel"
                    },
                    "Widgets" : [ {
                      "Properties" : {
                        "Alignment" : "center",
                        "Area" : "UI",
                        "BackgroundFill" : "content",
                        "CustomClass" : "",
                        "Description" : "",
                        "DisplayName" : "valuedisplay-tileLabel_hover",
                        "Height" : 36,
                        "Id" : "valuedisplay-46",
                        "ImageScaling" : "width",
                        "Label" : "",
                        "LabelAlignment" : "center",
                        "Left" : 15,
                        "Overflow" : "visible",
                        "ResponsiveLayout" : false,
                        "ShowDataLoading" : true,
                        "TextIfNoValue" : "",
                        "TextIfNoValueOffset" : 0,
                        "TextIfNoValueStyle" : "PTC.SCA.SCO.NoStyle",
                        "TextWrap" : true,
                        "ToolTipField" : "",
                        "ToolTipStyle" : "DefaultTooltipStyle",
                        "Top" : 30,
                        "Type" : "valuedisplay",
                        "ValueDisplayLabelStyle" : "PTC.SCA.SCO.NoStyle",
                        "ValueDisplayStyle" : {
                          "backgroundColor" : "",
                          "displayString" : "",
                          "fontEmphasisBold" : false,
                          "fontEmphasisItalic" : false,
                          "fontEmphasisUnderline" : false,
                          "foregroundColor" : "#ffffff",
                          "image" : "",
                          "lineColor" : "",
                          "lineStyle" : "solid",
                          "lineThickness" : 1,
                          "secondaryBackgroundColor" : "",
                          "textSize" : "xxl"
                        },
                        "ValueFormat" : {
                          "FormatString" : "format",
                          "formatInfo" : {
                            "FieldName" : "",
                            "StateDefinition" : "",
                            "StateDefinitionType" : "fixed",
                            "StateFormats" : [ {
                              "state" : "",
                              "stateName" : "fixed"
                            } ]
                          },
                          "renderer" : "HTML",
                          "roundingEnabled" : true
                        },
                        "ValueFormat_StateParameters" : [ ],
                        "VerticalAlignment" : "middle",
                        "Visible" : true,
                        "Width" : 170,
                        "Z-index" : 100,
                        "__TypeDisplayName" : "Value Display",
                        "__supportsLabel" : true,
                        "__supportsTooltip" : true
                      },
                      "Widgets" : [ ]
                    }, {
                      "Properties" : {
                        "Alignment" : "left",
                        "Area" : "UI",
                        "BackgroundFill" : "content",
                        "Description" : "",
                        "DisplayName" : "valuedisplay-tileDescription_hover",
                        "Height" : 68,
                        "Id" : "valuedisplay-47",
                        "ImageScaling" : "Width",
                        "Label" : "",
                        "LabelAlignment" : "left",
                        "Left" : 15,
                        "Overflow" : "hidden",
                        "ResponsiveLayout" : false,
                        "ShowDataLoading" : true,
                        "TextIfNoValue" : "",
                        "TextIfNoValueOffset" : 0,
                        "TextIfNoValueStyle" : "PTC.SCA.SCO.NoStyle",
                        "TextWrap" : true,
                        "ToolTipField" : "",
                        "ToolTipStyle" : "DefaultTooltipStyle",
                        "Top" : 94,
                        "Type" : "valuedisplay",
                        "ValueDisplayLabelStyle" : "PTC.SCA.SCO.NoStyle",
                        "ValueDisplayStyle" : {
                          "backgroundColor" : "",
                          "displayString" : "",
                          "fontEmphasisBold" : false,
                          "fontEmphasisItalic" : false,
                          "fontEmphasisUnderline" : false,
                          "foregroundColor" : "#ffffff",
                          "image" : "",
                          "lineColor" : "",
                          "lineStyle" : "solid",
                          "lineThickness" : 1,
                          "secondaryBackgroundColor" : "",
                          "textSize" : "large"
                        },
                        "ValueFormat" : {
                          "FormatString" : "format",
                          "formatInfo" : {
                            "FieldName" : "",
                            "StateDefinition" : "",
                            "StateDefinitionType" : "fixed",
                            "StateFormats" : [ {
                              "state" : "",
                              "stateName" : "fixed"
                            } ]
                          },
                          "renderer" : "HTML",
                          "roundingEnabled" : true
                        },
                        "ValueFormat_StateParameters" : [ ],
                        "VerticalAlignment" : "top",
                        "Visible" : true,
                        "Width" : 180,
                        "Z-index" : 10,
                        "__TypeDisplayName" : "Value Display",
                        "__supportsLabel" : true,
                        "__supportsTooltip" : true
                      },
                      "Widgets" : [ ]
                    } ]
                  }, {
                    "Properties" : {
                      "Area" : "UI",
                      "AutoEvaluate" : false,
                      "DataChangeType" : "VALUE",
                      "Description" : "",
                      "DisplayName" : "expression-FlipBoolean",
                      "Expression" : "!value",
                      "FireOnFirstValue" : false,
                      "Height" : 18,
                      "Id" : "expression-52",
                      "Left" : 10,
                      "OutputBaseType" : "BOOLEAN",
                      "ResponsiveLayout" : false,
                      "ShowDataLoading" : true,
                      "Top" : 10,
                      "Type" : "expression",
                      "Visible" : false,
                      "Width" : 170,
                      "Z-index" : 10,
                      "__TypeDisplayName" : "Expression",
                      "_currentParameterDefs" : [ {
                        "BaseType" : "BOOLEAN",
                        "Description" : "",
                        "ParameterName" : "value"
                      } ]
                    },
                    "Widgets" : [ ]
                  }, {
                    "Properties" : {
                      "Area" : "UI",
                      "AutoEvaluate" : false,
                      "DataChangeType" : "VALUE",
                      "Description" : "",
                      "DisplayName" : "expression-FlipBoolean1",
                      "Expression" : "!value",
                      "FireOnFirstValue" : false,
                      "Height" : 18,
                      "Id" : "expression-53",
                      "Left" : 10,
                      "Output" : false,
                      "OutputBaseType" : "BOOLEAN",
                      "ResponsiveLayout" : false,
                      "ShowDataLoading" : true,
                      "Top" : 30,
                      "Type" : "expression",
                      "Visible" : false,
                      "Width" : 170,
                      "Z-index" : 10,
                      "__TypeDisplayName" : "Expression",
                      "_currentParameterDefs" : [ {
                        "BaseType" : "BOOLEAN",
                        "DefaultValue" : false,
                        "Description" : "",
                        "ParameterName" : "value"
                      } ],
                      "value" : false
                    },
                    "Widgets" : [ ]
                  }, {
                    "Properties" : {
                      "Area" : "UI",
                      "AutoEvaluate" : false,
                      "Description" : "",
                      "DisplayName" : "validator-HaveHelpText",
                      "Expression" : "helpText != null && helpText != \"\"",
                      "Height" : 20,
                      "Id" : "validator-54",
                      "Left" : 10,
                      "Output" : false,
                      "ResponsiveLayout" : false,
                      "ShowDataLoading" : true,
                      "Top" : 150,
                      "Type" : "validator",
                      "Visible" : false,
                      "Width" : 160,
                      "Z-index" : 10,
                      "__TypeDisplayName" : "Validator",
                      "_currentParameterDefs" : [ {
                        "BaseType" : "STRING",
                        "Description" : "",
                        "ParameterName" : "helpText"
                      } ]
                    },
                    "Widgets" : [ ]
                  } ]
                } ]
              },
              "mashupType" : "mashup"
            }
            ]]>
            </mashupContent>
            <preview></preview>
        </Mashup>
    </Mashups>
</Entities>
