<?xml version="1.0" encoding="UTF-8"?>
<Entities
 build="b50"
 majorVersion="7"
 minorVersion="3"
 modelPersistenceProviderPackage="NeoPersistenceProviderPackage"
 revision="0"
 schemaVersion="931">
    <Things>
        <Thing
         aspect.isEditableExtensionObject="true"
         aspect.isExtension="true"
         description="UI utilities {PTC.SCA.SCO.UIProvider}"
         documentationContent=""
         effectiveThingPackage="PTC.SCA.Mfg.UIProviderPackage"
         enabled="true"
         homeMashup=""
         identifier=""
         lastModifiedDate="2017-02-23T09:05:33.512-05:00"
         name="PTC.SCA.SCO.UIProvider"
         projectName="PTC.SCA.SCO.Common"
         published="false"
         tags="PTC:sca-sco;PTC:Thing;PTC:sca-sco-common"
         thingTemplate="PTC.SCA.SCO.UIProviderThingTemplate"
         valueStream="">
            <avatar></avatar>
            <DesignTimePermissions>
                <Create></Create>
                <Read></Read>
                <Update></Update>
                <Delete></Delete>
                <Metadata></Metadata>
            </DesignTimePermissions>
            <RunTimePermissions>
                <Permissions
                 resourceName="*">
                    <PropertyRead></PropertyRead>
                    <PropertyWrite></PropertyWrite>
                    <ServiceInvoke>
                        <Principal
                         isPermitted="true"
                         name="FactoryUsers"
                         type="Group"></Principal>
                    </ServiceInvoke>
                    <EventInvoke></EventInvoke>
                    <EventSubscribe></EventSubscribe>
                </Permissions>
            </RunTimePermissions>
            <VisibilityPermissions>
                <Visibility>
                    <Principal
                     isPermitted="true"
                     name="PTC.Factory.MachineVisibility"
                     type="Organization"></Principal>
                </Visibility>
            </VisibilityPermissions>
            <ConfigurationTables></ConfigurationTables>
            <ThingShape>
                <PropertyDefinitions></PropertyDefinitions>
                <ServiceDefinitions></ServiceDefinitions>
                <EventDefinitions></EventDefinitions>
                <ServiceMappings></ServiceMappings>
                <ServiceImplementations></ServiceImplementations>
                <Subscriptions></Subscriptions>
            </ThingShape>
            <PropertyBindings></PropertyBindings>
            <RemotePropertyBindings></RemotePropertyBindings>
            <RemoteServiceBindings></RemoteServiceBindings>
            <RemoteEventBindings></RemoteEventBindings>
            <AlertConfigurations></AlertConfigurations>
            <ImplementedShapes></ImplementedShapes>
            <ThingProperties></ThingProperties>
        </Thing>
    </Things>
</Entities>
