<?xml version="1.0" encoding="UTF-8"?>
<Entities
 build="b6813"
 majorVersion="0"
 minorVersion="0"
 modelPersistenceProviderPackage="PostgresPersistenceProviderPackage"
 revision="0"
 schemaVersion="1050"
 universal="password">
    <Things>
        <Thing
         aspect.isEditableExtensionObject="true"
         aspect.isExtension="true"
         description=" ***DEPRECATED-J*** This scheduler will be deleted in a future release. Scheduler used to calculate KPIs, run every minute. {PTC.SCA.Mfg.KPIsCalculationScheduler}"
         documentationContent=""
         effectiveThingPackage="SchedulerThing"
         enabled="true"
         homeMashup=""
         identifier=""
         lastModifiedDate="2019-05-16T11:00:23.305-04:00"
         name="PTC.SCA.Mfg.KPIsCalculationScheduler"
         projectName="PTC.SCA.SCO.KPI.Scheduler"
         published="false"
         tags="PTC:sca-sco;PTC:Thing;PTC:sca-sco-kpi-scheduler"
         thingTemplate="Scheduler"
         valueStream="">
            <avatar></avatar>
            <DesignTimePermissions>
                <Create></Create>
                <Read></Read>
                <Update></Update>
                <Delete></Delete>
                <Metadata></Metadata>
            </DesignTimePermissions>
            <RunTimePermissions></RunTimePermissions>
            <VisibilityPermissions>
                <Visibility></Visibility>
            </VisibilityPermissions>
            <ConfigurationTableDefinitions></ConfigurationTableDefinitions>
            <ConfigurationTables>
                <ConfigurationTable
                 description="General Settings"
                 isHidden="true"
                 isMultiRow="false"
                 name="Settings"
                 ordinal="0">
                    <DataShape>
                        <FieldDefinitions>
                            <FieldDefinition
                             aspect.defaultValue="true"
                             baseType="BOOLEAN"
                             description="Automatically enable scheduler on startup"
                             name="enabled"
                             ordinal="0"></FieldDefinition>
                            <FieldDefinition
                             baseType="USERNAME"
                             description="User context in which to run event handlers"
                             name="runAsUser"
                             ordinal="0"></FieldDefinition>
                            <FieldDefinition
                             aspect.defaultValue="0 0/1 * * * ?"
                             baseType="SCHEDULE"
                             description="Execution Schedule (Cron String)"
                             name="schedule"
                             ordinal="0"></FieldDefinition>
                        </FieldDefinitions>
                    </DataShape>
                    <Rows>
                        <Row>
                            <enabled>false</enabled>
                            <runAsUser>
                            <![CDATA[
                            Administrator
                            ]]>
                            </runAsUser>
                            <schedule>
                            <![CDATA[
                            0 0/1 * * * ? *
                            ]]>
                            </schedule>
                        </Row>
                    </Rows>
                </ConfigurationTable>
            </ConfigurationTables>
            <ThingShape>
                <PropertyDefinitions></PropertyDefinitions>
                <ServiceDefinitions></ServiceDefinitions>
                <EventDefinitions></EventDefinitions>
                <ServiceMappings></ServiceMappings>
                <ServiceImplementations></ServiceImplementations>
                <Subscriptions>
                    <Subscription
                     description=""
                     enabled="true"
                     eventName="ScheduledEvent"
                     name="Event.ScheduledEvent"
                     source=""
                     sourceProperty=""
                     sourceType="Thing">
                        <ServiceImplementation
                         description=""
                         handlerName="Script"
                         name="Event.ScheduledEvent">
                            <ConfigurationTables>
                                <ConfigurationTable
                                 description=""
                                 isMultiRow="false"
                                 name="Script"
                                 ordinal="0">
                                    <DataShape>
                                        <FieldDefinitions>
                                            <FieldDefinition
                                             baseType="STRING"
                                             description="code"
                                             name="code"
                                             ordinal="0"></FieldDefinition>
                                        </FieldDefinitions>
                                    </DataShape>
                                    <Rows>
                                        <Row>
                                            <code>
                                            <![CDATA[
                                            // no return
                                            Things["PTC.Factory.StatusExpressionResourceProvider"].EvaluateAllKPIs();
                                            ]]>
                                            </code>
                                        </Row>
                                    </Rows>
                                </ConfigurationTable>
                            </ConfigurationTables>
                        </ServiceImplementation>
                    </Subscription>
                </Subscriptions>
            </ThingShape>
            <PropertyBindings></PropertyBindings>
            <RemotePropertyBindings></RemotePropertyBindings>
            <RemoteServiceBindings></RemoteServiceBindings>
            <RemoteEventBindings></RemoteEventBindings>
            <AlertConfigurations></AlertConfigurations>
            <ImplementedShapes></ImplementedShapes>
            <ThingProperties></ThingProperties>
        </Thing>
    </Things>
</Entities>
