<?xml version="1.0" encoding="UTF-8"?>
<Entities
 build="b482"
 majorVersion="7"
 minorVersion="0"
 modelPersistenceProviderPackage="NeoPersistenceProviderPackage"
 revision="1"
 schemaVersion="900">
    <Groups>
        <Group
         description="All factory users"
         documentationContent=""
         homeMashup=""
         lastModifiedDate="2016-04-05T20:22:37.549Z"
         name="FactoryUsers"
         projectName="PTC.SCA.SCO.Common"
         tags="PTC:sca-sco;PTC:Group;PTC:sca-sco-common">
            <avatar></avatar>
            <DesignTimePermissions>
                <Create></Create>
                <Read></Read>
                <Update></Update>
                <Delete></Delete>
                <Metadata></Metadata>
            </DesignTimePermissions>
            <RunTimePermissions></RunTimePermissions>
            <VisibilityPermissions>
                <Visibility>
                    <Principal
                     isPermitted="true"
                     name="PTC.Factory.MachineVisibility"
                     type="Organization"></Principal>
                </Visibility>
            </VisibilityPermissions>
            <ConfigurationTables></ConfigurationTables>
            <Members>
                <Members>
                    <Member
                     name="Production Manager"
                     type="Group"></Member>
                    <Member
                     name="Controls Engineer"
                     type="Group"></Member>
                    <Member
                     name="Maintenance Manager"
                     type="Group"></Member>
                    <Member
                     name="Maintenance Engineer"
                     type="Group"></Member>
                    <Member
                     name="Administrator"
                     type="User"></Member>
                </Members>
            </Members>
        </Group>
    </Groups>
</Entities>
