<?xml version="1.0" encoding="UTF-8"?>
<Entities
 build="b50"
 majorVersion="7"
 minorVersion="3"
 revision="0"
 schemaVersion="931">
    <ThingShapes>
        <ThingShape
         aspect.isEditableExtensionObject="false"
         className=""
         description=""
         documentationContent="&lt;p&gt;&lt;br&gt;&lt;/p&gt; "
         homeMashup=""
         lastModifiedDate="2016-12-19T14:57:59.119Z"
         name="PTC.SCA.SCO.Security.ThingShape"
         projectName="PTC.SCA.SCO.Utility"
         tags="PTC:sca-sco;PTC:ThingShape;PTC:sca-sco-utility">
            <ServiceDefinitions>
                <ServiceDefinition
                 aspect.isAsync="false"
                 category=""
                 description=""
                 isAllowOverride="true"
                 isLocalOnly="false"
                 isOpen="false"
                 isPrivate="false"
                 name="GetEntityVisibilityList">
                    <ResultType
                     aspect.dataShape="PTC.SCA.SCO.EntityVisibility.DataShape"
                     baseType="INFOTABLE"
                     description=""
                     name="result"
                     ordinal="0"></ResultType>
                    <ParameterDefinitions>
                        <FieldDefinition
                         aspect.defaultValue="false"
                         baseType="BOOLEAN"
                         description=""
                         name="isOrgUnit"
                         ordinal="2"></FieldDefinition>
                        <FieldDefinition
                         baseType="STRING"
                         description=""
                         name="orgOrOrgUnit"
                         ordinal="1"></FieldDefinition>
                    </ParameterDefinitions>
                </ServiceDefinition>
                <ServiceDefinition
                 aspect.isAsync="false"
                 category=""
                 description=""
                 isAllowOverride="false"
                 isLocalOnly="false"
                 isOpen="false"
                 isPrivate="false"
                 name="GetOrgFromName">
                    <ResultType
                     baseType="STRING"
                     description=""
                     name="result"
                     ordinal="0"></ResultType>
                    <ParameterDefinitions>
                        <FieldDefinition
                         baseType="STRING"
                         description=""
                         name="orgOrOrgUnit"
                         ordinal="1"></FieldDefinition>
                    </ParameterDefinitions>
                </ServiceDefinition>
                <ServiceDefinition
                 aspect.isAsync="false"
                 category=""
                 description=""
                 isAllowOverride="false"
                 isLocalOnly="false"
                 isOpen="false"
                 isPrivate="false"
                 name="GetOrgUnitFromName">
                    <ResultType
                     baseType="STRING"
                     description=""
                     name="result"
                     ordinal="0"></ResultType>
                    <ParameterDefinitions>
                        <FieldDefinition
                         baseType="STRING"
                         description=""
                         name="orgOrOrgUnit"
                         ordinal="1"></FieldDefinition>
                    </ParameterDefinitions>
                </ServiceDefinition>
                <ServiceDefinition
                 aspect.isAsync="false"
                 category=""
                 description=""
                 isAllowOverride="true"
                 isLocalOnly="false"
                 isOpen="false"
                 isPrivate="false"
                 name="GetUserVisibilityList">
                    <ResultType
                     aspect.dataShape="PTC.SCA.SCO.UserVisibility.DataShape"
                     baseType="INFOTABLE"
                     description=""
                     name="result"
                     ordinal="0"></ResultType>
                    <ParameterDefinitions>
                        <FieldDefinition
                         baseType="BOOLEAN"
                         description=""
                         name="isOrgUnit"
                         ordinal="2"></FieldDefinition>
                        <FieldDefinition
                         baseType="STRING"
                         description=""
                         name="orgOrOrgUnit"
                         ordinal="1"></FieldDefinition>
                    </ParameterDefinitions>
                </ServiceDefinition>
                <ServiceDefinition
                 aspect.isAsync="false"
                 category=""
                 description=""
                 isAllowOverride="true"
                 isLocalOnly="false"
                 isOpen="false"
                 isPrivate="false"
                 name="GetVisibilityTagList">
                    <ResultType
                     aspect.dataShape="PTC.SCA.SCO.VisibilityTags.DataShape"
                     baseType="INFOTABLE"
                     description=""
                     name="result"
                     ordinal="0"></ResultType>
                    <ParameterDefinitions>
                        <FieldDefinition
                         baseType="BOOLEAN"
                         description=""
                         name="isOrgUnit"
                         ordinal="2"></FieldDefinition>
                        <FieldDefinition
                         baseType="STRING"
                         description=""
                         name="orgOrOrgUnit"
                         ordinal="1"></FieldDefinition>
                    </ParameterDefinitions>
                </ServiceDefinition>
                <ServiceDefinition
                 aspect.isAsync="false"
                 category=""
                 description=""
                 isAllowOverride="true"
                 isLocalOnly="false"
                 isOpen="false"
                 isPrivate="false"
                 name="GetEntityTagCleanupList">
                    <ResultType
                     aspect.dataShape="PTC.SCA.SCO.TagsForEntities.DataShape"
                     baseType="INFOTABLE"
                     description=""
                     name="result"
                     ordinal="0"></ResultType>
                    <ParameterDefinitions>
                        <FieldDefinition
                         baseType="BOOLEAN"
                         description=""
                         name="isOrgUnit"
                         ordinal="2"></FieldDefinition>
                        <FieldDefinition
                         baseType="STRING"
                         description=""
                         name="orgOrOrgUnit"
                         ordinal="1"></FieldDefinition>
                    </ParameterDefinitions>
                </ServiceDefinition>
                <ServiceDefinition
                 aspect.isAsync="false"
                 category=""
                 description=""
                 isAllowOverride="true"
                 isLocalOnly="false"
                 isOpen="false"
                 isPrivate="false"
                 name="RunPostVisibilityCleanup">
                    <ResultType
                     baseType="NOTHING"
                     description=""
                     name="result"
                     ordinal="0"></ResultType>
                    <ParameterDefinitions>
                        <FieldDefinition
                         baseType="BOOLEAN"
                         description=""
                         name="isOrgUnit"
                         ordinal="2"></FieldDefinition>
                        <FieldDefinition
                         baseType="STRING"
                         description=""
                         name="orgOrOrgUnit"
                         ordinal="1"></FieldDefinition>
                    </ParameterDefinitions>
                </ServiceDefinition>
                <ServiceDefinition
                 aspect.isAsync="false"
                 category=""
                 description=""
                 isAllowOverride="true"
                 isLocalOnly="false"
                 isOpen="false"
                 isPrivate="false"
                 name="RunPreVisibilityCleanup">
                    <ResultType
                     baseType="NOTHING"
                     description=""
                     name="result"
                     ordinal="0"></ResultType>
                    <ParameterDefinitions>
                        <FieldDefinition
                         baseType="BOOLEAN"
                         description=""
                         name="isOrgUnit"
                         ordinal="2"></FieldDefinition>
                        <FieldDefinition
                         baseType="STRING"
                         description=""
                         name="orgOrOrgUnit"
                         ordinal="1"></FieldDefinition>
                    </ParameterDefinitions>
                </ServiceDefinition>
            </ServiceDefinitions>
            <ServiceImplementations>
                <ServiceImplementation
                 description=""
                 handlerName="Script"
                 name="GetEntityVisibilityList">
                    <ConfigurationTables>
                        <ConfigurationTable
                         description="Script"
                         isMultiRow="false"
                         name="Script"
                         ordinal="0">
                            <DataShape>
                                <FieldDefinitions>
                                    <FieldDefinition
                                     baseType="STRING"
                                     description="code"
                                     name="code"
                                     ordinal="0"></FieldDefinition>
                                </FieldDefinitions>
                            </DataShape>
                            <Rows>
                                <Row>
                                    <code>
                                    <![CDATA[
                                    var params = {
                                        infoTableName : "InfoTable",
                                        dataShapeName : "PTC.SCA.SCO.EntityVisibility.DataShape"
                                    };
                                    var result = Resources["InfoTableFunctions"].CreateInfoTableFromDataShape(params);
                                    ]]>
                                    </code>
                                </Row>
                            </Rows>
                        </ConfigurationTable>
                    </ConfigurationTables>
                </ServiceImplementation>
                <ServiceImplementation
                 description=""
                 handlerName="Script"
                 name="GetOrgFromName">
                    <ConfigurationTables>
                        <ConfigurationTable
                         description="Script"
                         isMultiRow="false"
                         name="Script"
                         ordinal="0">
                            <DataShape>
                                <FieldDefinitions>
                                    <FieldDefinition
                                     baseType="STRING"
                                     description="code"
                                     name="code"
                                     ordinal="0"></FieldDefinition>
                                </FieldDefinitions>
                            </DataShape>
                            <Rows>
                                <Row>
                                    <code>
                                    <![CDATA[
                                    var result;
                                    if (orgOrOrgUnit) {
                                        var parts = orgOrOrgUnit.split(":");
                                        result = parts[0];
                                    } else {
                                        result = undefined;
                                    }
                                    ]]>
                                    </code>
                                </Row>
                            </Rows>
                        </ConfigurationTable>
                    </ConfigurationTables>
                </ServiceImplementation>
                <ServiceImplementation
                 description=""
                 handlerName="Script"
                 name="GetOrgUnitFromName">
                    <ConfigurationTables>
                        <ConfigurationTable
                         description="Script"
                         isMultiRow="false"
                         name="Script"
                         ordinal="0">
                            <DataShape>
                                <FieldDefinitions>
                                    <FieldDefinition
                                     baseType="STRING"
                                     description="code"
                                     name="code"
                                     ordinal="0"></FieldDefinition>
                                </FieldDefinitions>
                            </DataShape>
                            <Rows>
                                <Row>
                                    <code>
                                    <![CDATA[
                                    var result;
                                    if (orgOrOrgUnit) {
                                        var parts = orgOrOrgUnit.split(":");
                                        result = parts[1] ? parts[1] : parts[0];
                                    } else {
                                        result = undefined;
                                    }
                                    ]]>
                                    </code>
                                </Row>
                            </Rows>
                        </ConfigurationTable>
                    </ConfigurationTables>
                </ServiceImplementation>
                <ServiceImplementation
                 description=""
                 handlerName="Script"
                 name="GetUserVisibilityList">
                    <ConfigurationTables>
                        <ConfigurationTable
                         description="Script"
                         isMultiRow="false"
                         name="Script"
                         ordinal="0">
                            <DataShape>
                                <FieldDefinitions>
                                    <FieldDefinition
                                     baseType="STRING"
                                     description="code"
                                     name="code"
                                     ordinal="0"></FieldDefinition>
                                </FieldDefinitions>
                            </DataShape>
                            <Rows>
                                <Row>
                                    <code>
                                    <![CDATA[
                                    var params = {
                                        infoTableName : "InfoTable",
                                        dataShapeName : "PTC.SCA.SCO.UserVisibility.DataShape"
                                    };
                                    var result = Resources["InfoTableFunctions"].CreateInfoTableFromDataShape(params);
                                    ]]>
                                    </code>
                                </Row>
                            </Rows>
                        </ConfigurationTable>
                    </ConfigurationTables>
                </ServiceImplementation>
                <ServiceImplementation
                 description=""
                 handlerName="Script"
                 name="GetVisibilityTagList">
                    <ConfigurationTables>
                        <ConfigurationTable
                         description="Script"
                         isMultiRow="false"
                         name="Script"
                         ordinal="0">
                            <DataShape>
                                <FieldDefinitions>
                                    <FieldDefinition
                                     baseType="STRING"
                                     description="code"
                                     name="code"
                                     ordinal="0"></FieldDefinition>
                                </FieldDefinitions>
                            </DataShape>
                            <Rows>
                                <Row>
                                    <code>
                                    <![CDATA[
                                    var params = {
                                        infoTableName : "InfoTable",
                                        dataShapeName : "PTC.SCA.SCO.VisibilityTags.DataShape"
                                    };
                                    var result = Resources["InfoTableFunctions"].CreateInfoTableFromDataShape(params);
                                    ]]>
                                    </code>
                                </Row>
                            </Rows>
                        </ConfigurationTable>
                    </ConfigurationTables>
                </ServiceImplementation>
                <ServiceImplementation
                 description=""
                 handlerName="Script"
                 name="GetEntityTagCleanupList">
                    <ConfigurationTables>
                        <ConfigurationTable
                         description="Script"
                         isMultiRow="false"
                         name="Script"
                         ordinal="0">
                            <DataShape>
                                <FieldDefinitions>
                                    <FieldDefinition
                                     baseType="STRING"
                                     description="code"
                                     name="code"
                                     ordinal="0"></FieldDefinition>
                                </FieldDefinitions>
                            </DataShape>
                            <Rows>
                                <Row>
                                    <code>
                                    <![CDATA[
                                    var params = {
                                        infoTableName : "InfoTable",
                                        dataShapeName : "PTC.SCA.SCO.TagsForEntities.DataShape"
                                    };
                                    var result = Resources["InfoTableFunctions"].CreateInfoTableFromDataShape(params);
                                    ]]>
                                    </code>
                                </Row>
                            </Rows>
                        </ConfigurationTable>
                    </ConfigurationTables>
                </ServiceImplementation>
                <ServiceImplementation
                 description=""
                 handlerName="Script"
                 name="RunPostVisibilityCleanup">
                    <ConfigurationTables>
                        <ConfigurationTable
                         description="Script"
                         isMultiRow="false"
                         name="Script"
                         ordinal="0">
                            <DataShape>
                                <FieldDefinitions>
                                    <FieldDefinition
                                     baseType="STRING"
                                     description="code"
                                     name="code"
                                     ordinal="0"></FieldDefinition>
                                </FieldDefinitions>
                            </DataShape>
                            <Rows>
                                <Row>
                                    <code></code>
                                </Row>
                            </Rows>
                        </ConfigurationTable>
                    </ConfigurationTables>
                </ServiceImplementation>
                <ServiceImplementation
                 description=""
                 handlerName="Script"
                 name="RunPreVisibilityCleanup">
                    <ConfigurationTables>
                        <ConfigurationTable
                         description="Script"
                         isMultiRow="false"
                         name="Script"
                         ordinal="0">
                            <DataShape>
                                <FieldDefinitions>
                                    <FieldDefinition
                                     baseType="STRING"
                                     description="code"
                                     name="code"
                                     ordinal="0"></FieldDefinition>
                                </FieldDefinitions>
                            </DataShape>
                            <Rows>
                                <Row>
                                    <code></code>
                                </Row>
                            </Rows>
                        </ConfigurationTable>
                    </ConfigurationTables>
                </ServiceImplementation>
            </ServiceImplementations>
        </ThingShape>
    </ThingShapes>
</Entities>
