<?xml version="1.0" encoding="UTF-8"?>
<Entities
 build="b88"
 majorVersion="8"
 minorVersion="2"
 modelPersistenceProviderPackage="PostgresPersistenceProviderPackage"
 revision="0"
 schemaVersion="1020"
 universal="">
    <ThingShapes>
        <ThingShape
         aspect.isEditableExtensionObject="false"
         aspect.isExtension="true"
         className=""
         description="Factory session {PTC.Factory.Session}"
         documentationContent=""
         homeMashup=""
         lastModifiedDate="2018-01-03T16:13:56.292-05:00"
         name="PTC.Factory.Session"
         projectName="PTC.SCA.SCO.Common"
         tags="PTC:sca-sco;PTC:ThingShape;PTC:sca-sco-common">
            <PropertyDefinitions>
                <PropertyDefinition
                 aspect.cacheTime="0.0"
                 aspect.dataChangeThreshold="0.0"
                 aspect.dataChangeType="VALUE"
                 aspect.defaultValue="0"
                 aspect.isLogged="false"
                 aspect.isPersistent="false"
                 aspect.isReadOnly="false"
                 aspect.minimumValue="0"
                 baseType="INTEGER"
                 category=""
                 description=""
                 isLocalOnly="false"
                 name="AssetListPageNumber"
                 ordinal="4"></PropertyDefinition>
                <PropertyDefinition
                 aspect.cacheTime="0.0"
                 aspect.dataChangeThreshold="0.0"
                 aspect.dataChangeType="VALUE"
                 aspect.defaultValue="0"
                 aspect.isLogged="false"
                 aspect.isPersistent="false"
                 aspect.isReadOnly="false"
                 aspect.minimumValue="0"
                 baseType="INTEGER"
                 category=""
                 description=""
                 isLocalOnly="false"
                 name="AssetDetailSensorPageNumber"
                 ordinal="5"></PropertyDefinition>
                <PropertyDefinition
                 aspect.cacheTime="0.0"
                 aspect.dataChangeType="VALUE"
                 aspect.isLogged="false"
                 aspect.isPersistent="false"
                 aspect.isReadOnly="false"
                 baseType="STRING"
                 category=""
                 description=""
                 isLocalOnly="false"
                 name="SelectedId"
                 ordinal="2"></PropertyDefinition>
                <PropertyDefinition
                 aspect.cacheTime="0.0"
                 aspect.dataChangeType="VALUE"
                 aspect.isLogged="false"
                 aspect.isPersistent="false"
                 aspect.isReadOnly="false"
                 baseType="STRING"
                 category=""
                 description=""
                 isLocalOnly="false"
                 name="selectedConfigurationTabValue"
                 ordinal="8"></PropertyDefinition>
                <PropertyDefinition
                 aspect.cacheTime="0.0"
                 aspect.dataChangeType="VALUE"
                 aspect.isLogged="false"
                 aspect.isPersistent="false"
                 aspect.isReadOnly="false"
                 baseType="STRING"
                 category=""
                 description="***DEPRECATED-J*** This property will be deleted in a future release."
                 isLocalOnly="false"
                 name="DisplayName"
                 ordinal="7"></PropertyDefinition>
                <PropertyDefinition
                 aspect.cacheTime="0.0"
                 aspect.dataChangeType="VALUE"
                 aspect.dataShape="PTC.SCA.SCO.LastEquipmentSelectionDataShape"
                 aspect.isLogged="false"
                 aspect.isPersistent="true"
                 aspect.isReadOnly="false"
                 baseType="INFOTABLE"
                 category=""
                 description="InfoTable containing the last selected server name as well as server node for each connection type in tag picker."
                 isLocalOnly="false"
                 name="lastEquipmentSelectionInTagPicker"
                 ordinal="10"></PropertyDefinition>
                <PropertyDefinition
                 aspect.cacheTime="0.0"
                 aspect.dataChangeType="VALUE"
                 aspect.isLogged="false"
                 aspect.isPersistent="false"
                 aspect.isReadOnly="false"
                 baseType="JSON"
                 category=""
                 description=""
                 isLocalOnly="false"
                 name="AssetListFilters"
                 ordinal="4"></PropertyDefinition>
                <PropertyDefinition
                 aspect.cacheTime="0.0"
                 aspect.dataChangeType="VALUE"
                 aspect.isLogged="false"
                 aspect.isPersistent="false"
                 aspect.isReadOnly="false"
                 baseType="STRING"
                 category=""
                 description=""
                 isLocalOnly="false"
                 name="usersInfoTableJson"
                 ordinal="2"></PropertyDefinition>
                <PropertyDefinition
                 aspect.cacheTime="0.0"
                 aspect.dataChangeType="VALUE"
                 aspect.isLogged="false"
                 aspect.isPersistent="false"
                 aspect.isReadOnly="false"
                 baseType="JSON"
                 category=""
                 description="Contains session variables needed by Alert Monitoring page"
                 isLocalOnly="false"
                 name="AlertMonitoringListFilters"
                 ordinal="11"></PropertyDefinition>
                <PropertyDefinition
                 aspect.cacheTime="0.0"
                 aspect.dataChangeType="VALUE"
                 aspect.dataShape="PTC.SCA.SCO.PreservedContextDataShape"
                 aspect.isLogged="false"
                 aspect.isPersistent="true"
                 aspect.isReadOnly="false"
                 baseType="INFOTABLE"
                 category=""
                 description="InfoTable containing the last selected context name in each type of screen."
                 isLocalOnly="false"
                 name="preservedContextSelection"
                 ordinal="12"></PropertyDefinition>
            </PropertyDefinitions>
            <ServiceDefinitions></ServiceDefinitions>
            <EventDefinitions></EventDefinitions>
            <ServiceMappings></ServiceMappings>
            <ServiceImplementations></ServiceImplementations>
            <Subscriptions></Subscriptions>
            <avatar></avatar>
            <DesignTimePermissions>
                <Create></Create>
                <Read></Read>
                <Update></Update>
                <Delete></Delete>
                <Metadata></Metadata>
            </DesignTimePermissions>
            <RunTimePermissions></RunTimePermissions>
            <VisibilityPermissions>
                <Visibility>
                    <Principal
                     isPermitted="true"
                     name="PTC.Factory.MachineVisibility"
                     type="Organization"></Principal>
                </Visibility>
            </VisibilityPermissions>
            <ConfigurationTables></ConfigurationTables>
            <PropertyBindings></PropertyBindings>
            <RemotePropertyBindings></RemotePropertyBindings>
            <RemoteServiceBindings></RemoteServiceBindings>
            <RemoteEventBindings></RemoteEventBindings>
            <AlertConfigurations>
                <AlertDefinitions
                 name="AssetDetailSensorPageNumber"></AlertDefinitions>
                <AlertDefinitions
                 name="AssetListFilters"></AlertDefinitions>
                <AlertDefinitions
                 name="AssetListPageNumber"></AlertDefinitions>
                <AlertDefinitions
                 name="DisplayName"></AlertDefinitions>
                <AlertDefinitions
                 name="lastEquipmentSelectionInTagPicker"></AlertDefinitions>
                <AlertDefinitions
                 name="selectedConfigurationTabValue"></AlertDefinitions>
                <AlertDefinitions
                 name="SelectedId"></AlertDefinitions>
                <AlertDefinitions
                 name="usersInfoTableJson"></AlertDefinitions>
                <AlertDefinitions
                 name="preservedContextSelection"></AlertDefinitions>
            </AlertConfigurations>
            <InstanceRunTimePermissions></InstanceRunTimePermissions>
        </ThingShape>
    </ThingShapes>
</Entities>
