<?xml version="1.0" encoding="UTF-8"?>
<Entities
 build="b159"
 majorVersion="7"
 minorVersion="4"
 modelPersistenceProviderPackage="PostgresPersistenceProviderPackage"
 revision="0"
 schemaVersion="940">
    <ThingShapes>
        <ThingShape
         aspect.isEditableExtensionObject="false"
         className="com.ptc.sca.sco.common.AnomalyThingShape"
         description="***DEPRECATED-J*** This shape will be deleted in a future release. SCA/SCO anomaly {PTC.SCA.SCO.AnomalyThingShape}"
         documentationContent=""
         homeMashup=""
         lastModifiedDate="2017-03-30T16:35:16.973-04:00"
         name="PTC.SCA.SCO.AnomalyThingShape"
         projectName="PTC.SCA.SCO.Common"
         tags="PTC:sca-sco;PTC:ThingShape;PTC:sca-sco-common">
            <PropertyDefinitions>
                <PropertyDefinition
                 aspect.cacheTime="0.0"
                 aspect.dataChangeThreshold="0.0"
                 aspect.dataChangeType="VALUE"
                 aspect.isLogged="true"
                 aspect.isPersistent="true"
                 aspect.isReadOnly="false"
                 baseType="INTEGER"
                 category=""
                 description="***DEPRECATED-J*** This property will be deleted in a future release. Whether the asset has any anomalous properties. 10=some property is anomalous, 20=all properties are normal, 30=some property is calibrating, 40=some property is unavailable."
                 isLocalOnly="false"
                 name="anomalyStatus"
                 ordinal="2"></PropertyDefinition>
                <PropertyDefinition
                 aspect.cacheTime="0.0"
                 aspect.dataChangeType="VALUE"
                 aspect.isLogged="true"
                 aspect.isPersistent="true"
                 aspect.isReadOnly="false"
                 baseType="DATETIME"
                 category=""
                 description="***DEPRECATED-J*** This property will be deleted in a future release. Time of the last state change for anomalyStatus"
                 isLocalOnly="false"
                 name="anomalyStatusTimestamp"
                 ordinal="3"></PropertyDefinition>
                <PropertyDefinition
                 aspect.cacheTime="0.0"
                 aspect.dataChangeType="ALWAYS"
                 aspect.dataShape="PTC.SCA.SCO.AnomalyFeedbackDataShape"
                 aspect.isLogged="true"
                 aspect.isPersistent="true"
                 aspect.isReadOnly="false"
                 baseType="INFOTABLE"
                 category=""
                 description="***DEPRECATED-J*** This property will be deleted in a future release. Reports of incorrect anomaly statuses."
                 isLocalOnly="false"
                 name="anomalyFeedback"
                 ordinal="5"></PropertyDefinition>
                <PropertyDefinition
                 aspect.cacheTime="0.0"
                 aspect.dataChangeType="VALUE"
                 aspect.isLogged="false"
                 aspect.isPersistent="false"
                 aspect.isReadOnly="false"
                 baseType="BOOLEAN"
                 category=""
                 description="***DEPRECATED-J*** This property will be deleted in a future release. Whether calibration has been requested and not yet completed"
                 isLocalOnly="false"
                 name="isCalibrationRequested"
                 ordinal="4"></PropertyDefinition>
                <PropertyDefinition
                 aspect.cacheTime="0.0"
                 aspect.dataChangeType="ALWAYS"
                 aspect.dataShape="GenericStringList"
                 aspect.isLogged="true"
                 aspect.isPersistent="false"
                 aspect.isReadOnly="false"
                 baseType="INFOTABLE"
                 category=""
                 description="***DEPRECATED-J*** This property will be deleted in a future release. Names of properties with anomaly detection alerts enabled"
                 isLocalOnly="false"
                 name="anomalyAlertProperties"
                 ordinal="1"></PropertyDefinition>
                <PropertyDefinition
                 aspect.cacheTime="0.0"
                 aspect.dataChangeType="VALUE"
                 aspect.isLogged="false"
                 aspect.isPersistent="true"
                 aspect.isReadOnly="false"
                 baseType="BOOLEAN"
                 category=""
                 description="***DEPRECATED-J*** This property will be deleted in a future release. Whether calibration has started and not yet completed"
                 isLocalOnly="false"
                 name="isCalibrationStarted"
                 ordinal="5"></PropertyDefinition>
                <PropertyDefinition
                 aspect.cacheTime="0.0"
                 aspect.dataChangeType="VALUE"
                 aspect.defaultValue="1970-01-01T00:00:00.000Z"
                 aspect.isLogged="false"
                 aspect.isPersistent="true"
                 aspect.isReadOnly="false"
                 baseType="DATETIME"
                 category=""
                 description="***DEPRECATED-J*** This property will be deleted in a future release. Capture the timestamp of the last calbration attempt"
                 isLocalOnly="false"
                 name="lastCalibrationCompleteTimestamp"
                 ordinal="6"></PropertyDefinition>
            </PropertyDefinitions>
            <ServiceDefinitions></ServiceDefinitions>
            <EventDefinitions></EventDefinitions>
            <ServiceMappings></ServiceMappings>
            <ServiceImplementations></ServiceImplementations>
            <Subscriptions></Subscriptions>
            <avatar></avatar>
            <DesignTimePermissions>
                <Create></Create>
                <Read></Read>
                <Update></Update>
                <Delete></Delete>
                <Metadata></Metadata>
            </DesignTimePermissions>
            <RunTimePermissions>
                <Permissions
                 resourceName="*">
                    <PropertyRead>
                        <Principal
                         isPermitted="true"
                         name="FactoryUsers"
                         type="Group"></Principal>
                    </PropertyRead>
                    <PropertyWrite>
                        <Principal
                         isPermitted="true"
                         name="FactoryUsers"
                         type="Group"></Principal>
                    </PropertyWrite>
                    <ServiceInvoke>
                        <Principal
                         isPermitted="true"
                         name="FactoryUsers"
                         type="Group"></Principal>
                    </ServiceInvoke>
                    <EventInvoke>
                        <Principal
                         isPermitted="true"
                         name="FactoryUsers"
                         type="Group"></Principal>
                    </EventInvoke>
                    <EventSubscribe>
                        <Principal
                         isPermitted="true"
                         name="FactoryUsers"
                         type="Group"></Principal>
                    </EventSubscribe>
                </Permissions>
            </RunTimePermissions>
            <VisibilityPermissions>
                <Visibility>
                    <Principal
                     isPermitted="true"
                     name="PTC.Factory.MachineVisibility"
                     type="Organization"></Principal>
                </Visibility>
            </VisibilityPermissions>
            <ConfigurationTables></ConfigurationTables>
            <PropertyBindings></PropertyBindings>
            <RemotePropertyBindings></RemotePropertyBindings>
            <RemoteServiceBindings></RemoteServiceBindings>
            <RemoteEventBindings></RemoteEventBindings>
            <AlertConfigurations>
                <AlertDefinitions
                 name="anomalyStatus"></AlertDefinitions>
                <AlertDefinitions
                 name="anomalyStatusTimestamp"></AlertDefinitions>
                <AlertDefinitions
                 name="anomalyFeedback"></AlertDefinitions>
                <AlertDefinitions
                 name="isCalibrationRequested"></AlertDefinitions>
                <AlertDefinitions
                 name="anomalyAlertProperties"></AlertDefinitions>
                <AlertDefinitions
                 name="isCalibrationStarted"></AlertDefinitions>
                <AlertDefinitions
                 name="lastCalibrationCompleteTimestamp"></AlertDefinitions>
            </AlertConfigurations>
            <InstanceRunTimePermissions>
                <Permissions
                 resourceName="*">
                    <PropertyRead>
                        <Principal
                         isPermitted="true"
                         name="FactoryUsers"
                         type="Group"></Principal>
                    </PropertyRead>
                    <PropertyWrite>
                        <Principal
                         isPermitted="true"
                         name="FactoryUsers"
                         type="Group"></Principal>
                    </PropertyWrite>
                    <ServiceInvoke>
                        <Principal
                         isPermitted="true"
                         name="FactoryUsers"
                         type="Group"></Principal>
                    </ServiceInvoke>
                    <EventInvoke>
                        <Principal
                         isPermitted="true"
                         name="FactoryUsers"
                         type="Group"></Principal>
                    </EventInvoke>
                    <EventSubscribe>
                        <Principal
                         isPermitted="true"
                         name="FactoryUsers"
                         type="Group"></Principal>
                    </EventSubscribe>
                </Permissions>
            </InstanceRunTimePermissions>
        </ThingShape>
    </ThingShapes>
</Entities>
