<?xml version="1.0" encoding="UTF-8"?>
<Entities
 build="b50"
 majorVersion="7"
 minorVersion="3"
 modelPersistenceProviderPackage="NeoPersistenceProviderPackage"
 revision="0"
 schemaVersion="931">
    <ThingShapes>
        <ThingShape
         aspect.isEditableExtensionObject="false"
         className=""
         description="Thing shape for general assets. {PTC.ISA95.GeneralPhysicalAssetThingShape}"
         documentationContent=""
         homeMashup=""
         lastModifiedDate="2017-01-20T19:54:58.642Z"
         name="PTC.ISA95.GeneralPhysicalAssetThingShape"
         projectName="PTC.SCA.SCO.Asset.Model"
         tags="PTC:sca-sco;PTC:ThingShape;PTC:sca-sco-asset-model">
            <PropertyDefinitions>
                <PropertyDefinition
                 aspect.cacheTime="0.0"
                 aspect.dataChangeType="VALUE"
                 aspect.isLogged="false"
                 aspect.isPersistent="true"
                 aspect.isReadOnly="false"
                 baseType="STRING"
                 category=""
                 description="Fixed asset identifier"
                 isLocalOnly="false"
                 name="fixedAssetID"
                 ordinal="3"></PropertyDefinition>
                <PropertyDefinition
                 aspect.cacheTime="0.0"
                 aspect.dataChangeType="VALUE"
                 aspect.dataShape="PTC.ISA95.PhysicalAssetThingTemplateList"
                 aspect.isLogged="false"
                 aspect.isPersistent="true"
                 aspect.isReadOnly="false"
                 aspect.thingTemplate="PTC.ISA95.PhysicalAssetThingTemplate"
                 baseType="INFOTABLE"
                 category=""
                 description="Physical asset"
                 isLocalOnly="false"
                 name="physicalAsset"
                 ordinal="5"></PropertyDefinition>
                <PropertyDefinition
                 aspect.cacheTime="0.0"
                 aspect.dataChangeType="VALUE"
                 aspect.isLogged="false"
                 aspect.isPersistent="true"
                 aspect.isReadOnly="false"
                 aspect.thingTemplate="PTC.ISA95.PhysicalAssetClassThingTemplate"
                 baseType="THINGNAME"
                 category=""
                 description="Physical Asset Class ID"
                 isLocalOnly="false"
                 name="physicalAssetClassID"
                 ordinal="6"></PropertyDefinition>
                <PropertyDefinition
                 aspect.cacheTime="0.0"
                 aspect.dataChangeType="VALUE"
                 aspect.isLogged="false"
                 aspect.isPersistent="true"
                 aspect.isReadOnly="false"
                 baseType="STRING"
                 category=""
                 description="Vendor identifier"
                 isLocalOnly="false"
                 name="vendorID"
                 ordinal="4"></PropertyDefinition>
            </PropertyDefinitions>
            <ServiceDefinitions></ServiceDefinitions>
            <EventDefinitions></EventDefinitions>
            <ServiceMappings></ServiceMappings>
            <ServiceImplementations></ServiceImplementations>
            <Subscriptions></Subscriptions>
            <avatar></avatar>
            <DesignTimePermissions>
                <Create></Create>
                <Read></Read>
                <Update></Update>
                <Delete></Delete>
                <Metadata></Metadata>
            </DesignTimePermissions>
            <RunTimePermissions>
                <Permissions
                 resourceName="*">
                    <PropertyRead>
                        <Principal
                         isPermitted="true"
                         name="FactoryUsers"
                         type="Group"></Principal>
                    </PropertyRead>
                    <PropertyWrite>
                        <Principal
                         isPermitted="true"
                         name="FactoryUsers"
                         type="Group"></Principal>
                    </PropertyWrite>
                    <ServiceInvoke>
                        <Principal
                         isPermitted="true"
                         name="FactoryUsers"
                         type="Group"></Principal>
                    </ServiceInvoke>
                    <EventInvoke>
                        <Principal
                         isPermitted="true"
                         name="FactoryUsers"
                         type="Group"></Principal>
                    </EventInvoke>
                    <EventSubscribe>
                        <Principal
                         isPermitted="true"
                         name="FactoryUsers"
                         type="Group"></Principal>
                    </EventSubscribe>
                </Permissions>
            </RunTimePermissions>
            <VisibilityPermissions>
                <Visibility>
                    <Principal
                     isPermitted="true"
                     name="PTC.Factory.MachineVisibility"
                     type="Organization"></Principal>
                </Visibility>
            </VisibilityPermissions>
            <ConfigurationTables></ConfigurationTables>
            <PropertyBindings></PropertyBindings>
            <RemotePropertyBindings></RemotePropertyBindings>
            <RemoteServiceBindings></RemoteServiceBindings>
            <RemoteEventBindings></RemoteEventBindings>
            <AlertConfigurations>
                <AlertDefinitions
                 name="fixedAssetID"></AlertDefinitions>
                <AlertDefinitions
                 name="physicalAsset"></AlertDefinitions>
                <AlertDefinitions
                 name="physicalAssetClassID"></AlertDefinitions>
                <AlertDefinitions
                 name="vendorID"></AlertDefinitions>
            </AlertConfigurations>
            <InstanceRunTimePermissions>
                <Permissions
                 resourceName="*">
                    <PropertyRead>
                        <Principal
                         isPermitted="true"
                         name="FactoryUsers"
                         type="Group"></Principal>
                    </PropertyRead>
                    <PropertyWrite>
                        <Principal
                         isPermitted="true"
                         name="FactoryUsers"
                         type="Group"></Principal>
                    </PropertyWrite>
                    <ServiceInvoke>
                        <Principal
                         isPermitted="true"
                         name="FactoryUsers"
                         type="Group"></Principal>
                    </ServiceInvoke>
                    <EventInvoke>
                        <Principal
                         isPermitted="true"
                         name="FactoryUsers"
                         type="Group"></Principal>
                    </EventInvoke>
                    <EventSubscribe>
                        <Principal
                         isPermitted="true"
                         name="FactoryUsers"
                         type="Group"></Principal>
                    </EventSubscribe>
                </Permissions>
            </InstanceRunTimePermissions>
        </ThingShape>
    </ThingShapes>
</Entities>
