<?xml version="1.0" encoding="UTF-8"?>
<Entities
 build="b158"
 majorVersion="7"
 minorVersion="4"
 modelPersistenceProviderPackage="NeoPersistenceProviderPackage"
 revision="0"
 schemaVersion="940">
    <ThingShapes>
        <ThingShape
         aspect.isEditableExtensionObject="false"
         aspect.isExtension="true"
         className=""
         description="***DEPRECATED-J*** This thing shape has been deprecated and will be removed in a future release. Thing shape for collecting KPIs information. {PTC.SCA.SCO.KPIsThingShape}"
         documentationContent=""
         homeMashup=""
         lastModifiedDate="2017-04-05T11:39:50.850-04:00"
         name="PTC.SCA.SCO.KPIsThingShape"
         projectName="PTC.SCA.SCO.KPI.Model"
         tags="PTC:sca-sco;PTC:ThingShape;PTC:sca-sco-kpi-model">
            <PropertyDefinitions>
                <PropertyDefinition
                 aspect.cacheTime="0.0"
                 aspect.dataChangeThreshold="0.0"
                 aspect.dataChangeType="VALUE"
                 aspect.isLogged="false"
                 aspect.isPersistent="true"
                 aspect.isReadOnly="false"
                 baseType="NUMBER"
                 category="System"
                 description="Time spent in the not configured state, from the beginning of the shift until now"
                 isLocalOnly="false"
                 name="durationNotConfiguredTime"
                 ordinal="104"></PropertyDefinition>
                <PropertyDefinition
                 aspect.cacheTime="0.0"
                 aspect.dataChangeThreshold="0.0"
                 aspect.dataChangeType="VALUE"
                 aspect.isLogged="false"
                 aspect.isPersistent="true"
                 aspect.isReadOnly="false"
                 baseType="NUMBER"
                 category="System"
                 description="Time spent in the downtime state, from the beginning of the shift until now"
                 isLocalOnly="false"
                 name="durationDowntime"
                 ordinal="105"></PropertyDefinition>
                <PropertyDefinition
                 aspect.cacheTime="0.0"
                 aspect.dataChangeThreshold="0.0"
                 aspect.dataChangeType="VALUE"
                 aspect.isLogged="false"
                 aspect.isPersistent="true"
                 aspect.isReadOnly="false"
                 baseType="NUMBER"
                 category="System"
                 description="Time spent in the planned downtime state, from the beginning of the shift until now"
                 isLocalOnly="false"
                 name="durationPlannedDownTime"
                 ordinal="106"></PropertyDefinition>
                <PropertyDefinition
                 aspect.cacheTime="0.0"
                 aspect.dataChangeThreshold="0.0"
                 aspect.dataChangeType="VALUE"
                 aspect.isLogged="false"
                 aspect.isPersistent="true"
                 aspect.isReadOnly="false"
                 baseType="NUMBER"
                 category="System"
                 description="Time spent in the running state, from the beginning of the shift until now"
                 isLocalOnly="false"
                 name="durationRuningTime"
                 ordinal="107"></PropertyDefinition>
                <PropertyDefinition
                 aspect.cacheTime="0.0"
                 aspect.dataChangeThreshold="0.0"
                 aspect.dataChangeType="VALUE"
                 aspect.isLogged="false"
                 aspect.isPersistent="true"
                 aspect.isReadOnly="false"
                 baseType="NUMBER"
                 category="System"
                 description="Time spent in the status unavailable state, from the beginning of the shift until now"
                 isLocalOnly="false"
                 name="durationStatusUnavailableTime"
                 ordinal="108"></PropertyDefinition>
                <PropertyDefinition
                 aspect.cacheTime="0.0"
                 aspect.dataChangeThreshold="0.0"
                 aspect.dataChangeType="VALUE"
                 aspect.isLogged="false"
                 aspect.isPersistent="true"
                 aspect.isReadOnly="false"
                 baseType="NUMBER"
                 category="System"
                 description="Time spent in the unplanned downtime state, from the beginning of the shift until now"
                 isLocalOnly="false"
                 name="durationUnPlannedDownTime"
                 ordinal="109"></PropertyDefinition>
                <PropertyDefinition
                 aspect.cacheTime="0.0"
                 aspect.dataChangeThreshold="0.0"
                 aspect.dataChangeType="VALUE"
                 aspect.isLogged="false"
                 aspect.isPersistent="true"
                 aspect.isReadOnly="false"
                 baseType="NUMBER"
                 category="System"
                 description="Time spent in the uptime state, from the beginning of the shift until now"
                 isLocalOnly="false"
                 name="durationUpTime"
                 ordinal="110"></PropertyDefinition>
                <PropertyDefinition
                 aspect.cacheTime="0.0"
                 aspect.dataChangeThreshold="0.0"
                 aspect.dataChangeType="VALUE"
                 aspect.isLogged="false"
                 aspect.isPersistent="true"
                 aspect.isReadOnly="false"
                 baseType="NUMBER"
                 category="System"
                 description="Time spent in the warning state, from the beginning of the shift until now"
                 isLocalOnly="false"
                 name="durationWarningTime"
                 ordinal="111"></PropertyDefinition>
                <PropertyDefinition
                 aspect.cacheTime="0.0"
                 aspect.dataChangeType="VALUE"
                 aspect.isLogged="true"
                 aspect.isPersistent="true"
                 aspect.isReadOnly="false"
                 baseType="STRING"
                 category="System"
                 description="Expression for Good Count"
                 isLocalOnly="false"
                 name="EXP_E_goodCount"
                 ordinal="88"></PropertyDefinition>
                <PropertyDefinition
                 aspect.cacheTime="0.0"
                 aspect.dataChangeType="VALUE"
                 aspect.isLogged="true"
                 aspect.isPersistent="true"
                 aspect.isReadOnly="false"
                 baseType="STRING"
                 category="System"
                 description="Expression for Ideal Run Rate"
                 isLocalOnly="false"
                 name="EXP_E_idealRunRate"
                 ordinal="96"></PropertyDefinition>
                <PropertyDefinition
                 aspect.cacheTime="0.0"
                 aspect.dataChangeType="VALUE"
                 aspect.isLogged="false"
                 aspect.isPersistent="true"
                 aspect.isReadOnly="false"
                 baseType="STRING"
                 category="System"
                 description="Expression for Performance Tag"
                 isLocalOnly="false"
                 name="EXP_E_performanceTag"
                 ordinal="42"></PropertyDefinition>
                <PropertyDefinition
                 aspect.cacheTime="0.0"
                 aspect.dataChangeType="VALUE"
                 aspect.isLogged="false"
                 aspect.isPersistent="true"
                 aspect.isReadOnly="false"
                 baseType="STRING"
                 category="System"
                 description="Expression for Quality Tag"
                 isLocalOnly="false"
                 name="EXP_E_qualityTag"
                 ordinal="41"></PropertyDefinition>
                <PropertyDefinition
                 aspect.cacheTime="0.0"
                 aspect.dataChangeType="VALUE"
                 aspect.isLogged="true"
                 aspect.isPersistent="true"
                 aspect.isReadOnly="false"
                 baseType="STRING"
                 category="System"
                 description="Expression for Total Count"
                 isLocalOnly="false"
                 name="EXP_E_totalCount"
                 ordinal="114"></PropertyDefinition>
                <PropertyDefinition
                 aspect.cacheTime="0.0"
                 aspect.dataChangeThreshold="0.0"
                 aspect.dataChangeType="VALUE"
                 aspect.isLogged="true"
                 aspect.isPersistent="true"
                 aspect.isReadOnly="false"
                 baseType="NUMBER"
                 category=""
                 description="Good Count"
                 isLocalOnly="false"
                 name="goodCount"
                 ordinal="85"></PropertyDefinition>
                <PropertyDefinition
                 aspect.cacheTime="0.0"
                 aspect.dataChangeThreshold="0.0"
                 aspect.dataChangeType="VALUE"
                 aspect.isLogged="true"
                 aspect.isPersistent="true"
                 aspect.isReadOnly="false"
                 baseType="NUMBER"
                 category=""
                 description="Ideal Run Rate"
                 isLocalOnly="false"
                 name="idealRunRate"
                 ordinal="95"></PropertyDefinition>
                <PropertyDefinition
                 aspect.cacheTime="0.0"
                 aspect.dataChangeThreshold="0.0"
                 aspect.dataChangeType="VALUE"
                 aspect.defaultValue="-1.0"
                 aspect.isLogged="false"
                 aspect.isPersistent="true"
                 aspect.isReadOnly="false"
                 baseType="NUMBER"
                 category="System"
                 description="Old Ideal Run Rate"
                 isLocalOnly="false"
                 name="oldidealRunRate"
                 ordinal="96"></PropertyDefinition>
                <PropertyDefinition
                 aspect.cacheTime="0.0"
                 aspect.dataChangeThreshold="0.0"
                 aspect.dataChangeType="VALUE"
                 aspect.isLogged="false"
                 aspect.isPersistent="true"
                 aspect.isReadOnly="false"
                 baseType="DATETIME"
                 category="System"
                 description="Last time when status got Updated"
                 isLocalOnly="false"
                 name="lastUpdateTime"
                 ordinal="100"></PropertyDefinition>
                <PropertyDefinition
                 aspect.cacheTime="0.0"
                 aspect.dataChangeThreshold="0.0"
                 aspect.dataChangeType="VALUE"
                 aspect.isLogged="true"
                 aspect.isPersistent="true"
                 aspect.isReadOnly="false"
                 baseType="NUMBER"
                 category=""
                 description="Overall equipment effectiveness"
                 isLocalOnly="false"
                 name="oee"
                 ordinal="60"></PropertyDefinition>
                <PropertyDefinition
                 aspect.cacheTime="0.0"
                 aspect.dataChangeThreshold="0.0"
                 aspect.dataChangeType="VALUE"
                 aspect.defaultValue="70"
                 aspect.isLogged="false"
                 aspect.isPersistent="true"
                 aspect.isReadOnly="false"
                 aspect.maximumValue="999"
                 aspect.minimumValue="0"
                 aspect.units="%"
                 baseType="INTEGER"
                 category=""
                 description="Maximum  threshold for OEE"
                 isLocalOnly="false"
                 name="oEE_MaxThreshold"
                 ordinal="65"></PropertyDefinition>
                <PropertyDefinition
                 aspect.cacheTime="0.0"
                 aspect.dataChangeThreshold="0.0"
                 aspect.dataChangeType="VALUE"
                 aspect.defaultValue="30"
                 aspect.isLogged="false"
                 aspect.isPersistent="true"
                 aspect.isReadOnly="false"
                 aspect.maximumValue="999"
                 aspect.minimumValue="0"
                 aspect.units="%"
                 baseType="INTEGER"
                 category=""
                 description="Minimum threshold for OEE"
                 isLocalOnly="false"
                 name="oEE_MinThreshold"
                 ordinal="70"></PropertyDefinition>
                <PropertyDefinition
                 aspect.cacheTime="0.0"
                 aspect.dataChangeThreshold="0.0"
                 aspect.dataChangeType="VALUE"
                 aspect.isLogged="false"
                 aspect.isPersistent="true"
                 aspect.isReadOnly="false"
                 baseType="NUMBER"
                 category=""
                 description="Calculates whether the OEE goes up or down"
                 isLocalOnly="false"
                 name="oeeTrending"
                 ordinal="80"></PropertyDefinition>
                <PropertyDefinition
                 aspect.cacheTime="0.0"
                 aspect.dataChangeThreshold="0.0"
                 aspect.dataChangeType="VALUE"
                 aspect.defaultValue="-1.0"
                 aspect.isLogged="false"
                 aspect.isPersistent="true"
                 aspect.isReadOnly="false"
                 baseType="NUMBER"
                 category="System"
                 description="Offset for the good count"
                 isLocalOnly="false"
                 name="offsetgoodCount"
                 ordinal="86"></PropertyDefinition>
                <PropertyDefinition
                 aspect.cacheTime="0.0"
                 aspect.dataChangeThreshold="0.0"
                 aspect.dataChangeType="VALUE"
                 aspect.defaultValue="-1.0"
                 aspect.isLogged="false"
                 aspect.isPersistent="true"
                 aspect.isReadOnly="false"
                 baseType="NUMBER"
                 category="System"
                 description="Offset for the total count"
                 isLocalOnly="false"
                 name="offsettotalCount"
                 ordinal="91"></PropertyDefinition>
                <PropertyDefinition
                 aspect.cacheTime="0.0"
                 aspect.dataChangeThreshold="0.0"
                 aspect.dataChangeType="VALUE"
                 aspect.defaultValue="-1.0"
                 aspect.isLogged="false"
                 aspect.isPersistent="true"
                 aspect.isReadOnly="false"
                 baseType="NUMBER"
                 category="System"
                 description="Old good count value"
                 isLocalOnly="false"
                 name="oldgoodCount"
                 ordinal="87"></PropertyDefinition>
                <PropertyDefinition
                 aspect.cacheTime="0.0"
                 aspect.dataChangeThreshold="0.0"
                 aspect.dataChangeType="VALUE"
                 aspect.defaultValue="-1.0"
                 aspect.isLogged="false"
                 aspect.isPersistent="true"
                 aspect.isReadOnly="false"
                 baseType="NUMBER"
                 category="System"
                 description="Old total count value"
                 isLocalOnly="false"
                 name="oldtotalCount"
                 ordinal="92"></PropertyDefinition>
                <PropertyDefinition
                 aspect.cacheTime="0.0"
                 aspect.dataChangeThreshold="0.0"
                 aspect.dataChangeType="VALUE"
                 aspect.isLogged="true"
                 aspect.isPersistent="true"
                 aspect.isReadOnly="false"
                 baseType="NUMBER"
                 category=""
                 description="Performance metric"
                 isLocalOnly="false"
                 name="performance"
                 ordinal="40"></PropertyDefinition>
                <PropertyDefinition
                 aspect.cacheTime="0.0"
                 aspect.dataChangeThreshold="0.0"
                 aspect.dataChangeType="VALUE"
                 aspect.defaultValue="70"
                 aspect.isLogged="false"
                 aspect.isPersistent="true"
                 aspect.isReadOnly="false"
                 aspect.maximumValue="999"
                 aspect.minimumValue="0"
                 aspect.units="%"
                 baseType="INTEGER"
                 category=""
                 description="Maximum threshold for performance"
                 isLocalOnly="false"
                 name="performance_MaxThreshold"
                 ordinal="45"></PropertyDefinition>
                <PropertyDefinition
                 aspect.cacheTime="0.0"
                 aspect.dataChangeThreshold="0.0"
                 aspect.dataChangeType="VALUE"
                 aspect.defaultValue="30"
                 aspect.isLogged="false"
                 aspect.isPersistent="true"
                 aspect.isReadOnly="false"
                 aspect.maximumValue="999"
                 aspect.minimumValue="0"
                 aspect.units="%"
                 baseType="INTEGER"
                 category=""
                 description="Minimum threshold for performance"
                 isLocalOnly="false"
                 name="performance_MinThreshold"
                 ordinal="50"></PropertyDefinition>
                <!-- PerformanceTag does not need to be either persisted or logged should be removed after august patch -->
                <PropertyDefinition
                 aspect.cacheTime="0.0"
                 aspect.dataChangeThreshold="0.0"
                 aspect.dataChangeType="VALUE"
                 aspect.isLogged="false"
                 aspect.isPersistent="false"
                 aspect.isReadOnly="false"
                 baseType="NUMBER"
                 category="System"
                 description="Performance tag"
                 isLocalOnly="false"
                 name="performanceTag"
                 ordinal="44"></PropertyDefinition>
                <PropertyDefinition
                 aspect.cacheTime="0.0"
                 aspect.dataChangeThreshold="0.0"
                 aspect.dataChangeType="VALUE"
                 aspect.isLogged="false"
                 aspect.isPersistent="true"
                 aspect.isReadOnly="false"
                 baseType="NUMBER"
                 category=""
                 description="Calculates whether the performance metric goes up or down"
                 isLocalOnly="false"
                 name="performanceTrending"
                 ordinal="55"></PropertyDefinition>
                <PropertyDefinition
                 aspect.cacheTime="0.0"
                 aspect.dataChangeThreshold="0.0"
                 aspect.dataChangeType="VALUE"
                 aspect.isLogged="true"
                 aspect.isPersistent="true"
                 aspect.isReadOnly="false"
                 baseType="NUMBER"
                 category=""
                 description="Quality metric"
                 isLocalOnly="false"
                 name="quality"
                 ordinal="20"></PropertyDefinition>
                <PropertyDefinition
                 aspect.cacheTime="0.0"
                 aspect.dataChangeThreshold="0.0"
                 aspect.dataChangeType="VALUE"
                 aspect.defaultValue="70"
                 aspect.isLogged="false"
                 aspect.isPersistent="true"
                 aspect.isReadOnly="false"
                 aspect.maximumValue="999"
                 aspect.minimumValue="0"
                 aspect.units="%"
                 baseType="INTEGER"
                 category=""
                 description="Maximum threshold for quality"
                 isLocalOnly="false"
                 name="quality_MaxThreshold"
                 ordinal="25"></PropertyDefinition>
                <PropertyDefinition
                 aspect.cacheTime="0.0"
                 aspect.dataChangeThreshold="0.0"
                 aspect.dataChangeType="VALUE"
                 aspect.defaultValue="30"
                 aspect.isLogged="false"
                 aspect.isPersistent="true"
                 aspect.isReadOnly="false"
                 aspect.maximumValue="999"
                 aspect.minimumValue="0"
                 aspect.units="%"
                 baseType="INTEGER"
                 category=""
                 description="Minimum threshold for quality"
                 isLocalOnly="false"
                 name="quality_MinThreshold"
                 ordinal="30"></PropertyDefinition>
                <!-- qualityTag does not need to be either persisted or logged should be removed after august patch -->
                <PropertyDefinition
                 aspect.cacheTime="0.0"
                 aspect.dataChangeThreshold="0.0"
                 aspect.dataChangeType="VALUE"
                 aspect.isLogged="false"
                 aspect.isPersistent="false"
                 aspect.isReadOnly="false"
                 baseType="NUMBER"
                 category="System"
                 description="Quality tag"
                 isLocalOnly="false"
                 name="qualityTag"
                 ordinal="43"></PropertyDefinition>
                <PropertyDefinition
                 aspect.cacheTime="0.0"
                 aspect.dataChangeThreshold="0.0"
                 aspect.dataChangeType="VALUE"
                 aspect.isLogged="false"
                 aspect.isPersistent="true"
                 aspect.isReadOnly="false"
                 baseType="NUMBER"
                 category=""
                 description="Calculates whether the quality metric goes up or down"
                 isLocalOnly="false"
                 name="qualityTrending"
                 ordinal="35"></PropertyDefinition>
                <PropertyDefinition
                 aspect.cacheTime="0.0"
                 aspect.dataChangeThreshold="0.0"
                 aspect.dataChangeType="VALUE"
                 aspect.isLogged="true"
                 aspect.isPersistent="true"
                 aspect.isReadOnly="false"
                 baseType="NUMBER"
                 category=""
                 description="Total count"
                 isLocalOnly="false"
                 name="totalCount"
                 ordinal="90"></PropertyDefinition>
                <PropertyDefinition
                 aspect.cacheTime="0.0"
                 aspect.dataChangeType="VALUE"
                 aspect.isLogged="false"
                 aspect.isPersistent="true"
                 aspect.isReadOnly="false"
                 baseType="BOOLEAN"
                 category=""
                 description="Whether we need to force calculate the KPI"
                 isLocalOnly="false"
                 name="kpiForceUpdate"
                 ordinal="112"></PropertyDefinition>
            </PropertyDefinitions>
            <ServiceDefinitions></ServiceDefinitions>
            <EventDefinitions></EventDefinitions>
            <ServiceMappings></ServiceMappings>
            <ServiceImplementations></ServiceImplementations>
            <Subscriptions></Subscriptions>
            <avatar></avatar>
            <DesignTimePermissions>
                <Create></Create>
                <Read></Read>
                <Update></Update>
                <Delete></Delete>
                <Metadata></Metadata>
            </DesignTimePermissions>
            <RunTimePermissions>
                <Permissions
                 resourceName="*">
                    <PropertyRead>
                        <Principal
                         isPermitted="true"
                         name="FactoryUsers"
                         type="Group"></Principal>
                    </PropertyRead>
                    <PropertyWrite>
                        <Principal
                         isPermitted="true"
                         name="FactoryUsers"
                         type="Group"></Principal>
                    </PropertyWrite>
                    <ServiceInvoke>
                        <Principal
                         isPermitted="true"
                         name="FactoryUsers"
                         type="Group"></Principal>
                    </ServiceInvoke>
                    <EventInvoke>
                        <Principal
                         isPermitted="true"
                         name="FactoryUsers"
                         type="Group"></Principal>
                    </EventInvoke>
                    <EventSubscribe>
                        <Principal
                         isPermitted="true"
                         name="FactoryUsers"
                         type="Group"></Principal>
                    </EventSubscribe>
                </Permissions>
            </RunTimePermissions>
            <VisibilityPermissions>
                <Visibility>
                    <Principal
                     isPermitted="true"
                     name="PTC.Factory.MachineVisibility"
                     type="Organization"></Principal>
                </Visibility>
            </VisibilityPermissions>
            <ConfigurationTables></ConfigurationTables>
            <PropertyBindings></PropertyBindings>
            <RemotePropertyBindings></RemotePropertyBindings>
            <RemoteServiceBindings></RemoteServiceBindings>
            <RemoteEventBindings></RemoteEventBindings>
            <AlertConfigurations>
                <AlertDefinitions
                 name="EXP_E_performanceTag"></AlertDefinitions>
                <AlertDefinitions
                 name="EXP_E_qualityTag"></AlertDefinitions>
                <AlertDefinitions
                 name="performanceTag"></AlertDefinitions>
                <AlertDefinitions
                 name="qualityTag"></AlertDefinitions>
            </AlertConfigurations>
            <InstanceRunTimePermissions>
                <Permissions
                 resourceName="*">
                    <PropertyRead>
                        <Principal
                         isPermitted="true"
                         name="FactoryUsers"
                         type="Group"></Principal>
                    </PropertyRead>
                    <PropertyWrite>
                        <Principal
                         isPermitted="true"
                         name="FactoryUsers"
                         type="Group"></Principal>
                    </PropertyWrite>
                    <ServiceInvoke>
                        <Principal
                         isPermitted="true"
                         name="FactoryUsers"
                         type="Group"></Principal>
                    </ServiceInvoke>
                    <EventInvoke>
                        <Principal
                         isPermitted="true"
                         name="FactoryUsers"
                         type="Group"></Principal>
                    </EventInvoke>
                    <EventSubscribe>
                        <Principal
                         isPermitted="true"
                         name="FactoryUsers"
                         type="Group"></Principal>
                    </EventSubscribe>
                </Permissions>
            </InstanceRunTimePermissions>
        </ThingShape>
    </ThingShapes>
</Entities>
