<?xml version="1.0" encoding="UTF-8"?>
<Entities
 build="b6937"
 majorVersion="0"
 minorVersion="0"
 modelPersistenceProviderPackage="PostgresPersistenceProviderPackage"
 revision="0"
 schemaVersion="1050"
 universal="password">
    <ThingShapes>
        <ThingShape
         aspect.isEditableExtensionObject="false"
         aspect.isExtension="true"
         className=""
         description="***DEPRECATED-K*** This thing shape will be removed in a future release. Thing Shape that holds all the necessary properties and services for manipulating work force definitions in the database {PTC.SCA.SCO.WorkforceManagerThingShape}"
         documentationContent=""
         homeMashup=""
         lastModifiedDate="2019-06-05T17:18:49.642-04:00"
         name="PTC.SCA.SCO.WorkforceManagementThingShape"
         projectName="PTC.SCA.SCO.JobOrder.Manager"
         tags="PTC:sca-sco;PTC:ThingShape;PTC:sca-sco-joborder-manager">
            <PropertyDefinitions></PropertyDefinitions>
            <ServiceDefinitions>
                <ServiceDefinition
                 aspect.isAsync="false"
                 category=""
                 description="Creates crew records"
                 isAllowOverride="true"
                 isLocalOnly="false"
                 isOpen="false"
                 isPrivate="false"
                 name="CreateCrews">
                    <ResultType
                     aspect.dataShape="PTC.SCA.SCO.Crew"
                     baseType="INFOTABLE"
                     description=""
                     name="result"
                     ordinal="0"></ResultType>
                    <ParameterDefinitions>
                        <FieldDefinition
                         aspect.dataShape="PTC.SCA.SCO.Crew"
                         aspect.isRequired="true"
                         baseType="INFOTABLE"
                         description=""
                         name="Crews"
                         ordinal="1"></FieldDefinition>
                    </ParameterDefinitions>
                </ServiceDefinition>
                <ServiceDefinition
                 aspect.isAsync="false"
                 category=""
                 description="Deletes a crew record"
                 isAllowOverride="true"
                 isLocalOnly="false"
                 isOpen="false"
                 isPrivate="false"
                 name="DeleteCrew">
                    <ResultType
                     aspect.dataShape="PTC.SCA.SCO.Crew"
                     baseType="INFOTABLE"
                     description=""
                     name="result"
                     ordinal="0"></ResultType>
                    <ParameterDefinitions>
                        <FieldDefinition
                         aspect.isRequired="true"
                         baseType="STRING"
                         description=""
                         name="UID"
                         ordinal="1"></FieldDefinition>
                    </ParameterDefinitions>
                </ServiceDefinition>
                <ServiceDefinition
                 aspect.isAsync="false"
                 category=""
                 description="Delete the crew and all related links referencing the crew"
                 isAllowOverride="true"
                 isLocalOnly="false"
                 isOpen="false"
                 isPrivate="false"
                 name="DeleteCrewAndLinks">
                    <ResultType
                     aspect.dataShape="PTC.SCA.SCO.BatchDeleteDataShape"
                     baseType="INFOTABLE"
                     description=""
                     name="result"
                     ordinal="0"></ResultType>
                    <ParameterDefinitions>
                        <FieldDefinition
                         aspect.isRequired="true"
                         baseType="STRING"
                         description=""
                         name="CrewUID"
                         ordinal="1"></FieldDefinition>
                    </ParameterDefinitions>
                </ServiceDefinition>
                <ServiceDefinition
                 aspect.isAsync="false"
                 category=""
                 description=""
                 isAllowOverride="true"
                 isLocalOnly="false"
                 isOpen="false"
                 isPrivate="false"
                 name="GetCrew">
                    <ResultType
                     aspect.dataShape="PTC.SCA.SCO.Crew"
                     baseType="INFOTABLE"
                     description=""
                     name="result"
                     ordinal="0"></ResultType>
                    <ParameterDefinitions>
                        <FieldDefinition
                         aspect.isRequired="true"
                         baseType="STRING"
                         description=""
                         name="UID"
                         ordinal="1"></FieldDefinition>
                    </ParameterDefinitions>
                </ServiceDefinition>
                <ServiceDefinition
                 aspect.isAsync="false"
                 category=""
                 description="Creates Crew and Crew_AP Tables in the Database"
                 isAllowOverride="true"
                 isLocalOnly="false"
                 isOpen="false"
                 isPrivate="false"
                 name="GetCrewDBInfo">
                    <ResultType
                     baseType="JSON"
                     description=""
                     name="result"
                     ordinal="0"></ResultType>
                    <ParameterDefinitions></ParameterDefinitions>
                </ServiceDefinition>
                <ServiceDefinition
                 aspect.isAsync="false"
                 category=""
                 description="Get crew records based on Filter"
                 isAllowOverride="true"
                 isLocalOnly="false"
                 isOpen="false"
                 isPrivate="false"
                 name="GetCrews">
                    <ResultType
                     aspect.dataShape="PTC.SCA.SCO.Crew"
                     baseType="INFOTABLE"
                     description=""
                     name="result"
                     ordinal="0"></ResultType>
                    <ParameterDefinitions>
                        <FieldDefinition
                         baseType="JSON"
                         description=""
                         name="filter"
                         ordinal="1"></FieldDefinition>
                        <FieldDefinition
                         baseType="INTEGER"
                         description=""
                         name="limit"
                         ordinal="2"></FieldDefinition>
                        <FieldDefinition
                         baseType="INTEGER"
                         description=""
                         name="offset"
                         ordinal="3"></FieldDefinition>
                    </ParameterDefinitions>
                </ServiceDefinition>
                <ServiceDefinition
                 aspect.isAsync="false"
                 category=""
                 description="Update crew records"
                 isAllowOverride="true"
                 isLocalOnly="false"
                 isOpen="false"
                 isPrivate="false"
                 name="UpdateCrews">
                    <ResultType
                     aspect.dataShape="PTC.SCA.SCO.Crew"
                     baseType="INFOTABLE"
                     description=""
                     name="result"
                     ordinal="0"></ResultType>
                    <ParameterDefinitions>
                        <FieldDefinition
                         aspect.dataShape="PTC.SCA.SCO.Crew"
                         aspect.isRequired="true"
                         baseType="INFOTABLE"
                         description=""
                         name="Crews"
                         ordinal="1"></FieldDefinition>
                    </ParameterDefinitions>
                </ServiceDefinition>
            </ServiceDefinitions>
            <EventDefinitions></EventDefinitions>
            <ServiceMappings></ServiceMappings>
            <ServiceImplementations>
                <ServiceImplementation
                 description=""
                 handlerName="Script"
                 name="CreateCrews">
                    <ConfigurationTables>
                        <ConfigurationTable
                         description=""
                         isMultiRow="false"
                         name="Script"
                         ordinal="0">
                            <DataShape>
                                <FieldDefinitions>
                                    <FieldDefinition
                                     baseType="STRING"
                                     description="code"
                                     name="code"
                                     ordinal="0"></FieldDefinition>
                                </FieldDefinitions>
                            </DataShape>
                            <Rows>
                                <Row>
                                    <code>
                                    <![CDATA[
                                    var params = {
                                        infoTable: Crews,
                                        dataShapeName: "PTC.SCA.SCO.Crew"
                                    };
                                    
                                    var result = Things[me.GetDatabaseThingName()].Insert(params);
                                    ]]>
                                    </code>
                                </Row>
                            </Rows>
                        </ConfigurationTable>
                    </ConfigurationTables>
                </ServiceImplementation>
                <ServiceImplementation
                 description=""
                 handlerName="Script"
                 name="DeleteCrew">
                    <ConfigurationTables>
                        <ConfigurationTable
                         description=""
                         isMultiRow="false"
                         name="Script"
                         ordinal="0">
                            <DataShape>
                                <FieldDefinitions>
                                    <FieldDefinition
                                     baseType="STRING"
                                     description="code"
                                     name="code"
                                     ordinal="0"></FieldDefinition>
                                </FieldDefinitions>
                            </DataShape>
                            <Rows>
                                <Row>
                                    <code>
                                    <![CDATA[
                                    var params = {
                                        UID: UID,
                                        dataShapeName: "PTC.SCA.SCO.Crew"
                                    };
                                    
                                    var result = Things[me.GetDatabaseThingName()].Delete(params);
                                    ]]>
                                    </code>
                                </Row>
                            </Rows>
                        </ConfigurationTable>
                    </ConfigurationTables>
                </ServiceImplementation>
                <ServiceImplementation
                 description=""
                 handlerName="Script"
                 name="DeleteCrewAndLinks">
                    <ConfigurationTables>
                        <ConfigurationTable
                         description=""
                         isMultiRow="false"
                         name="Script"
                         ordinal="0">
                            <DataShape>
                                <FieldDefinitions>
                                    <FieldDefinition
                                     baseType="STRING"
                                     description="code"
                                     name="code"
                                     ordinal="0"></FieldDefinition>
                                </FieldDefinitions>
                            </DataShape>
                            <Rows>
                                <Row>
                                    <code>
                                    <![CDATA[
                                    var shiftManagerName = Things["PTC.Factory.LaunchPointConfigurationThing"].GetShiftManagerThingName();
                                    var shiftToCrewLinks = Things[shiftManagerName].GetShiftToCrewLinksByCrew({
                                    	CrewUID: CrewUID
                                    });
                                    
                                    var primaryKeyName = Things[me.GetDatabaseThingName()].GetPrimaryKey({
                                    	dataShapeName: "PTC.SCA.SCO.ShiftToCrewLink"
                                    });
                                    
                                    var batchDeleteTable = me.AddEntitiesToBatchDelete({
                                    	DataShapeName: "PTC.SCA.SCO.ShiftToCrewLink",
                                    	Entities: shiftToCrewLinks,
                                    	BatchDeleteTable: undefined,
                                    	PrimaryKeyName: primaryKeyName
                                    });
                                    
                                    var crewRow = {};
                                    crewRow.dataShapeName = "PTC.SCA.SCO.Crew";
                                    crewRow.UID = CrewUID;
                                    batchDeleteTable.AddRow(crewRow);
                                    
                                    var result = Things[me.GetDatabaseThingName()].BatchDelete({
                                    	infoTable: batchDeleteTable
                                    });
                                    ]]>
                                    </code>
                                </Row>
                            </Rows>
                        </ConfigurationTable>
                    </ConfigurationTables>
                </ServiceImplementation>
                <ServiceImplementation
                 description=""
                 handlerName="Script"
                 name="GetCrew">
                    <ConfigurationTables>
                        <ConfigurationTable
                         description=""
                         isMultiRow="false"
                         name="Script"
                         ordinal="0">
                            <DataShape>
                                <FieldDefinitions>
                                    <FieldDefinition
                                     baseType="STRING"
                                     description="code"
                                     name="code"
                                     ordinal="0"></FieldDefinition>
                                </FieldDefinitions>
                            </DataShape>
                            <Rows>
                                <Row>
                                    <code>
                                    <![CDATA[
                                    var params = {
                                        UID: UID,
                                        dataShapeName: "PTC.SCA.SCO.Crew"
                                    };
                                    
                                    var result = Things[me.GetDatabaseThingName()].GetEntity(params);
                                    ]]>
                                    </code>
                                </Row>
                            </Rows>
                        </ConfigurationTable>
                    </ConfigurationTables>
                </ServiceImplementation>
                <ServiceImplementation
                 description=""
                 handlerName="Script"
                 name="GetCrewDBInfo">
                    <ConfigurationTables>
                        <ConfigurationTable
                         description=""
                         isMultiRow="false"
                         name="Script"
                         ordinal="0">
                            <DataShape>
                                <FieldDefinitions>
                                    <FieldDefinition
                                     baseType="STRING"
                                     description="code"
                                     name="code"
                                     ordinal="0"></FieldDefinition>
                                </FieldDefinitions>
                            </DataShape>
                            <Rows>
                                <Row>
                                    <code>
                                    <![CDATA[
                                    var dbInfo = {
                                    	dbInfo: [{
                                    			dataShapeName: "PTC.SCA.SCO.Crew",
                                    			indexedFields: [{
                                    				name: "SiteUID"
                                    			}],
                                    			foreignKeys: [{
                                    				name: "SiteUID",
                                    				referenceDataShapeName: "PTC.SCA.SCO.Site",
                                    				referenceFieldName: "UID"
                                    			}]
                                    		},
                                    		{
                                    			dataShapeName: "PTC.SCA.SCO.Crew_AP",
                                    			indexedFields: []
                                    		}
                                    	]
                                    };
                                    
                                    var result = dbInfo;
                                    ]]>
                                    </code>
                                </Row>
                            </Rows>
                        </ConfigurationTable>
                    </ConfigurationTables>
                </ServiceImplementation>
                <ServiceImplementation
                 description=""
                 handlerName="Script"
                 name="GetCrews">
                    <ConfigurationTables>
                        <ConfigurationTable
                         description=""
                         isMultiRow="false"
                         name="Script"
                         ordinal="0">
                            <DataShape>
                                <FieldDefinitions>
                                    <FieldDefinition
                                     baseType="STRING"
                                     description="code"
                                     name="code"
                                     ordinal="0"></FieldDefinition>
                                </FieldDefinitions>
                            </DataShape>
                            <Rows>
                                <Row>
                                    <code>
                                    <![CDATA[
                                    var params = {
                                        filter: filter,
                                        dataShapeName: "PTC.SCA.SCO.Crew",
                                        limit: limit,
                                        offset: offset
                                    };
                                    
                                    var result = Things[me.GetDatabaseThingName()].Query(params);
                                    ]]>
                                    </code>
                                </Row>
                            </Rows>
                        </ConfigurationTable>
                    </ConfigurationTables>
                </ServiceImplementation>
                <ServiceImplementation
                 description=""
                 handlerName="Script"
                 name="UpdateCrews">
                    <ConfigurationTables>
                        <ConfigurationTable
                         description=""
                         isMultiRow="false"
                         name="Script"
                         ordinal="0">
                            <DataShape>
                                <FieldDefinitions>
                                    <FieldDefinition
                                     baseType="STRING"
                                     description="code"
                                     name="code"
                                     ordinal="0"></FieldDefinition>
                                </FieldDefinitions>
                            </DataShape>
                            <Rows>
                                <Row>
                                    <code>
                                    <![CDATA[
                                    var params = {
                                        infoTable: Crews,
                                        dataShapeName: "PTC.SCA.SCO.Crew"
                                    };
                                    
                                    var result = Things[me.GetDatabaseThingName()].Update(params);
                                    ]]>
                                    </code>
                                </Row>
                            </Rows>
                        </ConfigurationTable>
                    </ConfigurationTables>
                </ServiceImplementation>
            </ServiceImplementations>
            <Subscriptions></Subscriptions>
            <avatar></avatar>
            <DesignTimePermissions>
                <Create></Create>
                <Read></Read>
                <Update></Update>
                <Delete></Delete>
                <Metadata></Metadata>
            </DesignTimePermissions>
            <RunTimePermissions></RunTimePermissions>
            <VisibilityPermissions>
                <Visibility></Visibility>
            </VisibilityPermissions>
            <ConfigurationTableDefinitions></ConfigurationTableDefinitions>
            <ConfigurationTables></ConfigurationTables>
            <PropertyBindings></PropertyBindings>
            <RemotePropertyBindings></RemotePropertyBindings>
            <RemoteServiceBindings></RemoteServiceBindings>
            <RemoteEventBindings></RemoteEventBindings>
            <AlertConfigurations></AlertConfigurations>
            <InstanceRunTimePermissions></InstanceRunTimePermissions>
        </ThingShape>
    </ThingShapes>
</Entities>
