<?xml version="1.0" encoding="UTF-8"?>
<Entities
 build="b36"
 majorVersion="8"
 minorVersion="2"
 modelPersistenceProviderPackage="PostgresPersistenceProviderPackage"
 revision="3"
 schemaVersion="1020"
 universal="">
    <ThingShapes>
        <ThingShape
         aspect.isEditableExtensionObject="false"
         aspect.isExtension="true"
         className=""
         description="Implement this ThingShape within a ThingTemplate for remote connections except for KEPServeEX type of connection. For now it contains shared property definitions for all types of remote connection."
         documentationContent=""
         homeMashup=""
         lastModifiedDate="2018-03-28T13:26:47.086-04:00"
         name="PTC.SCA.SCO.RemoteConnectionThingShape"
         projectName="PTC.SCA.SCO.RemoteAccess.Manager"
         tags="PTC:sca-sco;PTC:ThingShape;PTC:sca-sco-remoteaccess-manager">
            <PropertyDefinitions>
                <PropertyDefinition
                 aspect.cacheTime="0.0"
                 aspect.dataChangeThreshold="0.0"
                 aspect.dataChangeType="VALUE"
                 aspect.defaultValue="1970-01-01T06:00:00.000-05:00"
                 aspect.isLogged="true"
                 aspect.isPersistent="true"
                 aspect.isReadOnly="false"
                 baseType="DATETIME"
                 category=""
                 description="This property stores current time on the server"
                 isLocalOnly="false"
                 name="currentServerTime"
                 ordinal="1"></PropertyDefinition>
                <PropertyDefinition
                 aspect.cacheTime="0.0"
                 aspect.dataChangeThreshold="0.0"
                 aspect.dataChangeType="VALUE"
                 aspect.defaultValue="1"
                 aspect.isLogged="true"
                 aspect.isPersistent="true"
                 aspect.isReadOnly="false"
                 baseType="INTEGER"
                 category=""
                 description="This property indicates whether the connection is established between gateway thing and remote thing. There are 3 possible values: connected, not connected and connected but with warning."
                 isLocalOnly="false"
                 name="serverStatus"
                 ordinal="2"></PropertyDefinition>
                <PropertyDefinition
                 aspect.cacheTime="0.0"
                 aspect.dataChangeThreshold="0.0"
                 aspect.dataChangeType="VALUE"
                 aspect.defaultValue="false"
                 aspect.isLogged="true"
                 aspect.isPersistent="true"
                 aspect.isReadOnly="false"
                 baseType="BOOLEAN"
                 category=""
                 description="This property indicates whether dataflow between gateway thing and remote thing is below a specific rate or not"
                 isLocalOnly="false"
                 name="isConnectionHealthy"
                 ordinal="3"></PropertyDefinition>
            </PropertyDefinitions>
            <ServiceDefinitions></ServiceDefinitions>
            <EventDefinitions></EventDefinitions>
            <ServiceMappings></ServiceMappings>
            <ServiceImplementations></ServiceImplementations>
            <Subscriptions></Subscriptions>
            <avatar></avatar>
            <DesignTimePermissions>
                <Create></Create>
                <Read></Read>
                <Update></Update>
                <Delete></Delete>
                <Metadata></Metadata>
            </DesignTimePermissions>
            <RunTimePermissions></RunTimePermissions>
            <VisibilityPermissions>
                <Visibility>
                    <Principal
                     isPermitted="true"
                     name="PTC.Factory.MachineVisibility"
                     type="Organization"></Principal>
                </Visibility>
            </VisibilityPermissions>
            <ConfigurationTables></ConfigurationTables>
            <PropertyBindings></PropertyBindings>
            <RemotePropertyBindings></RemotePropertyBindings>
            <RemoteServiceBindings></RemoteServiceBindings>
            <RemoteEventBindings></RemoteEventBindings>
            <AlertConfigurations></AlertConfigurations>
            <InstanceRunTimePermissions></InstanceRunTimePermissions>
        </ThingShape>
    </ThingShapes>
</Entities>
