<?xml version="1.0" encoding="UTF-8"?>
<Entities
 build="b6756"
 majorVersion="0"
 minorVersion="0"
 modelPersistenceProviderPackage="PostgresPersistenceProviderPackage"
 revision="0"
 schemaVersion="1050"
 universal="password">
    <ThingShapes>
        <ThingShape
         className=""
         description="***DEPRECATED-J*** This entity has been deprecated and will be removed in a future release. Contains the availability attributes for the pre-8.5 KPI functionality. These attributes were previously found in the PTC.SCA.SCO.StatusThingShape.  {PTC.Factory.AvailabilityKPIThingShape}"
         documentationContent=""
         homeMashup=""
         lastModifiedDate="2019-05-09T13:58:58.427-04:00"
         name="PTC.Factory.AvailabilityKPIThingShape"
         projectName="PTC.SCA.SCO.KPI.Model"
         tags="PTC:sca-sco;PTC:ThingShape;PTC:sca-sco-kpi-model">
            <PropertyDefinitions>
                <PropertyDefinition
                 aspect.cacheTime="0.0"
                 aspect.dataChangeThreshold="0.0"
                 aspect.dataChangeType="VALUE"
                 aspect.isLogged="true"
                 aspect.isPersistent="true"
                 baseType="NUMBER"
                 category=""
                 description="Value of the availability metric"
                 isLocalOnly="false"
                 name="availability"
                 ordinal="2"></PropertyDefinition>
                <PropertyDefinition
                 aspect.cacheTime="0.0"
                 aspect.dataChangeThreshold="0.0"
                 aspect.dataChangeType="VALUE"
                 aspect.defaultValue="70"
                 aspect.isPersistent="true"
                 aspect.maximumValue="999"
                 aspect.minimumValue="0"
                 aspect.units="%"
                 baseType="INTEGER"
                 category=""
                 description="Maximum threshold for the availability metric"
                 isLocalOnly="false"
                 name="availability_MaxThreshold"
                 ordinal="3"></PropertyDefinition>
                <PropertyDefinition
                 aspect.cacheTime="0.0"
                 aspect.dataChangeThreshold="0.0"
                 aspect.dataChangeType="VALUE"
                 aspect.defaultValue="30"
                 aspect.isPersistent="true"
                 aspect.maximumValue="999"
                 aspect.minimumValue="0"
                 aspect.units="%"
                 baseType="INTEGER"
                 category=""
                 description="Minimum threshold for the availability metric"
                 isLocalOnly="false"
                 name="availability_MinThreshold"
                 ordinal="4"></PropertyDefinition>
                <PropertyDefinition
                 aspect.cacheTime="0.0"
                 aspect.dataChangeThreshold="0.0"
                 aspect.dataChangeType="VALUE"
                 aspect.isPersistent="true"
                 baseType="NUMBER"
                 category=""
                 description="Calculates whether the availability KPI goes up or down"
                 isLocalOnly="false"
                 name="availabilityTrending"
                 ordinal="5"></PropertyDefinition>
            </PropertyDefinitions>
            <ServiceDefinitions></ServiceDefinitions>
            <EventDefinitions></EventDefinitions>
            <ServiceMappings></ServiceMappings>
            <ServiceImplementations></ServiceImplementations>
            <Subscriptions></Subscriptions>
            <avatar></avatar>
            <DesignTimePermissions>
                <Create></Create>
                <Read></Read>
                <Update></Update>
                <Delete></Delete>
                <Metadata></Metadata>
            </DesignTimePermissions>
            <RunTimePermissions></RunTimePermissions>
            <VisibilityPermissions>
                <Visibility></Visibility>
            </VisibilityPermissions>
            <ConfigurationTableDefinitions></ConfigurationTableDefinitions>
            <ConfigurationTables></ConfigurationTables>
            <PropertyBindings></PropertyBindings>
            <RemotePropertyBindings></RemotePropertyBindings>
            <RemoteServiceBindings></RemoteServiceBindings>
            <RemoteEventBindings></RemoteEventBindings>
            <AlertConfigurations>
                <AlertDefinitions
                 name="availability"></AlertDefinitions>
                <AlertDefinitions
                 name="availability_MaxThreshold"></AlertDefinitions>
                <AlertDefinitions
                 name="availability_MinThreshold"></AlertDefinitions>
                <AlertDefinitions
                 name="availabilityTrending"></AlertDefinitions>
            </AlertConfigurations>
            <InstanceRunTimePermissions></InstanceRunTimePermissions>
        </ThingShape>
    </ThingShapes>
</Entities>
