<?xml version="1.0" encoding="UTF-8"?>
<Entities
 build="b349"
 majorVersion="8"
 minorVersion="3"
 modelPersistenceProviderPackage="PostgresPersistenceProviderPackage"
 revision="0"
 schemaVersion="1030"
 universal="">
    <ThingShapes>
        <ThingShape
         aspect.isEditableExtensionObject="false"
         aspect.isExtension="true"
         className=""
         description=""
         documentationContent=""
         homeMashup=""
         lastModifiedDate="2018-07-27T01:38:30.947-04:00"
         name="PTC.SCA.SCO.Common.EquipmentExportProcessSummaryThingShape"
         projectName="PTC.SCA.SCO.ImportExport.Manager"
         tags="PTC:sca-sco;PTC:ThingShape;PTC:sca-sco-importexport-manager">
            <PropertyDefinitions>
                <PropertyDefinition
                 aspect.dataChangeType="VALUE"
                 aspect.defaultValue="false"
                 aspect.isPersistent="true"
                 baseType="BOOLEAN"
                 category=""
                 description=""
                 isLocalOnly="false"
                 name="isExportProcessInProgress"
                 ordinal="3"></PropertyDefinition>
                <PropertyDefinition
                 aspect.dataChangeType="VALUE"
                 aspect.isPersistent="true"
                 baseType="HYPERLINK"
                 category=""
                 description=""
                 isLocalOnly="false"
                 name="exportFileLink"
                 ordinal="6"></PropertyDefinition>
                <PropertyDefinition
                 aspect.dataChangeType="VALUE"
                 aspect.isPersistent="true"
                 baseType="USERNAME"
                 category=""
                 description=""
                 isLocalOnly="false"
                 name="user"
                 ordinal="5"></PropertyDefinition>
                <PropertyDefinition
                 aspect.dataChangeType="VALUE"
                 aspect.defaultValue="false"
                 aspect.isPersistent="true"
                 baseType="BOOLEAN"
                 category=""
                 description=""
                 isLocalOnly="false"
                 name="isExportProcessFinished"
                 ordinal="6"></PropertyDefinition>
            </PropertyDefinitions>
            <ServiceDefinitions></ServiceDefinitions>
            <EventDefinitions></EventDefinitions>
            <ServiceMappings></ServiceMappings>
            <ServiceImplementations></ServiceImplementations>
            <Subscriptions></Subscriptions>
            <avatar></avatar>
            <DesignTimePermissions>
                <Create></Create>
                <Read></Read>
                <Update></Update>
                <Delete></Delete>
                <Metadata></Metadata>
            </DesignTimePermissions>
            <RunTimePermissions></RunTimePermissions>
            <VisibilityPermissions>
                <Visibility></Visibility>
            </VisibilityPermissions>
            <ConfigurationTableDefinitions></ConfigurationTableDefinitions>
            <ConfigurationTables></ConfigurationTables>
            <PropertyBindings></PropertyBindings>
            <RemotePropertyBindings></RemotePropertyBindings>
            <RemoteServiceBindings></RemoteServiceBindings>
            <RemoteEventBindings></RemoteEventBindings>
            <AlertConfigurations>
                <AlertDefinitions
                 name="exportFileLink"></AlertDefinitions>
                <AlertDefinitions
                 name="isExportProcessFinished"></AlertDefinitions>
                <AlertDefinitions
                 name="isExportProcessInProgress"></AlertDefinitions>
                <AlertDefinitions
                 name="user"></AlertDefinitions>
            </AlertConfigurations>
            <InstanceRunTimePermissions></InstanceRunTimePermissions>
        </ThingShape>
    </ThingShapes>
</Entities>
