<?xml version="1.0" encoding="UTF-8"?>
<Entities
 majorVersion="0"
 minorVersion="0"
 universal="password">
    <ThingShapes>
        <ThingShape
         aspect.isEditableExtensionObject="false"
         aspect.isExtension="true"
         className="com.ptc.sca.sco.status.StatusThingShape"
         description="Defines attributes used to track the operational status of an asset. {PTC.SCA.SCO.StatusThingShape}"
         documentationContent=""
         homeMashup=""
         name="PTC.SCA.SCO.StatusThingShape"
         projectName="PTC.SCA.SCO.Status.Model"
         tags="PTC:sca-sco;PTC:ThingShape;PTC:sca-sco-status-model">
            <PropertyDefinitions>
                <PropertyDefinition
                 aspect.cacheTime="0.0"
                 aspect.dataChangeType="VALUE"
                 aspect.isLogged="false"
                 aspect.isPersistent="true"
                 aspect.isReadOnly="false"
                 baseType="STRING"
                 category=""
                 description="status display name in english localization"
                 isLocalOnly="false"
                 name="actualStatusDisplayName"
                 ordinal="19"></PropertyDefinition>
                <PropertyDefinition
                 aspect.cacheTime="0.0"
                 aspect.dataChangeType="VALUE"
                 aspect.isLogged="false"
                 aspect.isPersistent="true"
                 aspect.isReadOnly="false"
                 baseType="STRING"
                 category=""
                 description="For status 6"
                 isLocalOnly="false"
                 name="EXP_E_Custom1"
                 ordinal="16"></PropertyDefinition>
                <PropertyDefinition
                 aspect.cacheTime="0.0"
                 aspect.dataChangeType="VALUE"
                 aspect.isLogged="false"
                 aspect.isPersistent="true"
                 aspect.isReadOnly="false"
                 baseType="STRING"
                 category=""
                 description="For status 7"
                 isLocalOnly="false"
                 name="EXP_E_Custom2"
                 ordinal="17"></PropertyDefinition>
                <PropertyDefinition
                 aspect.cacheTime="0.0"
                 aspect.dataChangeType="VALUE"
                 aspect.isLogged="false"
                 aspect.isPersistent="true"
                 aspect.isReadOnly="false"
                 baseType="STRING"
                 category=""
                 description="For status 8"
                 isLocalOnly="false"
                 name="EXP_E_Custom3"
                 ordinal="18"></PropertyDefinition>
                <PropertyDefinition
                 aspect.cacheTime="0.0"
                 aspect.dataChangeType="VALUE"
                 aspect.isLogged="false"
                 aspect.isPersistent="true"
                 aspect.isReadOnly="false"
                 baseType="STRING"
                 category=""
                 description="For status 0"
                 isLocalOnly="false"
                 name="EXP_E_NotConfigured"
                 ordinal="14"></PropertyDefinition>
                <PropertyDefinition
                 aspect.cacheTime="0.0"
                 aspect.dataChangeType="VALUE"
                 aspect.isLogged="false"
                 aspect.isPersistent="true"
                 aspect.isReadOnly="false"
                 baseType="STRING"
                 category=""
                 description="For status 3"
                 isLocalOnly="false"
                 name="EXP_E_PlannedDowntime"
                 ordinal="112"></PropertyDefinition>
                <PropertyDefinition
                 aspect.cacheTime="0.0"
                 aspect.dataChangeType="VALUE"
                 aspect.isLogged="false"
                 aspect.isPersistent="true"
                 aspect.isReadOnly="false"
                 baseType="STRING"
                 category=""
                 description="For status 2"
                 isLocalOnly="false"
                 name="EXP_E_Running"
                 ordinal="113"></PropertyDefinition>
                <PropertyDefinition
                 aspect.cacheTime="0.0"
                 aspect.dataChangeType="VALUE"
                 aspect.isLogged="false"
                 aspect.isPersistent="true"
                 aspect.isReadOnly="false"
                 baseType="STRING"
                 category=""
                 description="For status 5"
                 isLocalOnly="false"
                 name="EXP_E_Unavailable"
                 ordinal="15"></PropertyDefinition>
                <PropertyDefinition
                 aspect.cacheTime="0.0"
                 aspect.dataChangeType="VALUE"
                 aspect.isLogged="false"
                 aspect.isPersistent="true"
                 aspect.isReadOnly="false"
                 baseType="STRING"
                 category=""
                 description="For status 4"
                 isLocalOnly="false"
                 name="EXP_E_UnplannedDowntime"
                 ordinal="115"></PropertyDefinition>
                <PropertyDefinition
                 aspect.cacheTime="0.0"
                 aspect.dataChangeType="VALUE"
                 aspect.isLogged="false"
                 aspect.isPersistent="true"
                 aspect.isReadOnly="false"
                 baseType="STRING"
                 category=""
                 description="For status 1"
                 isLocalOnly="false"
                 name="EXP_E_Warning"
                 ordinal="116"></PropertyDefinition>
                <PropertyDefinition
                 aspect.cacheTime="0.0"
                 aspect.dataChangeType="VALUE"
                 aspect.defaultValue="false"
                 aspect.isPersistent="true"
                 baseType="BOOLEAN"
                 category=""
                 description="To specify if expressions are configured"
                 isLocalOnly="false"
                 name="isConfigured"
                 ordinal="15"></PropertyDefinition>
                <PropertyDefinition
                 aspect.cacheTime="0.0"
                 aspect.dataChangeThreshold="0.0"
                 aspect.dataChangeType="VALUE"
                 aspect.defaultValue="-1"
                 aspect.isLogged="false"
                 aspect.isPersistent="true"
                 aspect.isReadOnly="false"
                 aspect.maximumValue="8"
                 aspect.minimumValue="-1"
                 baseType="INTEGER"
                 category=""
                 description="0 = Not Configured, 1 = Warning, 2 = Running, 3 = Planned Downtime, 4 = Unplanned Downtime, 5 = Unavailable, 6 = Custom1, 7 = Custom2, 8 = Custom3"
                 isLocalOnly="false"
                 name="status"
                 ordinal="120"></PropertyDefinition>
                <PropertyDefinition
                 aspect.cacheTime="0.0"
                 aspect.dataChangeThreshold="0.0"
                 aspect.dataChangeType="VALUE"
                 aspect.defaultValue="10"
                 aspect.isLogged="true"
                 aspect.isPersistent="true"
                 aspect.isReadOnly="false"
                 aspect.maximumValue="90"
                 aspect.minimumValue="0"
                 baseType="INTEGER"
                 category=""
                 description="How critical the status is, for sorting purposes."
                 isLocalOnly="false"
                 name="statusCriticality"
                 ordinal="12"></PropertyDefinition>
                <PropertyDefinition
                 aspect.cacheTime="0.0"
                 aspect.dataChangeType="VALUE"
                 aspect.isPersistent="true"
                 baseType="JSON"
                 category=""
                 description="Lists each property on the current equipment that is called in status expressions, with an array of the expressions which call them."
                 isLocalOnly="false"
                 name="statusExpDependency"
                 ordinal="20"></PropertyDefinition>
                <PropertyDefinition
                 aspect.cacheTime="0.0"
                 aspect.dataChangeType="VALUE"
                 aspect.isPersistent="true"
                 baseType="JSON"
                 category=""
                 description="Contains the values needed to calculate the status."
                 isLocalOnly="false"
                 name="statusExpEvalValues"
                 ordinal="21"></PropertyDefinition>
                <PropertyDefinition
                 aspect.cacheTime="0.0"
                 aspect.dataChangeType="VALUE"
                 aspect.defaultValue="0,1,2,3,4,5"
                 aspect.isLogged="false"
                 aspect.isPersistent="true"
                 aspect.isReadOnly="false"
                 baseType="STRING"
                 category=""
                 description="Order of the status, for sorting purposes"
                 isLocalOnly="false"
                 name="statusOrder"
                 ordinal="121"></PropertyDefinition>
                <PropertyDefinition
                 aspect.cacheTime="0.0"
                 aspect.dataChangeType="VALUE"
                 aspect.isLogged="false"
                 aspect.isPersistent="true"
                 aspect.isReadOnly="false"
                 baseType="DATETIME"
                 category=""
                 description="The time stamp when the the current status was entered."
                 isLocalOnly="false"
                 name="statusTimestamp"
                 ordinal="2"></PropertyDefinition>
            </PropertyDefinitions>
            <ServiceDefinitions>
                <ServiceDefinition
                 aspect.isAsync="false"
                 category=""
                 description="Builds the values for the statusExpDependency and statusExpEvalValues properties."
                 isAllowOverride="true"
                 isLocalOnly="false"
                 isOpen="false"
                 isPrivate="false"
                 name="BuildStatusExpProperties">
                    <ResultType
                     baseType="NOTHING"
                     description=""
                     name="result"
                     ordinal="0"></ResultType>
                    <ParameterDefinitions>
                        <FieldDefinition
                         aspect.defaultValue="false"
                         baseType="BOOLEAN"
                         description="If true, reinitializes any existing property values"
                         name="force"
                         ordinal="1"></FieldDefinition>
                    </ParameterDefinitions>
                </ServiceDefinition>
                <ServiceDefinition
                 aspect.isAsync="false"
                 category=""
                 description="This service returns the status id after an evaluation has been done."
                 isAllowOverride="true"
                 isLocalOnly="false"
                 isOpen="false"
                 isPrivate="false"
                 name="CalculateStatus">
                    <ResultType
                     baseType="INTEGER"
                     description=""
                     name="result"
                     ordinal="0"></ResultType>
                    <ParameterDefinitions></ParameterDefinitions>
                </ServiceDefinition>
                <ServiceDefinition
                 aspect.isAsync="false"
                 category=""
                 description="Evaluates the expression for the given status expression property and updates the evaluation result in the statusExpEvalValues property."
                 isAllowOverride="true"
                 isLocalOnly="false"
                 isOpen="false"
                 isPrivate="false"
                 name="EvaluateExpression">
                    <ResultType
                     baseType="NOTHING"
                     description=""
                     name="result"
                     ordinal="0"></ResultType>
                    <ParameterDefinitions>
                        <FieldDefinition
                         aspect.isRequired="true"
                         baseType="STRING"
                         description="Status expression property name"
                         name="expPropName"
                         ordinal="1"></FieldDefinition>
                    </ParameterDefinitions>
                </ServiceDefinition>
                <ServiceDefinition
                 aspect.isAsync="false"
                 category=""
                 description="Here is where the customization of the status expressions and ordering should be implemented"
                 isAllowOverride="true"
                 isLocalOnly="false"
                 isOpen="false"
                 isPrivate="false"
                 name="GetDefaultStatusExpressionsConfiguration">
                    <ResultType
                     aspect.dataShape="PTC.SCA.SCO.Status.ExpressionsDataShape"
                     baseType="INFOTABLE"
                     description=""
                     name="result"
                     ordinal="0"></ResultType>
                    <ParameterDefinitions></ParameterDefinitions>
                </ServiceDefinition>
                <ServiceDefinition
                 aspect.isAsync="false"
                 category=""
                 description="This service will return the status configuration. Joins the content of Status Definitions and Status Expressions."
                 isAllowOverride="false"
                 isLocalOnly="false"
                 isOpen="false"
                 isPrivate="false"
                 name="GetStatusConfiguration">
                    <ResultType
                     aspect.dataShape="PTC.SCA.SCO.Status.ConfigurationDataShape"
                     baseType="INFOTABLE"
                     description=""
                     name="result"
                     ordinal="0"></ResultType>
                    <ParameterDefinitions></ParameterDefinitions>
                </ServiceDefinition>
                <ServiceDefinition
                 aspect.isAsync="false"
                 category=""
                 description="This service will return the Status Definitions from the Launch Point Configuration."
                 isAllowOverride="false"
                 isLocalOnly="false"
                 isOpen="false"
                 isPrivate="false"
                 name="GetStatusDefinitions">
                    <ResultType
                     aspect.dataShape="PTC.SCA.SCO.Status.DefinitionsDataShape"
                     baseType="INFOTABLE"
                     description=""
                     name="result"
                     ordinal="0"></ResultType>
                    <ParameterDefinitions></ParameterDefinitions>
                </ServiceDefinition>
                <ServiceDefinition
                 aspect.isAsync="false"
                 category=""
                 description="This service will return the content of the thing property [statusExpressions] and the localization of statuses 'NOT CONFIGURED' and 'UNAVAILABLE'."
                 isAllowOverride="false"
                 isLocalOnly="false"
                 isOpen="false"
                 isPrivate="false"
                 name="GetStatusExpressions">
                    <ResultType
                     aspect.dataShape="PTC.SCA.SCO.Status.ExpressionsDataShape"
                     baseType="INFOTABLE"
                     description=""
                     name="result"
                     ordinal="0"></ResultType>
                    <ParameterDefinitions></ParameterDefinitions>
                </ServiceDefinition>
                <ServiceDefinition
                 aspect.isAsync="false"
                 category=""
                 description="Returns the Status Manager Thing configured in the application."
                 isAllowOverride="true"
                 isLocalOnly="false"
                 isOpen="false"
                 isPrivate="false"
                 name="GetStatusManager">
                    <ResultType
                     baseType="THINGNAME"
                     description=""
                     name="result"
                     ordinal="0"></ResultType>
                    <ParameterDefinitions></ParameterDefinitions>
                </ServiceDefinition>
                <ServiceDefinition
                 aspect.isAsync="false"
                 category=""
                 description="Serviced used to implement the customization of the default status expressions and its ordering."
                 isAllowOverride="true"
                 isLocalOnly="false"
                 isOpen="false"
                 isPrivate="false"
                 name="IsConfigured">
                    <ResultType
                     baseType="BOOLEAN"
                     description=""
                     name="result"
                     ordinal="0"></ResultType>
                    <ParameterDefinitions></ParameterDefinitions>
                </ServiceDefinition>
                <ServiceDefinition
                 aspect.isAsync="false"
                 category=""
                 description="Checks the statusExpDependency property value for the given property or function. If the property or function is found in statusExpDependency, then this service calls EvaluateExpression for the appropriate status expression properties."
                 isAllowOverride="true"
                 isLocalOnly="false"
                 isOpen="false"
                 isPrivate="false"
                 name="TriggerExpEval">
                    <ResultType
                     baseType="NOTHING"
                     description=""
                     name="result"
                     ordinal="0"></ResultType>
                    <ParameterDefinitions>
                        <FieldDefinition
                         aspect.isRequired="true"
                         baseType="STRING"
                         description="Property or function name"
                         name="elementName"
                         ordinal="1"></FieldDefinition>
                    </ParameterDefinitions>
                </ServiceDefinition>
                <ServiceDefinition
                 aspect.isAsync="false"
                 category=""
                 description="Updates the equipment status property based on the statusExpEvalValues property content."
                 isAllowOverride="true"
                 isLocalOnly="false"
                 isOpen="false"
                 isPrivate="false"
                 name="UpdateStatus">
                    <ResultType
                     baseType="NOTHING"
                     description=""
                     name="result"
                     ordinal="0"></ResultType>
                    <ParameterDefinitions></ParameterDefinitions>
                </ServiceDefinition>
                <ServiceDefinition
                 aspect.isAsync="false"
                 category=""
                 description="Updates the statusExpEvalValue property for the equipment if the status definition changes."
                 isAllowOverride="true"
                 isLocalOnly="false"
                 isOpen="false"
                 isPrivate="false"
                 name="UpdateStatusDefinitions">
                    <ResultType
                     baseType="NOTHING"
                     description=""
                     name="result"
                     ordinal="0"></ResultType>
                    <ParameterDefinitions></ParameterDefinitions>
                </ServiceDefinition>
            </ServiceDefinitions>
            <EventDefinitions></EventDefinitions>
            <ServiceMappings></ServiceMappings>
            <ServiceImplementations>
                <ServiceImplementation
                 description=""
                 handlerName="Script"
                 name="BuildStatusExpProperties">
                    <ConfigurationTables>
                        <ConfigurationTable
                         dataShapeName=""
                         description=""
                         isMultiRow="false"
                         name="Script"
                         ordinal="0">
                            <DataShape>
                                <FieldDefinitions>
                                    <FieldDefinition
                                     baseType="STRING"
                                     description="code"
                                     name="code"
                                     ordinal="0"></FieldDefinition>
                                </FieldDefinitions>
                            </DataShape>
                            <Rows>
                                <Row>
                                    <code>
                                    <![CDATA[
                                    const OPERAND_REGEX = /"[^"]+(:[^"]*)?"/g;
                                    if (force || isStatusExpEvalValuesEmpty()) {
                                        buildStatusExpProperties();
                                    }
                                    
                                    function buildStatusExpProperties() {
                                        let statusExpEvalValues = {};
                                        let statusExpDependency = {};
                                        let definitions = Things["PTC.SCA.SCO.StatusUtils"].GetStatusDefinitions({
                                            "thingName": me.name /* THINGNAME */,
                                            "actualStatusOnly": false /* BOOLEAN */,
                                            "enabledOnly": false /* BOOLEAN */
                                        });
                                    
                                        definitions.rows.toArray().forEach(definition => {
                                            let expPropName = 'EXP_E_' + definition.internalName;
                                            statusExpEvalValues[expPropName] = getDefinitionJSON(expPropName, definition);
                                            updateStatusExpDependency(statusExpDependency, expPropName);
                                        });
                                    
                                        me.statusExpEvalValues = JSON.stringify(statusExpEvalValues);
                                        me.statusExpDependency = JSON.stringify(statusExpDependency);
                                    }
                                    
                                    function isStatusExpEvalValuesEmpty() {
                                        let statusExpEvalValues = JSON.parse(me.statusExpEvalValues);
                                        return Object.keys(statusExpEvalValues).length == 0;
                                    }
                                    
                                    function getDefinitionJSON(expPropName, definition) {
                                       return {
                                           eval: false, 
                                           criticality: definition.criticalityOrder,
                                           index: parseInt(definition.statusIndex, 10),
                                           englishDisplayName: getEnglishDisplayName(definition),
                                           enabled: definition.enabled,
                                           order: definition.evaluationOrder
                                       };    
                                    }
                                    
                                    function updateStatusExpDependency(statusExpDependency, expPropName) {
                                        let operands = getOperands(expPropName);
                                        operands.forEach(operand => {
                                            let expPropNames = statusExpDependency[operand] || [];
                                            expPropNames.push(expPropName);
                                            statusExpDependency[operand] = expPropNames;
                                        });
                                    }
                                    
                                    function getOperands(expPropName) {    
                                        let operands = me[expPropName].match(OPERAND_REGEX);
                                        return operands ? operands.map(cleanOperand).filter(operand => operand) : [];
                                    }
                                    
                                    function cleanOperand(operand) {
                                        operand = operand.replace(/"/g, '');
                                        if (operand.includes(':')) { // Property operand
                                            const fields = operand.split(':');
                                            if (fields[0] === me.name) {
                                                return fields[1];
                                            } else {
                                                return '';
                                            }
                                        }
                                        return operand;
                                    }
                                    
                                    function getEnglishDisplayName(definition) {
                                        let displayName = Resources["RuntimeLocalizationFunctions"].GetEffectiveTokenForLanguage({token: definition.localizationToken, language: "en"});
                                        return displayName === '???' ? definition.internalName : displayName;
                                    }
                                    ]]>
                                    </code>
                                </Row>
                            </Rows>
                        </ConfigurationTable>
                    </ConfigurationTables>
                </ServiceImplementation>
                <ServiceImplementation
                 description=""
                 handlerName="Script"
                 name="CalculateStatus">
                    <ConfigurationTables>
                        <ConfigurationTable
                         dataShapeName=""
                         description=""
                         isMultiRow="false"
                         name="Script"
                         ordinal="0">
                            <DataShape>
                                <FieldDefinitions>
                                    <FieldDefinition
                                     baseType="STRING"
                                     description="code"
                                     name="code"
                                     ordinal="0"></FieldDefinition>
                                </FieldDefinitions>
                            </DataShape>
                            <Rows>
                                <Row>
                                    <code>
                                    <![CDATA[
                                    result = Things["PTC.Factory.StatusExpressionUtils"].CalculateStatus({thingId:me.name});
                                    ]]>
                                    </code>
                                </Row>
                            </Rows>
                        </ConfigurationTable>
                    </ConfigurationTables>
                </ServiceImplementation>
                <ServiceImplementation
                 description=""
                 handlerName="Script"
                 name="EvaluateExpression">
                    <ConfigurationTables>
                        <ConfigurationTable
                         dataShapeName=""
                         description=""
                         isMultiRow="false"
                         name="Script"
                         ordinal="0">
                            <DataShape>
                                <FieldDefinitions>
                                    <FieldDefinition
                                     baseType="STRING"
                                     description="code"
                                     name="code"
                                     ordinal="0"></FieldDefinition>
                                </FieldDefinitions>
                            </DataShape>
                            <Rows>
                                <Row>
                                    <code>
                                    <![CDATA[
                                    let statusExpressionUtils = Things["PTC.Factory.StatusExpressionUtils"];
                                    let evalResult;
                                    
                                    try {
                                        evalResult = statusExpressionUtils.EvaluateExpression({
                                            expression: me[expPropName] /* STRING */,
                                            thingId: me.name /* THINGNAME */
                                        });
                                    } catch(err) {
                                        evalResult = false;
                                        logger.error(err.message);
                                    }
                                    
                                    if (me.statusExpEvalValues[expPropName]['eval'] !== evalResult) {
                                        let valuesJson = JSON.parse(me.statusExpEvalValues);
                                        valuesJson[expPropName]['eval'] = evalResult;
                                        me.statusExpEvalValues = JSON.stringify(valuesJson);
                                        me.UpdateStatus();
                                    }
                                    ]]>
                                    </code>
                                </Row>
                            </Rows>
                        </ConfigurationTable>
                    </ConfigurationTables>
                </ServiceImplementation>
                <ServiceImplementation
                 description=""
                 handlerName="Script"
                 name="GetDefaultStatusExpressionsConfiguration">
                    <ConfigurationTables>
                        <ConfigurationTable
                         dataShapeName=""
                         description=""
                         isMultiRow="false"
                         name="Script"
                         ordinal="0">
                            <DataShape>
                                <FieldDefinitions>
                                    <FieldDefinition
                                     baseType="STRING"
                                     description="code"
                                     name="code"
                                     ordinal="0"></FieldDefinition>
                                </FieldDefinitions>
                            </DataShape>
                            <Rows>
                                <Row>
                                    <code>
                                    <![CDATA[
                                    // Implementing this service is a two-step process.
                                    
                                    // The first step creates an empty infotable of the correct datashape:
                                    var result = Resources["InfoTableFunctions"].CreateInfoTableFromDataShape({dataShapeName : "PTC.SCA.SCO.Status.ExpressionsDataShape"});
                                    
                                    // The second step populates that infotable with state expressions in the desired order:
                                    // Status IDs, do not edit.
                                    var NOT_CONFIGURED = 0, WARNING = 1, RUNNING = 2, PLANNED_DOWNTIME = 3, UNPLANNED_DOWNTIME = 4, UNAVAILABLE = 5;
                                    var CUSTOM1 = 6, CUSTOM2 = 7, CUSTOM3 = 8;
                                    // Status Expressions with corresponding IDs.
                                    
                                    addStatus(NOT_CONFIGURED, 'NOT "' + me.name + ':isConfigured"');
                                    addStatus(PLANNED_DOWNTIME, 'NOT "IS_SCHEDULED" OR ("IS_DATA_OK" AND (false))');
                                    addStatus(WARNING, '"IS_DATA_OK" AND ("HAS_ALERTS")');
                                    addStatus(RUNNING, '"IS_DATA_OK" AND (' + getExpressionForStatusRunning() + ')');
                                    addStatus(UNPLANNED_DOWNTIME, '"IS_DATA_OK" AND (false)');
                                    addStatus(UNAVAILABLE, 'true');
                                    // addStatus(CUSTOM1, '"IS_DATA_OK" AND (false)');
                                    // addStatus(CUSTOM2, '"IS_DATA_OK" AND (false)');
                                    // addStatus(CUSTOM3, '"IS_DATA_OK" AND (false)');
                                    
                                    // The following helper functions are not essential, but aid in this particular implementation.
                                    
                                    // This function simplifies the syntax for adding an expression to the result.
                                    function addStatus(id, expression) {
                                        result.AddRow({"id":String(id), "expression": expression});
                                    }
                                    
                                    // This function returns the default expression for the Running status of an Asset or Line.
                                    function getExpressionForStatusRunning() {
                                        let isLine = Resources["PTC.Factory.CommonUtilities"].IsLine({thingId: me.name});
                                        let expressionForRunning = (isLine) ? '"ARE_ALL_CHILDREN_RUNNING"' : 'false';
                                        return expressionForRunning;
                                    }
                                    ]]>
                                    </code>
                                </Row>
                            </Rows>
                        </ConfigurationTable>
                    </ConfigurationTables>
                </ServiceImplementation>
                <ServiceImplementation
                 description=""
                 handlerName="Script"
                 name="GetStatusConfiguration">
                    <ConfigurationTables>
                        <ConfigurationTable
                         dataShapeName=""
                         description=""
                         isMultiRow="false"
                         name="Script"
                         ordinal="0">
                            <DataShape>
                                <FieldDefinitions>
                                    <FieldDefinition
                                     baseType="STRING"
                                     description="code"
                                     name="code"
                                     ordinal="0"></FieldDefinition>
                                </FieldDefinitions>
                            </DataShape>
                            <Rows>
                                <Row>
                                    <code>
                                    <![CDATA[
                                    const statusDefinitions = me.GetStatusDefinitions();
                                    const statusExpressions = me.GetStatusExpressions();
                                    let statusConfiguration = Resources["InfoTableFunctions"].CreateInfoTableFromDataShape(
                                        {dataShapeName: "PTC.SCA.SCO.Status.ConfigurationDataShape" /* DATASHAPENAME */}
                                    );
                                    
                                    // joining the 2 tables (status definition and status expression)
                                    statusDefinitions.rows.toArray().forEach(definitionRow => {
                                        let expressionRow = statusExpressions.Find({id:definitionRow.id});
                                        if (!expressionRow) {
                                            logger.error("Could not find status expressions for statusIndex : {}", definitionRow.id);
                                            expressionRow = [];
                                            expressionRow["expression"] = "";
                                            expressionRow["orderOfExecution"] = 1;
                                        }
                                    
                                        statusConfiguration.AddRow({
                                            id:definitionRow.id,
                                            name:definitionRow.name,
                                            localizationToken:definitionRow.localizationToken,
                                            icon:definitionRow.icon,
                                            color:definitionRow.color,
                                            expression:expressionRow.expression,
                                            orderOfExecution:expressionRow.orderOfExecution,
                                            orderOfCriticality:definitionRow.orderOfCriticality,
                                            editableExpression:definitionRow.editableExpression
                                        });
                                    });
                                    
                                    statusConfiguration.Sort({name: "orderOfExecution", ascending: true});
                                    result = statusConfiguration;
                                    ]]>
                                    </code>
                                </Row>
                            </Rows>
                        </ConfigurationTable>
                    </ConfigurationTables>
                </ServiceImplementation>
                <ServiceImplementation
                 description=""
                 handlerName="Script"
                 name="GetStatusDefinitions">
                    <ConfigurationTables>
                        <ConfigurationTable
                         dataShapeName=""
                         description=""
                         isMultiRow="false"
                         name="Script"
                         ordinal="0">
                            <DataShape>
                                <FieldDefinitions>
                                    <FieldDefinition
                                     baseType="STRING"
                                     description="code"
                                     name="code"
                                     ordinal="0"></FieldDefinition>
                                </FieldDefinitions>
                            </DataShape>
                            <Rows>
                                <Row>
                                    <code>
                                    <![CDATA[
                                    let table;
                                    
                                    let definitions = Things["PTC.SCA.SCO.StatusUtils"].GetStatusDefinitions({
                                        "thingName": me.name /* THINGNAME */,
                                        "actualStatusOnly": false /* BOOLEAN */,
                                        "enabledOnly": true /* BOOLEAN */
                                    });
                                    
                                    const definitionsLength = definitions ? definitions.rows.length : 0;
                                    
                                    if (definitionsLength > 0) {
                                        table = Resources["InfoTableFunctions"].CreateInfoTableFromDataShape({
                                            infoTableName : "InfoTable",
                                            dataShapeName : "PTC.SCA.SCO.Status.DefinitionsDataShape"
                                        });
                                    
                                        definitions.rows.toArray().forEach(definition => {
                                            let row = {
                                                "color" : definition.color, // STRING
                                                "orderOfCriticality" : definition.criticalityOrder, // INTEGER
                                                "evaluationOrder" : definition.evaluationOrder, // INTEGER
                                                "icon" : definition.icon, // IMAGELINK
                                                "name" : definition.internalName, // STRING
                                                "id" : definition.statusIndex, // STRING [Primary Key]
                                                "localizationToken" : definition.localizationToken, // STRING
                                                "editableExpression" : definition.editableExpression // BOOLEAN
                                            };
                                            table.AddRow(row);
                                        });
                                        table.Sort({name: "orderOfExecution", ascending: true});
                                    } else {
                                        table = {
                                            "dataShape": {
                                                "fieldDefinitions": {
                                                    "color": {
                                                        "name": "color",
                                                        "description": "Color used for graphs",
                                                        "baseType": "STRING",
                                                        "ordinal": 5,
                                                        "aspects": {
                                                            "isPrimaryKey": false
                                                        }
                                                    },
                                                    "icon": {
                                                        "name": "icon",
                                                        "description": "Media Icon entity for the status",
                                                        "baseType": "IMAGELINK",
                                                        "ordinal": 4,
                                                        "aspects": {
                                                            "isPrimaryKey": false
                                                        }
                                                    },
                                                    "id": {
                                                        "name": "id",
                                                        "description": "Unique identifier of the status definition",
                                                        "baseType": "STRING",
                                                        "ordinal": 1,
                                                        "aspects": {
                                                            "isPrimaryKey": true
                                                        }
                                                    },
                                                    "localizationToken": {
                                                        "name": "localizationToken",
                                                        "description": "Localization token used to display the name of the status",
                                                        "baseType": "STRING",
                                                        "ordinal": 3,
                                                        "aspects": {
                                                            "isPrimaryKey": false
                                                        }
                                                    },
                                                    "name": {
                                                        "name": "name",
                                                        "description": "Unique name of the status definition",
                                                        "baseType": "STRING",
                                                        "ordinal": 2,
                                                        "aspects": {
                                                            "isPrimaryKey": false
                                                        }
                                                    },
                                                    "orderOfCriticality": {
                                                        "name": "orderOfCriticality",
                                                        "description": "Order used for sorting a status",
                                                        "baseType": "INTEGER",
                                                        "ordinal": 6,
                                                        "aspects": {}
                                                    },
                                                    "evaluationOrder": {
                                                        "name": "evaluationOrder",
                                                        "description": "Order used for sorting a status",
                                                        "baseType": "INTEGER",
                                                        "ordinal": 7,
                                                        "aspects": {}
                                                    },
                                                    "editableExpression": {
                                                        "name": "editableExpression",
                                                        "description": "BOOLEAN (default value is true) to specify if the status expression is editable in the configuration page",
                                                        "baseType": "BOOLEAN",
                                                        "ordinal": 8,
                                                        "aspects": {"defaultValue": true, "isPrimaryKey": false}
                                                    }
                                                }
                                            },
                                            "rows": [{
                                                    "color": "#a2a2a2",
                                                    "icon": "PTC.Factory.Status.NotConfigured",
                                                    "id": "0",
                                                    "localizationToken": "PTC.SCA.SCO.NotConfiguredStatus",
                                                    "name": "NotConfigured",
                                                    "orderOfCriticality": "10",
                                                    "evaluationOrder": "0",
                                                    "editableExpression": "false"
                                                }, {
                                                    "color": "#f2b927",
                                                    "icon": "PTC.Factory.Status.Warning",
                                                    "id": "1",
                                                    "localizationToken": "PTC.SCA.SCO.WarningStatus",
                                                    "name": "Warning",
                                                    "orderOfCriticality": "50",
                                                    "evaluationOrder": "2",
                                                    "editableExpression": "true"
                                                }, {
                                                    "color": "#3ec556",
                                                    "icon": "PTC.Factory.Status.Running",
                                                    "id": "2",
                                                    "localizationToken": "PTC.SCA.SCO.RunningStatus",
                                                    "name": "Running",
                                                    "orderOfCriticality": "20",
                                                    "evaluationOrder": "3",
                                                    "editableExpression": "true"
                                                }, {
                                                    "color": "#09aec6",
                                                    "icon": "PTC.Factory.Status.PlannedDowntime",
                                                    "id": "3",
                                                    "localizationToken": "PTC.SCA.SCO.PlannedDowntimeStatus",
                                                    "name": "PlannedDowntime",
                                                    "orderOfCriticality": "30",
                                                    "evaluationOrder": "1",
                                                    "editableExpression": "true"
                                                }, {
                                                    "color": "#ed684a",
                                                    "icon": "PTC.Factory.Status.UnplannedDowntime",
                                                    "id": "4",
                                                    "localizationToken": "PTC.SCA.SCO.UnplannedDowntimeStatus",
                                                    "name": "UnplannedDowntime",
                                                    "orderOfCriticality": "60",
                                                    "evaluationOrder": "4",
                                                    "editableExpression": "true"
                                                }, {
                                                    "color": "#a2a2a2",
                                                    "icon": "PTC.Factory.Status.Unavailable",
                                                    "id": "5",
                                                    "localizationToken": "PTC.SCA.SCO.UnavailableStatus",
                                                    "name": "Unavailable",
                                                    "orderOfCriticality": "40",
                                                    "evaluationOrder": "5",
                                                    "editableExpression": "true"
                                                }
                                            ]
                                        };
                                    }
                                    
                                    result = table;
                                    ]]>
                                    </code>
                                </Row>
                            </Rows>
                        </ConfigurationTable>
                    </ConfigurationTables>
                </ServiceImplementation>
                <ServiceImplementation
                 description=""
                 handlerName="Script"
                 name="GetStatusExpressions">
                    <ConfigurationTables>
                        <ConfigurationTable
                         dataShapeName=""
                         description=""
                         isMultiRow="false"
                         name="Script"
                         ordinal="0">
                            <DataShape>
                                <FieldDefinitions>
                                    <FieldDefinition
                                     baseType="STRING"
                                     description="code"
                                     name="code"
                                     ordinal="0"></FieldDefinition>
                                </FieldDefinitions>
                            </DataShape>
                            <Rows>
                                <Row>
                                    <code>
                                    <![CDATA[
                                    /* START  LOGIC */
                                    
                                    let defaultStatusDefinitions = me.GetStatusDefinitions();
                                    defaultStatusDefinitions.Sort({name: "id", ascending: true});
                                    
                                    let defaultStatusExpressions = {};
                                    defaultStatusDefinitions.rows.toArray().forEach(statusDefinition => {
                                        defaultStatusExpressions[statusDefinition.id] = {
                                            id: statusDefinition.id,
                                            name: statusDefinition.name,
                                            expression: '',
                                            orderOfExecution: statusDefinition.evaluationOrder
                                        };
                                    });
                                    
                                    var MAP_PROP_STATUS = {
                                        "0": me.EXP_E_NotConfigured,
                                        "1": me.EXP_E_Warning,
                                        "2": me.EXP_E_Running,
                                        "3": me.EXP_E_PlannedDowntime,
                                        "4": me.EXP_E_UnplannedDowntime,
                                        "5": me.EXP_E_Unavailable,
                                        "6": me.EXP_E_Custom1,
                                        "7": me.EXP_E_Custom2,
                                        "8": me.EXP_E_Custom3
                                    };
                                    
                                    let tableExpressions = Resources["InfoTableFunctions"].CreateInfoTableFromDataShape({
                                        infoTableName: "InfoTable",
                                        dataShapeName: "PTC.SCA.SCO.Status.ExpressionsDataShape"
                                    });
                                    
                                    if (isStatusExpressionInitialized()) {
                                        setCurrentStatusExpressions(tableExpressions);
                                    } else {
                                        setDefaultExpressions(tableExpressions);
                                    }
                                    
                                    tableExpressions.Sort({name: "orderOfExecution", ascending: true});
                                    result = tableExpressions;
                                    /* END  LOGIC */
                                    
                                    
                                    
                                    /* START HELPER FUNCTONS */
                                    function setDefaultExpressions(tableExpressions) {
                                        let customizedStatusExpressions = me.GetDefaultStatusExpressionsConfiguration();
                                    
                                        validateCustomizedStatuses(customizedStatusExpressions);
                                    
                                        for (let statusIndex in defaultStatusExpressions) {
                                            let statusObject = defaultStatusExpressions[statusIndex];
                                            let customizedStatus = customizedStatusExpressions.Find({"id":statusIndex});
                                    
                                            if (!isEmpty(statusObject)) {
                                                let expression = isEmpty(customizedStatus) ? '' : customizedStatus.expression;
                                                statusObject.expression = isEmpty(expression) ? '' : expression;
                                                tableExpressions.AddRow(statusObject);
                                            }
                                        }
                                    
                                        // if no exception was fired then set default values for each status
                                        let statusOrder = [];
                                        const tableExpressionsLength = tableExpressions.rows.length;
                                        tableExpressions.Sort({name: "orderOfExecution", ascending: true});
                                        
                                        for (let i = 0; i < tableExpressionsLength; i++) {
                                            let status = tableExpressions.rows[i];
                                            me["EXP_E_" + status.name] = status.expression;
                                            statusOrder.push(status.id);
                                            status.orderOfExecution = i;
                                        }
                                        me.statusOrder = statusOrder.join(",");
                                    }
                                    
                                    function validateCustomizedStatuses(customizedStatusExpressions){
                                        const customizedStatusExpressionsLength = customizedStatusExpressions.rows.length;
                                    
                                        if (customizedStatusExpressionsLength < 4) {
                                            throw "Please implement customization for a minimum of 4 statuses.";
                                        }
                                    
                                        if (customizedStatusExpressionsLength > 8) {
                                            throw "You can only customize 8 status expressions.";
                                        }
                                    
                                        let statusIndexList = [];
                                        for (let i = 0; i < customizedStatusExpressionsLength; i++) {
                                            let status = customizedStatusExpressions.rows[i];
                                            let statusIndex = status.id;
                                            if (statusIndexList.indexOf(statusIndex) > -1) {
                                                throw "Duplicate status id [" + statusIndex + "] detected on status name ["+ status.name + "]";
                                            }
                                            statusIndexList.push(statusIndex);
                                    
                                            if (!String(statusIndex).match(/^[0-8]$/)) {
                                                throw "Customization of status id [" + statusIndex + "] is not allowed.";
                                            }
                                        }
                                    }
                                    
                                    function isStatusExpressionInitialized() {
                                        return Boolean(me.EXP_E_NotConfigured || me.EXP_E_Warning || me.EXP_E_Running || me.EXP_E_PlannedDowntime ||
                                                 me.EXP_E_UnplannedDowntime || me.EXP_E_Unavailable || me.EXP_E_Custom1 || me.EXP_E_Custom2 ||
                                                 me.EXP_E_Custom3 || me.status !== -1 || me.isConfigured);
                                    }
                                    
                                    function setCurrentStatusExpressions(tableExpressions) {
                                        if (!me.statusOrder) {
                                            me.statusOrder = getDefaultEvaluationOrder();
                                        }
                                    
                                        let statuses = me.statusOrder.split(",");
                                        let allowedStatuses = getOrderedStatusArray();
                                        if (!haveSameStatuses(statuses, allowedStatuses)) {
                                            statuses = synchronizeStatuses(statuses, allowedStatuses);
                                        }
                                    
                                        const statusLength = statuses.length;
                                        for (let i = 0; i < statusLength; i++) {
                                           let id = statuses[i];
                                           let statusObject = defaultStatusExpressions[id];
                                           statusObject.expression = MAP_PROP_STATUS[id];
                                           statusObject.orderOfExecution = i;
                                           tableExpressions.AddRow(statusObject);
                                        }
                                    }
                                    
                                    function isEmpty(value) {
                                        return (value === null || value === undefined || value === '');
                                    }
                                    
                                    function getDefaultEvaluationOrder () {
                                        let statusOrder = getOrderedStatusArray();
                                        return statusOrder.join(",");
                                    }
                                    
                                    function synchronizeStatuses(currentStatuses, allowedStatuses) {
                                        currentStatuses = removeExtraStatuses(currentStatuses, allowedStatuses);
                                        currentStatuses = appendMissingStatuses(currentStatuses, allowedStatuses);
                                        return currentStatuses;
                                    }
                                    
                                    function haveSameStatuses(arr1 , arr2) {
                                        let arr1Length = arr1.length;
                                        if (arr1Length !== arr2.length) {
                                            return false;
                                        }
                                    
                                        for (let i = 0; i < arr1Length; i++) {
                                            if (arr2.indexOf(arr1[i]) === -1){
                                                return false;
                                            }
                                        }
                                        return true;
                                    }
                                    
                                    function getOrderedStatusArray() {
                                        defaultStatusDefinitions.Sort({name: "evaluationOrder", ascending: true});
                                        return defaultStatusDefinitions.rows.toArray().map(status => status.id);
                                    }
                                    
                                    function removeExtraStatuses(currentStatuses, allowedStatuses) {
                                        return currentStatuses.filter(status => allowedStatuses.indexOf(status) > -1);
                                    }
                                    
                                    function appendMissingStatuses(currentStatuses, allowedStatuses) {
                                        let missingStatuses = allowedStatuses.filter(status => currentStatuses.indexOf(status) === -1);
                                        return currentStatuses.concat(missingStatuses);;
                                    }
                                    /* END HELPER FUNCTONS */
                                    ]]>
                                    </code>
                                </Row>
                            </Rows>
                        </ConfigurationTable>
                    </ConfigurationTables>
                </ServiceImplementation>
                <ServiceImplementation
                 description=""
                 handlerName="Script"
                 name="GetStatusManager">
                    <ConfigurationTables>
                        <ConfigurationTable
                         dataShapeName=""
                         description=""
                         isMultiRow="false"
                         name="Script"
                         ordinal="0">
                            <DataShape>
                                <FieldDefinitions>
                                    <FieldDefinition
                                     baseType="STRING"
                                     description="code"
                                     name="code"
                                     ordinal="0"></FieldDefinition>
                                </FieldDefinitions>
                            </DataShape>
                            <Rows>
                                <Row>
                                    <code>
                                    <![CDATA[
                                    // result: THINGNAME
                                    var result = Things["PTC.Factory.LaunchPointConfigurationThing"].GetStatusManagerThingName();
                                    ]]>
                                    </code>
                                </Row>
                            </Rows>
                        </ConfigurationTable>
                    </ConfigurationTables>
                </ServiceImplementation>
                <ServiceImplementation
                 description=""
                 handlerName="Script"
                 name="IsConfigured">
                    <ConfigurationTables>
                        <ConfigurationTable
                         dataShapeName=""
                         description=""
                         isMultiRow="false"
                         name="Script"
                         ordinal="0">
                            <DataShape>
                                <FieldDefinitions>
                                    <FieldDefinition
                                     baseType="STRING"
                                     description="code"
                                     name="code"
                                     ordinal="0"></FieldDefinition>
                                </FieldDefinitions>
                            </DataShape>
                            <Rows>
                                <Row>
                                    <code>
                                    <![CDATA[
                                    result = me.isConfigured;
                                    
                                    // If marked as not configured, check if configured now
                                    if (!result) {
                                        // Since the expected OOTB expressions are not yet defined in the configuration, defining them here
                                        var EXPECTED_CONFIGURATION = getExpectedConfiguration();
                                    
                                        result = isConfigured();
                                    
                                        // If now configured, set isConfigured to true
                                        if (result) {
                                        	try {
                                        		me.isConfigured = true;
                                        	} catch (err) {
                                        		logger.error(err);
                                        	}
                                        	triggerKpiCalculations();
                                        }
                                    }
                                    
                                    /** START HELPER FUNCTIONS **/
                                    function isConfigured() {
                                        if (me.status > 0) {
                                            return true;
                                        }
                                    
                                        let tableStatus = me.GetStatusExpressions();
                                    
                                        if (tableStatus == null || tableStatus.length === 0) {
                                            return false;
                                        }
                                    
                                        const statusLength = tableStatus.length;
                                        for (let i = 0; i < statusLength; i++) {
                                            let status = tableStatus.rows[i];
                                            let id = status.id;
                                            let expression = status ? String(status.expression) : "";
                                            let orderOfExecution = String(status.orderOfExecution);
                                            let expectedExpression = new RegExp(EXPECTED_CONFIGURATION[id].expression, 'g');
                                            let expectedOrderOfExecution = new RegExp(EXPECTED_CONFIGURATION[id].evaluationOrder, 'g');
                                    
                                            if (!expression.match(expectedExpression) || !orderOfExecution.match(expectedOrderOfExecution)) {
                                                return true;
                                            }
                                        }
                                        return false;
                                    }
                                    
                                    function getExpressionForStatusRunning() {
                                        let isLine = Resources["PTC.Factory.CommonUtilities"].IsLine({"thingId": me.name});
                                        let expressionForRunning = (isLine) ? '"ARE_ALL_CHILDREN_RUNNING(:' + getEscapedThingName() + ')?"' : false;
                                        return expressionForRunning;
                                    }
                                    
                                    function getExpectedConfiguration() {
                                        let escapedName = getEscapedThingName();
                                    
                                        // Get actual status expressions and execution orders for that thing
                                        const defaultConfiguration = {
                                            "0": {expression: '^NOT "' + escapedName + ':isConfigured"$'},
                                            "3": {expression: '^NOT "IS_SCHEDULED" OR \\("IS_DATA_OK" AND \\(false\\)\\)$'},
                                            "1": {expression: '^"IS_DATA_OK" AND \\("HAS_ALERTS(:' + escapedName + ')?"\\)$'},
                                            "2": {expression: '^"IS_DATA_OK" AND \\(' + getExpressionForStatusRunning() + '\\)$'},
                                            "4": {expression: '^"IS_DATA_OK" AND \\(false\\)$'},
                                            "5": {expression: '^true$'},
                                            "6": {expression: '^$'},
                                            "7": {expression: '^$'},
                                            "8": {expression: '^$'}
                                        };
                                    
                                        // Get enabled status definitions from the configuration
                                        let defaultStatusDefinitions = Things["PTC.SCA.SCO.StatusUtils"].GetStatusDefinitions({
                                            "thingName": me.name /* THINGNAME */ ,
                                            "actualStatusOnly": false /* BOOLEAN */ ,
                                            "enabledOnly": true /* BOOLEAN */
                                        });
                                    
                                        // Sort enabled status definitions by evaluationOrder
                                        defaultStatusDefinitions.Sort({name: "evaluationOrder", ascending: true});
                                    
                                        // Compute the order of execution for these definitions
                                        const defaultStatusDefinitionsLength = defaultStatusDefinitions.rows.length;
                                        for (let i = 0; i < defaultStatusDefinitionsLength; i++) {
                                            let statusDefinition = defaultStatusDefinitions.rows[i];
                                            let statusIndex = statusDefinition.statusIndex;
                                            defaultConfiguration[statusIndex].evaluationOrder = i;
                                        }
                                    
                                        return defaultConfiguration;
                                    }
                                    
                                    //Escapes RegEx characters found in me.name
                                    function getEscapedThingName() {
                                        const thingName = me.name;
                                        return thingName.replace(/[.+?^${}()|[\]\\]/g, '\\$&'); // $& means the whole matched string
                                    }
                                    
                                    function triggerKpiCalculations() {
                                        // Calculate KPIs and KPI element values
                                        let isKpiShapeImplemented = me.ImplementsShape({
                                            thingShapeName: "PTC.SCA.SCO.KPIElementThingShape" /* THINGSHAPENAME */
                                        });
                                        if (isKpiShapeImplemented) {
                                            const kpiManagerThingName = Things["PTC.Factory.LaunchPointConfigurationThing"].GetKPIManagerThingName();
                                            me.CalculateKPIs({
                                                kpiManager: kpiManagerThingName
                                            });
                                            me.CalculateKPIElementValues({
                                                kpiManager: kpiManagerThingName
                                            });
                                        }
                                    }
                                    /** END HELPER FUNCTIONS **/
                                    ]]>
                                    </code>
                                </Row>
                            </Rows>
                        </ConfigurationTable>
                    </ConfigurationTables>
                </ServiceImplementation>
                <ServiceImplementation
                 description=""
                 handlerName="Script"
                 name="TriggerExpEval">
                    <ConfigurationTables>
                        <ConfigurationTable
                         dataShapeName=""
                         description=""
                         isMultiRow="false"
                         name="Script"
                         ordinal="0">
                            <DataShape>
                                <FieldDefinitions>
                                    <FieldDefinition
                                     baseType="STRING"
                                     description="code"
                                     name="code"
                                     ordinal="0"></FieldDefinition>
                                </FieldDefinitions>
                            </DataShape>
                            <Rows>
                                <Row>
                                    <code>
                                    <![CDATA[
                                    let expPropNames = me.statusExpDependency[elementName];
                                    
                                    if (expPropNames) { 
                                        let length = expPropNames.length;
                                        for(let x = 0; x < length; x++) {
                                            me.EvaluateExpression({expPropName: expPropNames[x]});
                                        }
                                    }
                                    ]]>
                                    </code>
                                </Row>
                            </Rows>
                        </ConfigurationTable>
                    </ConfigurationTables>
                </ServiceImplementation>
                <ServiceImplementation
                 description=""
                 handlerName="Script"
                 name="UpdateStatus">
                    <ConfigurationTables>
                        <ConfigurationTable
                         dataShapeName=""
                         description=""
                         isMultiRow="false"
                         name="Script"
                         ordinal="0">
                            <DataShape>
                                <FieldDefinitions>
                                    <FieldDefinition
                                     baseType="STRING"
                                     description="code"
                                     name="code"
                                     ordinal="0"></FieldDefinition>
                                </FieldDefinitions>
                            </DataShape>
                            <Rows>
                                <Row>
                                    <code>
                                    <![CDATA[
                                    let statusEntry = calculateStatus();
                                    
                                    if (me.status !== statusEntry.index) {
                                        me.actualStatusDisplayName = statusEntry.englishDisplayName;
                                        me.status = statusEntry.index;
                                        me.statusCriticality = statusEntry.criticality;
                                        me.statusTimestamp = new Date();
                                    }
                                    
                                    function calculateStatus() {
                                        let statusArray = getEnabledAndSortedStatusArray();
                                        const fallbackStatus = statusArray[statusArray.length-1];
                                        return statusArray.find(status => status.eval) || fallbackStatus;
                                    }
                                    
                                    function getEnabledAndSortedStatusArray() {
                                        let arr = [];
                                        for (let key in me.statusExpEvalValues) {
                                            let value = me.statusExpEvalValues[key];
                                            if (value.enabled) {
                                            	arr.push(value);
                                            }
                                        }
                                        
                                        arr.sort((a, b) => a.order - b.order);
                                        
                                        return arr;
                                    }
                                    ]]>
                                    </code>
                                </Row>
                            </Rows>
                        </ConfigurationTable>
                    </ConfigurationTables>
                </ServiceImplementation>
                <ServiceImplementation
                 description=""
                 handlerName="Script"
                 name="UpdateStatusDefinitions">
                    <ConfigurationTables>
                        <ConfigurationTable
                         dataShapeName=""
                         description=""
                         isMultiRow="false"
                         name="Script"
                         ordinal="0">
                            <DataShape>
                                <FieldDefinitions>
                                    <FieldDefinition
                                     baseType="STRING"
                                     description="code"
                                     name="code"
                                     ordinal="0"></FieldDefinition>
                                </FieldDefinitions>
                            </DataShape>
                            <Rows>
                                <Row>
                                    <code>
                                    <![CDATA[
                                    let localization = Resources["RuntimeLocalizationFunctions"];
                                    let valuesJson = JSON.parse(me.statusExpEvalValues);
                                    
                                    if (isEmtpy(valuesJson)) {
                                        me.BuildStatusExpProperties();
                                    } else {
                                        updateStatusEntries(valuesJson);
                                        me.statusExpEvalValues = JSON.stringify(valuesJson);
                                        me.UpdateStatus();
                                    }
                                    
                                    function updateStatusEntries(valuesJson) {
                                        let definitions = Things["PTC.SCA.SCO.StatusUtils"].GetStatusDefinitions({
                                            enabledOnly: false /* BOOLEAN */,
                                            thingName: me.name /* STRING */,
                                            actualStatusOnly: false /* BOOLEAN */
                                        });
                                    
                                        definitions.rows.toArray().forEach(definition => {
                                            let currentStatusDefinition = valuesJson['EXP_E_' + definition.internalName];
                                    
                                            currentStatusDefinition.enabled = definition.enabled;
                                            currentStatusDefinition.criticality = definition.criticalityOrder;
                                            currentStatusDefinition.englishDisplayName = getEnglishDisplayName(definition);
                                        });    
                                    }
                                    
                                    function isEmtpy(valuesJson) {
                                        return Object.keys(valuesJson).length == 0;
                                    }
                                    
                                    function getStatusExpEvalValuesJSON() {
                                        let valuesJson = JSON.parse(me.statusExpEvalValues);
                                        if (Object.keys(valuesJson).length == 0) {
                                            me.BuildStatusExpProperties();
                                            valuesJson = JSON.parse(me.statusExpEvalValues);
                                        }
                                        
                                        return valuesJson;
                                    }
                                    
                                    function getEnglishDisplayName(definition) {
                                        let displayName = localization.GetEffectiveTokenForLanguage({token: definition.localizationToken, language: "en"});
                                        return displayName === '???' ? definition.internalName : displayName;
                                    }
                                    ]]>
                                    </code>
                                </Row>
                            </Rows>
                        </ConfigurationTable>
                    </ConfigurationTables>
                </ServiceImplementation>
            </ServiceImplementations>
            <Subscriptions>
                <Subscription
                 description=""
                 enabled="false"
                 eventName="AnyAlert"
                 name="PTC_SCA_SCO_StatusOnAlert"
                 source=""
                 sourceProperty=""
                 sourceType="Thing">
                    <ServiceImplementation
                     description=""
                     handlerName="Script"
                     name="PTC_SCA_SCO_StatusOnAlert">
                        <ConfigurationTables>
                            <ConfigurationTable
                             dataShapeName=""
                             description=""
                             isMultiRow="false"
                             name="Script"
                             ordinal="0">
                                <DataShape>
                                    <FieldDefinitions>
                                        <FieldDefinition
                                         baseType="STRING"
                                         description="code"
                                         name="code"
                                         ordinal="0"></FieldDefinition>
                                    </FieldDefinitions>
                                </DataShape>
                                <Rows>
                                    <Row>
                                        <code>
                                        <![CDATA[
                                        me.TriggerExpEval({elementName: 'HAS_ALERTS'});
                                        ]]>
                                        </code>
                                    </Row>
                                </Rows>
                            </ConfigurationTable>
                        </ConfigurationTables>
                    </ServiceImplementation>
                </Subscription>
                <Subscription
                 description=""
                 enabled="false"
                 eventName="AnyAlertReset"
                 name="PTC_SCA_SCO_StatusOnAlertReset"
                 source=""
                 sourceProperty=""
                 sourceType="Thing">
                    <ServiceImplementation
                     description=""
                     handlerName="Script"
                     name="PTC_SCA_SCO_StatusOnAlertReset">
                        <ConfigurationTables>
                            <ConfigurationTable
                             dataShapeName=""
                             description=""
                             isMultiRow="false"
                             name="Script"
                             ordinal="0">
                                <DataShape>
                                    <FieldDefinitions>
                                        <FieldDefinition
                                         baseType="STRING"
                                         description="code"
                                         name="code"
                                         ordinal="0"></FieldDefinition>
                                    </FieldDefinitions>
                                </DataShape>
                                <Rows>
                                    <Row>
                                        <code>
                                        <![CDATA[
                                        me.TriggerExpEval({elementName: 'HAS_ALERTS'});
                                        ]]>
                                        </code>
                                    </Row>
                                </Rows>
                            </ConfigurationTable>
                        </ConfigurationTables>
                    </ServiceImplementation>
                </Subscription>
                <Subscription
                 description=""
                 enabled="false"
                 eventName="AnyDataChange"
                 name="PTC_SCA_SCO_StatusOnPropertyChange"
                 source=""
                 sourceProperty=""
                 sourceType="Thing">
                    <ServiceImplementation
                     description=""
                     handlerName="Script"
                     name="PTC_SCA_SCO_StatusOnPropertyChange">
                        <ConfigurationTables>
                            <ConfigurationTable
                             dataShapeName=""
                             description=""
                             isMultiRow="false"
                             name="Script"
                             ordinal="0">
                                <DataShape>
                                    <FieldDefinitions>
                                        <FieldDefinition
                                         baseType="STRING"
                                         description="code"
                                         name="code"
                                         ordinal="0"></FieldDefinition>
                                    </FieldDefinitions>
                                </DataShape>
                                <Rows>
                                    <Row>
                                        <code>
                                        <![CDATA[
                                        me.TriggerExpEval({elementName: sourceProperty});
                                        ]]>
                                        </code>
                                    </Row>
                                </Rows>
                            </ConfigurationTable>
                        </ConfigurationTables>
                    </ServiceImplementation>
                </Subscription>
            </Subscriptions>
            <avatar></avatar>
            <DesignTimePermissions>
                <Create></Create>
                <Read></Read>
                <Update></Update>
                <Delete></Delete>
                <Metadata></Metadata>
            </DesignTimePermissions>
            <RunTimePermissions>
                <Permissions
                 resourceName="*">
                    <PropertyRead>
                        <Principal
                         isPermitted="true"
                         name="FactoryUsers"
                         type="Group"></Principal>
                    </PropertyRead>
                    <PropertyWrite>
                        <Principal
                         isPermitted="true"
                         name="FactoryUsers"
                         type="Group"></Principal>
                    </PropertyWrite>
                    <ServiceInvoke>
                        <Principal
                         isPermitted="true"
                         name="FactoryUsers"
                         type="Group"></Principal>
                    </ServiceInvoke>
                    <EventInvoke>
                        <Principal
                         isPermitted="true"
                         name="FactoryUsers"
                         type="Group"></Principal>
                    </EventInvoke>
                    <EventSubscribe>
                        <Principal
                         isPermitted="true"
                         name="FactoryUsers"
                         type="Group"></Principal>
                    </EventSubscribe>
                </Permissions>
            </RunTimePermissions>
            <VisibilityPermissions>
                <Visibility>
                    <Principal
                     isPermitted="true"
                     name="PTC.Factory.MachineVisibility"
                     type="Organization"></Principal>
                </Visibility>
            </VisibilityPermissions>
            <ConfigurationTableDefinitions></ConfigurationTableDefinitions>
            <ConfigurationTables></ConfigurationTables>
            <PropertyBindings></PropertyBindings>
            <RemotePropertyBindings></RemotePropertyBindings>
            <RemoteServiceBindings></RemoteServiceBindings>
            <RemoteEventBindings></RemoteEventBindings>
            <AlertConfigurations></AlertConfigurations>
            <InstanceRunTimePermissions>
                <Permissions
                 resourceName="*">
                    <PropertyRead>
                        <Principal
                         isPermitted="true"
                         name="FactoryUsers"
                         type="Group"></Principal>
                    </PropertyRead>
                    <PropertyWrite>
                        <Principal
                         isPermitted="true"
                         name="FactoryUsers"
                         type="Group"></Principal>
                    </PropertyWrite>
                    <ServiceInvoke>
                        <Principal
                         isPermitted="true"
                         name="FactoryUsers"
                         type="Group"></Principal>
                    </ServiceInvoke>
                    <EventInvoke>
                        <Principal
                         isPermitted="true"
                         name="FactoryUsers"
                         type="Group"></Principal>
                    </EventInvoke>
                    <EventSubscribe>
                        <Principal
                         isPermitted="true"
                         name="FactoryUsers"
                         type="Group"></Principal>
                    </EventSubscribe>
                </Permissions>
            </InstanceRunTimePermissions>
        </ThingShape>
    </ThingShapes>
</Entities>
