<?xml version="1.0" encoding="UTF-8"?>
<Entities
 build="b18"
 majorVersion="7"
 minorVersion="1"
 modelPersistenceProviderPackage="NeoPersistenceProviderPackage"
 revision="0"
 schemaVersion="910">
    <ThingShapes>
        <ThingShape
         aspect.isEditableExtensionObject="false"
         aspect.isExtension="true"
         className=""
         description="ThingShape that represents the properties for Thrends {PTC.Factory.TrendThingShape}"
         documentationContent="&lt;p&gt;&lt;br&gt;&lt;/p&gt;&#xA;"
         homeMashup=""
         lastModifiedDate="2016-06-13T15:08:17.330Z"
         name="PTC.Factory.TrendThingShape"
         projectName="PTC.SCA.SCO.Troubleshooting Tool"
         tags="PTC:sca-sco;PTC:ThingShape;PTC:sca-sco-troubleshootingtool">
            <PropertyDefinitions>
                <PropertyDefinition
                 aspect.cacheTime="0.0"
                 aspect.dataChangeType="VALUE"
                 aspect.isLogged="true"
                 aspect.isPersistent="true"
                 aspect.isReadOnly="false"
                 baseType="USERNAME"
                 category=""
                 description=""
                 isLocalOnly="false"
                 name="CreatedBy"
                 ordinal="2"></PropertyDefinition>
                <PropertyDefinition
                 aspect.cacheTime="0.0"
                 aspect.dataChangeType="VALUE"
                 aspect.isLogged="true"
                 aspect.isPersistent="true"
                 aspect.isReadOnly="false"
                 baseType="STRING"
                 category=""
                 description=""
                 isLocalOnly="false"
                 name="Name"
                 ordinal="6"></PropertyDefinition>
                <PropertyDefinition
                 aspect.cacheTime="0.0"
                 aspect.dataChangeType="VALUE"
                 aspect.isLogged="true"
                 aspect.isPersistent="true"
                 aspect.isReadOnly="false"
                 baseType="STRING"
                 category=""
                 description=""
                 isLocalOnly="false"
                 name="Range"
                 ordinal="3"></PropertyDefinition>
                <PropertyDefinition
                 aspect.cacheTime="0.0"
                 aspect.dataChangeType="VALUE"
                 aspect.isLogged="true"
                 aspect.isPersistent="true"
                 aspect.isReadOnly="false"
                 baseType="STRING"
                 category=""
                 description=""
                 isLocalOnly="false"
                 name="TrendFullName1"
                 ordinal="111"></PropertyDefinition>
                <PropertyDefinition
                 aspect.cacheTime="0.0"
                 aspect.dataChangeType="VALUE"
                 aspect.isLogged="true"
                 aspect.isPersistent="true"
                 aspect.isReadOnly="false"
                 baseType="STRING"
                 category=""
                 description=""
                 isLocalOnly="false"
                 name="TrendFullName2"
                 ordinal="112"></PropertyDefinition>
                <PropertyDefinition
                 aspect.cacheTime="0.0"
                 aspect.dataChangeType="VALUE"
                 aspect.isLogged="true"
                 aspect.isPersistent="true"
                 aspect.isReadOnly="false"
                 baseType="STRING"
                 category=""
                 description=""
                 isLocalOnly="false"
                 name="TrendFullName3"
                 ordinal="113"></PropertyDefinition>
                <PropertyDefinition
                 aspect.cacheTime="0.0"
                 aspect.dataChangeType="VALUE"
                 aspect.isLogged="true"
                 aspect.isPersistent="true"
                 aspect.isReadOnly="false"
                 baseType="STRING"
                 category=""
                 description=""
                 isLocalOnly="false"
                 name="TrendFullName4"
                 ordinal="114"></PropertyDefinition>
                <PropertyDefinition
                 aspect.cacheTime="0.0"
                 aspect.dataChangeType="VALUE"
                 aspect.isLogged="true"
                 aspect.isPersistent="true"
                 aspect.isReadOnly="false"
                 baseType="STRING"
                 category=""
                 description=""
                 isLocalOnly="false"
                 name="TrendFullName5"
                 ordinal="115"></PropertyDefinition>
                <PropertyDefinition
                 aspect.cacheTime="0.0"
                 aspect.dataChangeType="VALUE"
                 aspect.isLogged="true"
                 aspect.isPersistent="true"
                 aspect.isReadOnly="false"
                 baseType="STRING"
                 category=""
                 description=""
                 isLocalOnly="false"
                 name="TrendName"
                 ordinal="1"></PropertyDefinition>
                <PropertyDefinition
                 aspect.cacheTime="0.0"
                 aspect.dataChangeType="VALUE"
                 aspect.isLogged="true"
                 aspect.isPersistent="true"
                 aspect.isReadOnly="false"
                 baseType="STRING"
                 category=""
                 description=""
                 isLocalOnly="false"
                 name="TrendName1"
                 ordinal="8"></PropertyDefinition>
                <PropertyDefinition
                 aspect.cacheTime="0.0"
                 aspect.dataChangeType="VALUE"
                 aspect.isLogged="true"
                 aspect.isPersistent="true"
                 aspect.isReadOnly="false"
                 baseType="STRING"
                 category=""
                 description=""
                 isLocalOnly="false"
                 name="TrendName10"
                 ordinal="36"></PropertyDefinition>
                <PropertyDefinition
                 aspect.cacheTime="0.0"
                 aspect.dataChangeType="VALUE"
                 aspect.isLogged="true"
                 aspect.isPersistent="true"
                 aspect.isReadOnly="false"
                 baseType="STRING"
                 category=""
                 description=""
                 isLocalOnly="false"
                 name="TrendName2"
                 ordinal="11"></PropertyDefinition>
                <PropertyDefinition
                 aspect.cacheTime="0.0"
                 aspect.dataChangeType="VALUE"
                 aspect.isLogged="true"
                 aspect.isPersistent="true"
                 aspect.isReadOnly="false"
                 baseType="STRING"
                 category=""
                 description=""
                 isLocalOnly="false"
                 name="TrendName3"
                 ordinal="14"></PropertyDefinition>
                <PropertyDefinition
                 aspect.cacheTime="0.0"
                 aspect.dataChangeType="VALUE"
                 aspect.isLogged="true"
                 aspect.isPersistent="true"
                 aspect.isReadOnly="false"
                 baseType="STRING"
                 category=""
                 description=""
                 isLocalOnly="false"
                 name="TrendName4"
                 ordinal="17"></PropertyDefinition>
                <PropertyDefinition
                 aspect.cacheTime="0.0"
                 aspect.dataChangeType="VALUE"
                 aspect.isLogged="true"
                 aspect.isPersistent="true"
                 aspect.isReadOnly="false"
                 baseType="STRING"
                 category=""
                 description=""
                 isLocalOnly="false"
                 name="TrendName5"
                 ordinal="20"></PropertyDefinition>
                <PropertyDefinition
                 aspect.cacheTime="0.0"
                 aspect.dataChangeType="VALUE"
                 aspect.isLogged="true"
                 aspect.isPersistent="true"
                 aspect.isReadOnly="false"
                 baseType="STRING"
                 category=""
                 description=""
                 isLocalOnly="false"
                 name="TrendName6"
                 ordinal="23"></PropertyDefinition>
                <PropertyDefinition
                 aspect.cacheTime="0.0"
                 aspect.dataChangeType="VALUE"
                 aspect.isLogged="true"
                 aspect.isPersistent="true"
                 aspect.isReadOnly="false"
                 baseType="STRING"
                 category=""
                 description=""
                 isLocalOnly="false"
                 name="TrendName7"
                 ordinal="26"></PropertyDefinition>
                <PropertyDefinition
                 aspect.cacheTime="0.0"
                 aspect.dataChangeType="VALUE"
                 aspect.isLogged="true"
                 aspect.isPersistent="true"
                 aspect.isReadOnly="false"
                 baseType="STRING"
                 category=""
                 description=""
                 isLocalOnly="false"
                 name="TrendName8"
                 ordinal="29"></PropertyDefinition>
                <PropertyDefinition
                 aspect.cacheTime="0.0"
                 aspect.dataChangeType="VALUE"
                 aspect.isLogged="true"
                 aspect.isPersistent="true"
                 aspect.isReadOnly="false"
                 baseType="STRING"
                 category=""
                 description=""
                 isLocalOnly="false"
                 name="TrendName9"
                 ordinal="32"></PropertyDefinition>
                <PropertyDefinition
                 aspect.cacheTime="0.0"
                 aspect.dataChangeType="VALUE"
                 aspect.isLogged="false"
                 aspect.isPersistent="true"
                 aspect.isReadOnly="false"
                 baseType="BOOLEAN"
                 category=""
                 description=""
                 isLocalOnly="false"
                 name="TrendStatus1"
                 ordinal="9"></PropertyDefinition>
                <PropertyDefinition
                 aspect.cacheTime="0.0"
                 aspect.dataChangeType="VALUE"
                 aspect.isLogged="false"
                 aspect.isPersistent="true"
                 aspect.isReadOnly="false"
                 baseType="BOOLEAN"
                 category=""
                 description=""
                 isLocalOnly="false"
                 name="TrendStatus10"
                 ordinal="35"></PropertyDefinition>
                <PropertyDefinition
                 aspect.cacheTime="0.0"
                 aspect.dataChangeType="VALUE"
                 aspect.isLogged="false"
                 aspect.isPersistent="true"
                 aspect.isReadOnly="false"
                 baseType="BOOLEAN"
                 category=""
                 description=""
                 isLocalOnly="false"
                 name="TrendStatus2"
                 ordinal="12"></PropertyDefinition>
                <PropertyDefinition
                 aspect.cacheTime="0.0"
                 aspect.dataChangeType="VALUE"
                 aspect.isLogged="false"
                 aspect.isPersistent="true"
                 aspect.isReadOnly="false"
                 baseType="BOOLEAN"
                 category=""
                 description=""
                 isLocalOnly="false"
                 name="TrendStatus3"
                 ordinal="15"></PropertyDefinition>
                <PropertyDefinition
                 aspect.cacheTime="0.0"
                 aspect.dataChangeType="VALUE"
                 aspect.isLogged="false"
                 aspect.isPersistent="true"
                 aspect.isReadOnly="false"
                 baseType="BOOLEAN"
                 category=""
                 description=""
                 isLocalOnly="false"
                 name="TrendStatus4"
                 ordinal="18"></PropertyDefinition>
                <PropertyDefinition
                 aspect.cacheTime="0.0"
                 aspect.dataChangeType="VALUE"
                 aspect.isLogged="false"
                 aspect.isPersistent="true"
                 aspect.isReadOnly="false"
                 baseType="BOOLEAN"
                 category=""
                 description=""
                 isLocalOnly="false"
                 name="TrendStatus5"
                 ordinal="21"></PropertyDefinition>
                <PropertyDefinition
                 aspect.cacheTime="0.0"
                 aspect.dataChangeType="VALUE"
                 aspect.isLogged="false"
                 aspect.isPersistent="true"
                 aspect.isReadOnly="false"
                 baseType="BOOLEAN"
                 category=""
                 description=""
                 isLocalOnly="false"
                 name="TrendStatus6"
                 ordinal="24"></PropertyDefinition>
                <PropertyDefinition
                 aspect.cacheTime="0.0"
                 aspect.dataChangeType="VALUE"
                 aspect.isLogged="false"
                 aspect.isPersistent="true"
                 aspect.isReadOnly="false"
                 baseType="BOOLEAN"
                 category=""
                 description=""
                 isLocalOnly="false"
                 name="TrendStatus7"
                 ordinal="27"></PropertyDefinition>
                <PropertyDefinition
                 aspect.cacheTime="0.0"
                 aspect.dataChangeType="VALUE"
                 aspect.isLogged="false"
                 aspect.isPersistent="true"
                 aspect.isReadOnly="false"
                 baseType="BOOLEAN"
                 category=""
                 description=""
                 isLocalOnly="false"
                 name="TrendStatus8"
                 ordinal="30"></PropertyDefinition>
                <PropertyDefinition
                 aspect.cacheTime="0.0"
                 aspect.dataChangeType="VALUE"
                 aspect.isLogged="false"
                 aspect.isPersistent="true"
                 aspect.isReadOnly="false"
                 baseType="BOOLEAN"
                 category=""
                 description=""
                 isLocalOnly="false"
                 name="TrendStatus9"
                 ordinal="34"></PropertyDefinition>
                <PropertyDefinition
                 aspect.cacheTime="0.0"
                 aspect.dataChangeThreshold="0.0"
                 aspect.dataChangeType="VALUE"
                 aspect.isLogged="true"
                 aspect.isPersistent="true"
                 aspect.isReadOnly="false"
                 baseType="NUMBER"
                 category=""
                 description=""
                 isLocalOnly="false"
                 name="TrendValue1"
                 ordinal="7"></PropertyDefinition>
                <PropertyDefinition
                 aspect.cacheTime="0.0"
                 aspect.dataChangeThreshold="0.0"
                 aspect.dataChangeType="VALUE"
                 aspect.isLogged="true"
                 aspect.isPersistent="true"
                 aspect.isReadOnly="false"
                 baseType="NUMBER"
                 category=""
                 description=""
                 isLocalOnly="false"
                 name="TrendValue10"
                 ordinal="33"></PropertyDefinition>
                <PropertyDefinition
                 aspect.cacheTime="0.0"
                 aspect.dataChangeThreshold="0.0"
                 aspect.dataChangeType="VALUE"
                 aspect.isLogged="true"
                 aspect.isPersistent="true"
                 aspect.isReadOnly="false"
                 baseType="NUMBER"
                 category=""
                 description=""
                 isLocalOnly="false"
                 name="TrendValue2"
                 ordinal="10"></PropertyDefinition>
                <PropertyDefinition
                 aspect.cacheTime="0.0"
                 aspect.dataChangeThreshold="0.0"
                 aspect.dataChangeType="VALUE"
                 aspect.isLogged="true"
                 aspect.isPersistent="true"
                 aspect.isReadOnly="false"
                 baseType="NUMBER"
                 category=""
                 description=""
                 isLocalOnly="false"
                 name="TrendValue3"
                 ordinal="13"></PropertyDefinition>
                <PropertyDefinition
                 aspect.cacheTime="0.0"
                 aspect.dataChangeThreshold="0.0"
                 aspect.dataChangeType="VALUE"
                 aspect.isLogged="true"
                 aspect.isPersistent="true"
                 aspect.isReadOnly="false"
                 baseType="NUMBER"
                 category=""
                 description=""
                 isLocalOnly="false"
                 name="TrendValue4"
                 ordinal="16"></PropertyDefinition>
                <PropertyDefinition
                 aspect.cacheTime="0.0"
                 aspect.dataChangeThreshold="0.0"
                 aspect.dataChangeType="VALUE"
                 aspect.isLogged="true"
                 aspect.isPersistent="true"
                 aspect.isReadOnly="false"
                 baseType="NUMBER"
                 category=""
                 description=""
                 isLocalOnly="false"
                 name="TrendValue5"
                 ordinal="19"></PropertyDefinition>
                <PropertyDefinition
                 aspect.cacheTime="0.0"
                 aspect.dataChangeThreshold="0.0"
                 aspect.dataChangeType="VALUE"
                 aspect.isLogged="true"
                 aspect.isPersistent="true"
                 aspect.isReadOnly="false"
                 baseType="NUMBER"
                 category=""
                 description=""
                 isLocalOnly="false"
                 name="TrendValue6"
                 ordinal="22"></PropertyDefinition>
                <PropertyDefinition
                 aspect.cacheTime="0.0"
                 aspect.dataChangeThreshold="0.0"
                 aspect.dataChangeType="VALUE"
                 aspect.isLogged="true"
                 aspect.isPersistent="true"
                 aspect.isReadOnly="false"
                 baseType="NUMBER"
                 category=""
                 description=""
                 isLocalOnly="false"
                 name="TrendValue7"
                 ordinal="25"></PropertyDefinition>
                <PropertyDefinition
                 aspect.cacheTime="0.0"
                 aspect.dataChangeThreshold="0.0"
                 aspect.dataChangeType="VALUE"
                 aspect.isLogged="true"
                 aspect.isPersistent="true"
                 aspect.isReadOnly="false"
                 baseType="NUMBER"
                 category=""
                 description=""
                 isLocalOnly="false"
                 name="TrendValue8"
                 ordinal="28"></PropertyDefinition>
                <PropertyDefinition
                 aspect.cacheTime="0.0"
                 aspect.dataChangeThreshold="0.0"
                 aspect.dataChangeType="VALUE"
                 aspect.isLogged="true"
                 aspect.isPersistent="true"
                 aspect.isReadOnly="false"
                 baseType="NUMBER"
                 category=""
                 description=""
                 isLocalOnly="false"
                 name="TrendValue9"
                 ordinal="31"></PropertyDefinition>
                <PropertyDefinition
                 aspect.cacheTime="0.0"
                 aspect.dataChangeType="VALUE"
                 aspect.isLogged="true"
                 aspect.isPersistent="true"
                 aspect.isReadOnly="false"
                 baseType="STRING"
                 category=""
                 description=""
                 isLocalOnly="false"
                 name="Type"
                 ordinal="4"></PropertyDefinition>
                <PropertyDefinition
                 aspect.cacheTime="0.0"
                 aspect.dataChangeType="VALUE"
                 aspect.isLogged="true"
                 aspect.isPersistent="true"
                 aspect.isReadOnly="false"
                 baseType="STRING"
                 category=""
                 description=""
                 isLocalOnly="false"
                 name="DetailsPageLink"
                 ordinal="4"></PropertyDefinition>
            </PropertyDefinitions>
            <ServiceDefinitions></ServiceDefinitions>
            <EventDefinitions></EventDefinitions>
            <ServiceMappings></ServiceMappings>
            <ServiceImplementations></ServiceImplementations>
            <Subscriptions></Subscriptions>
            <avatar></avatar>
            <DesignTimePermissions>
                <Create></Create>
                <Read></Read>
                <Update></Update>
                <Delete></Delete>
                <Metadata></Metadata>
            </DesignTimePermissions>
            <RunTimePermissions></RunTimePermissions>
            <VisibilityPermissions>
                <Visibility>
                    <Principal
                     isPermitted="true"
                     name="PTC.Factory.MachineVisibility:Trend&amp;Troubleshooting"
                     type="OrganizationalUnit"></Principal>
                </Visibility>
            </VisibilityPermissions>
            <ConfigurationTables></ConfigurationTables>
            <PropertyBindings></PropertyBindings>
            <RemotePropertyBindings></RemotePropertyBindings>
            <RemoteServiceBindings></RemoteServiceBindings>
            <RemoteEventBindings></RemoteEventBindings>
            <AlertConfigurations>
                <AlertDefinitions
                 name="CreatedBy"></AlertDefinitions>
                <AlertDefinitions
                 name="Name"></AlertDefinitions>
                <AlertDefinitions
                 name="Range"></AlertDefinitions>
                <AlertDefinitions
                 name="TrendName"></AlertDefinitions>
                <AlertDefinitions
                 name="TrendName1"></AlertDefinitions>
                <AlertDefinitions
                 name="TrendName10"></AlertDefinitions>
                <AlertDefinitions
                 name="TrendName2"></AlertDefinitions>
                <AlertDefinitions
                 name="TrendName3"></AlertDefinitions>
                <AlertDefinitions
                 name="TrendName4"></AlertDefinitions>
                <AlertDefinitions
                 name="TrendName5"></AlertDefinitions>
                <AlertDefinitions
                 name="TrendName6"></AlertDefinitions>
                <AlertDefinitions
                 name="TrendName7"></AlertDefinitions>
                <AlertDefinitions
                 name="TrendName8"></AlertDefinitions>
                <AlertDefinitions
                 name="TrendName9"></AlertDefinitions>
                <AlertDefinitions
                 name="TrendStatus1"></AlertDefinitions>
                <AlertDefinitions
                 name="TrendStatus10"></AlertDefinitions>
                <AlertDefinitions
                 name="TrendStatus2"></AlertDefinitions>
                <AlertDefinitions
                 name="TrendStatus3"></AlertDefinitions>
                <AlertDefinitions
                 name="TrendStatus4"></AlertDefinitions>
                <AlertDefinitions
                 name="TrendStatus5"></AlertDefinitions>
                <AlertDefinitions
                 name="TrendStatus6"></AlertDefinitions>
                <AlertDefinitions
                 name="TrendStatus7"></AlertDefinitions>
                <AlertDefinitions
                 name="TrendStatus8"></AlertDefinitions>
                <AlertDefinitions
                 name="TrendStatus9"></AlertDefinitions>
                <AlertDefinitions
                 name="TrendValue1"></AlertDefinitions>
                <AlertDefinitions
                 name="TrendValue10"></AlertDefinitions>
                <AlertDefinitions
                 name="TrendValue2"></AlertDefinitions>
                <AlertDefinitions
                 name="TrendValue3"></AlertDefinitions>
                <AlertDefinitions
                 name="TrendValue4"></AlertDefinitions>
                <AlertDefinitions
                 name="TrendValue5"></AlertDefinitions>
                <AlertDefinitions
                 name="TrendValue6"></AlertDefinitions>
                <AlertDefinitions
                 name="TrendValue7"></AlertDefinitions>
                <AlertDefinitions
                 name="TrendValue8"></AlertDefinitions>
                <AlertDefinitions
                 name="TrendValue9"></AlertDefinitions>
                <AlertDefinitions
                 name="Type"></AlertDefinitions>
                <AlertDefinitions
                 name="DetailsPageLink"></AlertDefinitions>
            </AlertConfigurations>
            <InstanceRunTimePermissions></InstanceRunTimePermissions>
        </ThingShape>
    </ThingShapes>
</Entities>
