<?xml version="1.0" encoding="UTF-8"?>
<Entities
 build="b52"
 majorVersion="8"
 minorVersion="1"
 modelPersistenceProviderPackage="PostgresPersistenceProviderPackage"
 revision="0"
 schemaVersion="1010">
    <ThingShapes>
        <ThingShape
         aspect.isEditableExtensionObject="false"
         aspect.isExtension="true"
         className="com.ptc.sca.sco.common.KepServerThingShape"
         description=" ThingShape that represents the properties for Kepware server {PTC.Factory.KepServerThingShape}"
         documentationContent=""
         homeMashup=""
         lastModifiedDate="2017-11-14T09:47:23.608-05:00"
         name="PTC.Factory.KepServerThingShape"
         projectName="PTC.SCA.SCO.KEPServerEX Monitor"
         tags="PTC:sca-sco;PTC:ThingShape;PTC:sca-sco-kepserverexmonitor">
            <PropertyDefinitions>
                <PropertyDefinition
                 aspect.isPersistent="true"
                 aspect.isReadOnly="false"
                 baseType="THINGNAME"
                 category="System"
                 description=""
                 isLocalOnly="false"
                 name="aggregateThing"
                 ordinal="54"></PropertyDefinition>
                <PropertyDefinition
                 aspect.cacheTime="0.0"
                 aspect.dataChangeType="VALUE"
                 aspect.isLogged="true"
                 aspect.isPersistent="true"
                 aspect.isReadOnly="true"
                 baseType="INTEGER"
                 category=""
                 description=""
                 isLocalOnly="false"
                 name="ClientCount"
                 ordinal="5"></PropertyDefinition>
                <PropertyDefinition
                 aspect.cacheTime="0.0"
                 aspect.dataChangeType="VALUE"
                 aspect.defaultValue="1970-01-01T06:00:00.000-05:00"
                 aspect.isLogged="false"
                 aspect.isPersistent="true"
                 aspect.isReadOnly="true"
                 baseType="DATETIME"
                 category=""
                 description=""
                 isLocalOnly="false"
                 name="CurrentServerTime"
                 ordinal="7"></PropertyDefinition>
                <PropertyDefinition
                 aspect.cacheTime="0.0"
                 aspect.dataChangeType="VALUE"
                 aspect.isLogged="false"
                 aspect.isPersistent="true"
                 aspect.isReadOnly="false"
                 baseType="STRING"
                 category=""
                 description=""
                 isLocalOnly="false"
                 name="Description"
                 ordinal="2"></PropertyDefinition>
                <PropertyDefinition
                 aspect.cacheTime="0.0"
                 aspect.dataChangeType="VALUE"
                 aspect.isLogged="false"
                 aspect.isPersistent="true"
                 aspect.isReadOnly="false"
                 baseType="STRING"
                 category=""
                 description=""
                 isLocalOnly="false"
                 name="DetailsPageLink"
                 ordinal="8"></PropertyDefinition>
                <PropertyDefinition
                 aspect.cacheTime="0.0"
                 aspect.dataChangeType="VALUE"
                 aspect.isLogged="false"
                 aspect.isPersistent="true"
                 aspect.isReadOnly="false"
                 baseType="STRING"
                 category=""
                 description=""
                 isLocalOnly="false"
                 name="Host"
                 ordinal="10"></PropertyDefinition>
                <PropertyDefinition
                 aspect.defaultValue="false"
                 aspect.isPersistent="true"
                 aspect.isReadOnly="false"
                 baseType="BOOLEAN"
                 category="System"
                 description=""
                 isLocalOnly="false"
                 name="isAggregate"
                 ordinal="51"></PropertyDefinition>
                <PropertyDefinition
                 aspect.defaultValue="false"
                 aspect.isPersistent="true"
                 aspect.isReadOnly="false"
                 baseType="BOOLEAN"
                 category="System"
                 description=""
                 isLocalOnly="false"
                 name="isCustomRemoteOPCServer"
                 ordinal="53"></PropertyDefinition>
                <PropertyDefinition
                 aspect.defaultValue="false"
                 aspect.isPersistent="true"
                 aspect.isReadOnly="false"
                 baseType="BOOLEAN"
                 category="System"
                 description=""
                 isLocalOnly="false"
                 name="isRemoteServer"
                 ordinal="52"></PropertyDefinition>
                <PropertyDefinition
                 aspect.cacheTime="0.0"
                 aspect.dataChangeType="VALUE"
                 aspect.defaultValue="1970-01-01T06:00:00.000-05:00"
                 aspect.isLogged="false"
                 aspect.isPersistent="true"
                 aspect.isReadOnly="false"
                 baseType="DATETIME"
                 category=""
                 description="Keeps track of the latest value of CurrentServerTime and updates status accordingly"
                 isLocalOnly="false"
                 name="LastCurrentServerTimeValueUpdate"
                 ordinal="16"></PropertyDefinition>
                <PropertyDefinition
                 aspect.cacheTime="0.0"
                 aspect.dataChangeType="VALUE"
                 aspect.isLogged="false"
                 aspect.isPersistent="true"
                 aspect.isReadOnly="false"
                 baseType="DATETIME"
                 category=""
                 description=""
                 isLocalOnly="false"
                 name="LastDiscovery"
                 ordinal="17"></PropertyDefinition>
                <PropertyDefinition
                 aspect.cacheTime="0.0"
                 aspect.dataChangeThreshold="0.0"
                 aspect.dataChangeType="VALUE"
                 aspect.isLogged="true"
                 aspect.isPersistent="true"
                 aspect.isReadOnly="false"
                 baseType="INTEGER"
                 category=""
                 description=""
                 isLocalOnly="false"
                 name="NumberOfDevices"
                 ordinal="4"></PropertyDefinition>
                <PropertyDefinition
                 aspect.cacheTime="0.0"
                 aspect.dataChangeThreshold="0.0"
                 aspect.dataChangeType="VALUE"
                 aspect.isLogged="false"
                 aspect.isPersistent="true"
                 aspect.isReadOnly="false"
                 baseType="INTEGER"
                 category=""
                 description="Number of devices added during last discovery"
                 isLocalOnly="false"
                 name="NumberOfDevicesAdded"
                 ordinal="18"></PropertyDefinition>
                <PropertyDefinition
                 aspect.cacheTime="0.0"
                 aspect.dataChangeThreshold="0.0"
                 aspect.dataChangeType="VALUE"
                 aspect.isLogged="true"
                 aspect.isPersistent="true"
                 aspect.isReadOnly="false"
                 baseType="INTEGER"
                 category=""
                 description=""
                 isLocalOnly="false"
                 name="NumberOfDevicesInError"
                 ordinal="4"></PropertyDefinition>
                <PropertyDefinition
                 aspect.cacheTime="0.0"
                 aspect.dataChangeThreshold="0.0"
                 aspect.dataChangeType="VALUE"
                 aspect.isLogged="false"
                 aspect.isPersistent="true"
                 aspect.isReadOnly="false"
                 baseType="INTEGER"
                 category=""
                 description="Number of devices removed during last discovery"
                 isLocalOnly="false"
                 name="NumberOfDevicesRemoved"
                 ordinal="19"></PropertyDefinition>
                <PropertyDefinition
                 aspect.cacheTime="0.0"
                 aspect.dataChangeType="VALUE"
                 aspect.isLogged="false"
                 aspect.isPersistent="true"
                 aspect.isReadOnly="false"
                 baseType="BOOLEAN"
                 category=""
                 description=""
                 isLocalOnly="false"
                 name="NumberOfDevicesUpdated"
                 ordinal="20"></PropertyDefinition>
                <PropertyDefinition
                 aspect.cacheTime="0.0"
                 aspect.dataChangeType="VALUE"
                 aspect.isLogged="false"
                 aspect.isPersistent="true"
                 aspect.isReadOnly="false"
                 baseType="STRING"
                 category=""
                 description="***DEPRECATED-H*** please use the Name property instead. Remote thing name"
                 isLocalOnly="false"
                 name="OPCDAThingName"
                 ordinal="10"></PropertyDefinition>
                <PropertyDefinition
                 aspect.cacheTime="0.0"
                 aspect.dataChangeType="VALUE"
                 aspect.isLogged="true"
                 aspect.isPersistent="true"
                 aspect.isReadOnly="false"
                 baseType="INTEGER"
                 category=""
                 description=""
                 isLocalOnly="false"
                 name="PublishFloorMS"
                 ordinal="7"></PropertyDefinition>
                <PropertyDefinition
                 aspect.cacheTime="0.0"
                 aspect.dataChangeType="VALUE"
                 aspect.isLogged="false"
                 aspect.isPersistent="true"
                 aspect.isReadOnly="false"
                 baseType="BOOLEAN"
                 category=""
                 description="This property is created to fix the rebinding issue for import/export If set to true,  Rebind all the properties on this thing"
                 isLocalOnly="false"
                 name="RebindTags"
                 ordinal="21"></PropertyDefinition>
                <PropertyDefinition
                 aspect.isPersistent="true"
                 aspect.isReadOnly="false"
                 baseType="STRING"
                 category="System"
                 description=""
                 isLocalOnly="false"
                 name="remoteServerPath"
                 ordinal="51"></PropertyDefinition>
                <PropertyDefinition
                 aspect.cacheTime="0.0"
                 aspect.dataChangeType="VALUE"
                 aspect.isLogged="true"
                 aspect.isPersistent="true"
                 aspect.isReadOnly="false"
                 baseType="INTEGER"
                 category=""
                 description=""
                 isLocalOnly="false"
                 name="ScanRateMS"
                 ordinal="8"></PropertyDefinition>
                <PropertyDefinition
                 aspect.cacheTime="0.0"
                 aspect.dataChangeType="VALUE"
                 aspect.isLogged="false"
                 aspect.isPersistent="true"
                 aspect.isReadOnly="false"
                 baseType="BOOLEAN"
                 category=""
                 description="Kepware Server will be consider as initialized (set to true)if the system properties has been subscribed.Else this property will be set to false. "
                 isLocalOnly="false"
                 name="ServerInitialized"
                 ordinal="14"></PropertyDefinition>
                <PropertyDefinition
                 aspect.cacheTime="0.0"
                 aspect.dataChangeType="VALUE"
                 aspect.isLogged="false"
                 aspect.isPersistent="true"
                 aspect.isReadOnly="false"
                 baseType="STRING"
                 category=""
                 description=""
                 isLocalOnly="false"
                 name="ServerName"
                 ordinal="9"></PropertyDefinition>
                <PropertyDefinition
                 aspect.cacheTime="0.0"
                 aspect.dataChangeThreshold="0.0"
                 aspect.dataChangeType="VALUE"
                 aspect.defaultValue="1"
                 aspect.isLogged="true"
                 aspect.isPersistent="true"
                 aspect.isReadOnly="false"
                 baseType="INTEGER"
                 category=""
                 description="This property indicates whether the connection is established between gateway thing and remote thing. There are 3 possible values: connected, not connected and connected but with warning."
                 isLocalOnly="false"
                 name="serverStatus"
                 ordinal="26"></PropertyDefinition>
                <PropertyDefinition
                 aspect.cacheTime="0.0"
                 aspect.dataChangeThreshold="0.0"
                 aspect.dataChangeType="VALUE"
                 aspect.defaultValue="false"
                 aspect.isLogged="true"
                 aspect.isPersistent="true"
                 aspect.isReadOnly="false"
                 baseType="BOOLEAN"
                 category=""
                 description="This property indicates whether dataflow between gateway thing and remote thing is below a specific rate or not"
                 isLocalOnly="false"
                 name="isConnectionHealthy"
                 ordinal="55"></PropertyDefinition>
                <PropertyDefinition
                 aspect.cacheTime="0.0"
                 aspect.dataChangeType="VALUE"
                 aspect.isLogged="true"
                 aspect.isPersistent="true"
                 aspect.isReadOnly="true"
                 baseType="INTEGER"
                 category=""
                 description=""
                 isLocalOnly="false"
                 name="TagCount"
                 ordinal="6"></PropertyDefinition>
            </PropertyDefinitions>
            <ServiceDefinitions></ServiceDefinitions>
            <EventDefinitions></EventDefinitions>
            <ServiceMappings></ServiceMappings>
            <ServiceImplementations></ServiceImplementations>
            <Subscriptions></Subscriptions>
            <avatar></avatar>
            <DesignTimePermissions>
                <Create></Create>
                <Read></Read>
                <Update></Update>
                <Delete></Delete>
                <Metadata></Metadata>
            </DesignTimePermissions>
            <RunTimePermissions></RunTimePermissions>
            <VisibilityPermissions>
                <Visibility>
                    <Principal
                     isPermitted="true"
                     name="PTC.Factory.MachineVisibility"
                     type="Organization"></Principal>
                </Visibility>
            </VisibilityPermissions>
            <ConfigurationTables></ConfigurationTables>
            <PropertyBindings></PropertyBindings>
            <RemotePropertyBindings></RemotePropertyBindings>
            <RemoteServiceBindings></RemoteServiceBindings>
            <RemoteEventBindings></RemoteEventBindings>
            <AlertConfigurations>
                <AlertDefinitions
                 name="ClientCount"></AlertDefinitions>
                <AlertDefinitions
                 name="CurrentServerTime"></AlertDefinitions>
                <AlertDefinitions
                 name="Description"></AlertDefinitions>
                <AlertDefinitions
                 name="DetailsPageLink"></AlertDefinitions>
                <AlertDefinitions
                 name="Host"></AlertDefinitions>
                <AlertDefinitions
                 name="LastCurrentServerTimeValueUpdate"></AlertDefinitions>
                <AlertDefinitions
                 name="LastDiscovery"></AlertDefinitions>
                <AlertDefinitions
                 name="NumberOfDevices"></AlertDefinitions>
                <AlertDefinitions
                 name="NumberOfDevicesAdded"></AlertDefinitions>
                <AlertDefinitions
                 name="NumberOfDevicesInError"></AlertDefinitions>
                <AlertDefinitions
                 name="NumberOfDevicesRemoved"></AlertDefinitions>
                <AlertDefinitions
                 name="NumberOfDevicesUpdated"></AlertDefinitions>
                <AlertDefinitions
                 name="OPCDAThingName"></AlertDefinitions>
                <AlertDefinitions
                 name="RebindTags"></AlertDefinitions>
                <AlertDefinitions
                 name="ServerInitialized"></AlertDefinitions>
                <AlertDefinitions
                 name="ServerName"></AlertDefinitions>
                <AlertDefinitions
                 name="serverStatus"></AlertDefinitions>
                <AlertDefinitions
                 name="isConnectionHealthy"></AlertDefinitions>
                <AlertDefinitions
                 name="Status"></AlertDefinitions>
                <AlertDefinitions
                 name="TagCount"></AlertDefinitions>
            </AlertConfigurations>
            <InstanceRunTimePermissions></InstanceRunTimePermissions>
        </ThingShape>
    </ThingShapes>
</Entities>
