<?xml version="1.0" encoding="UTF-8"?>
<Entities
 build="b3094"
 majorVersion="0"
 minorVersion="0"
 modelPersistenceProviderPackage="NeoPersistenceProviderPackage"
 revision="0"
 schemaVersion="1000">
    <ThingShapes>
        <ThingShape
         aspect.isEditableExtensionObject="false"
         aspect.isExtension="true"
         className=""
         description="Thing shape for devices {PTC.Factory.DeviceThingShape}"
         documentationContent="&lt;p&gt;&lt;br&gt;&lt;/p&gt;&#xA;"
         homeMashup=""
         lastModifiedDate="2016-11-11T15:54:47.416Z"
         name="PTC.Factory.DeviceThingShape"
         projectName="PTC.SCA.SCO.KEPServerEX Monitor"
         tags="PTC:sca-sco;PTC:ThingShape;PTC:sca-sco-kepserverexmonitor">
            <PropertyDefinitions>
                <PropertyDefinition
                 aspect.cacheTime="0.0"
                 aspect.dataChangeThreshold="0.0"
                 aspect.dataChangeType="VALUE"
                 aspect.isLogged="false"
                 aspect.isPersistent="true"
                 aspect.isReadOnly="false"
                 baseType="STRING"
                 category=""
                 description=""
                 isLocalOnly="false"
                 name="Channel"
                 ordinal="9"></PropertyDefinition>
                <PropertyDefinition
                 aspect.cacheTime="0.0"
                 aspect.dataChangeThreshold="0.0"
                 aspect.dataChangeType="VALUE"
                 aspect.isLogged="false"
                 aspect.isPersistent="true"
                 aspect.isReadOnly="false"
                 baseType="STRING"
                 category=""
                 description=""
                 isLocalOnly="false"
                 name="ConnectionType"
                 ordinal="9"></PropertyDefinition>
                <PropertyDefinition
                 aspect.cacheTime="0.0"
                 aspect.dataChangeType="VALUE"
                 aspect.isLogged="false"
                 aspect.isPersistent="true"
                 aspect.isReadOnly="false"
                 baseType="BOOLEAN"
                 category=""
                 description=""
                 isLocalOnly="false"
                 name="DemotionState"
                 ordinal="4"></PropertyDefinition>
                <PropertyDefinition
                 aspect.cacheTime="0.0"
                 aspect.dataChangeType="VALUE"
                 aspect.isLogged="false"
                 aspect.isPersistent="true"
                 aspect.isReadOnly="false"
                 baseType="STRING"
                 category=""
                 description="DeviceID"
                 isLocalOnly="false"
                 name="DeviceID"
                 ordinal="1"></PropertyDefinition>
                <PropertyDefinition
                 aspect.cacheTime="0.0"
                 aspect.dataChangeType="VALUE"
                 aspect.isLogged="false"
                 aspect.isPersistent="true"
                 aspect.isReadOnly="false"
                 baseType="STRING"
                 category=""
                 description="DeviceName"
                 isLocalOnly="false"
                 name="DeviceName"
                 ordinal="2"></PropertyDefinition>
                <PropertyDefinition
                 aspect.cacheTime="0.0"
                 aspect.dataChangeType="VALUE"
                 aspect.isLogged="false"
                 aspect.isPersistent="true"
                 aspect.isReadOnly="false"
                 baseType="BOOLEAN"
                 category=""
                 description=""
                 isLocalOnly="false"
                 name="Enabled"
                 ordinal="21"></PropertyDefinition>
                <PropertyDefinition
                 aspect.cacheTime="0.0"
                 aspect.dataChangeType="VALUE"
                 aspect.isLogged="true"
                 aspect.isPersistent="true"
                 aspect.isReadOnly="false"
                 baseType="BOOLEAN"
                 category=""
                 description=""
                 isLocalOnly="false"
                 name="ErrorState"
                 ordinal="3"></PropertyDefinition>
                <PropertyDefinition
                 aspect.cacheTime="0.0"
                 aspect.dataChangeThreshold="0.0"
                 aspect.dataChangeType="VALUE"
                 aspect.isLogged="false"
                 aspect.isPersistent="true"
                 aspect.isReadOnly="false"
                 baseType="NUMBER"
                 category=""
                 description=""
                 isLocalOnly="false"
                 name="FailedReads"
                 ordinal="13"></PropertyDefinition>
                <PropertyDefinition
                 aspect.cacheTime="0.0"
                 aspect.dataChangeThreshold="0.0"
                 aspect.dataChangeType="VALUE"
                 aspect.isLogged="false"
                 aspect.isPersistent="true"
                 aspect.isReadOnly="false"
                 baseType="NUMBER"
                 category=""
                 description=""
                 isLocalOnly="false"
                 name="FailedWrites"
                 ordinal="14"></PropertyDefinition>
                <PropertyDefinition
                 aspect.cacheTime="0.0"
                 aspect.dataChangeThreshold="0.0"
                 aspect.dataChangeType="VALUE"
                 aspect.isLogged="false"
                 aspect.isPersistent="true"
                 aspect.isReadOnly="false"
                 baseType="STRING"
                 category=""
                 description=""
                 isLocalOnly="false"
                 name="Host"
                 ordinal="9"></PropertyDefinition>
                <PropertyDefinition
                 aspect.cacheTime="0.0"
                 aspect.dataChangeType="VALUE"
                 aspect.isLogged="false"
                 aspect.isPersistent="false"
                 aspect.isReadOnly="false"
                 baseType="BOOLEAN"
                 category=""
                 description=""
                 isLocalOnly="false"
                 name="isOPCDevice"
                 ordinal="23"></PropertyDefinition>
                <PropertyDefinition
                 aspect.cacheTime="0.0"
                 aspect.dataChangeThreshold="0.0"
                 aspect.dataChangeType="VALUE"
                 aspect.isLogged="false"
                 aspect.isPersistent="true"
                 aspect.isReadOnly="false"
                 baseType="THINGNAME"
                 category=""
                 description=""
                 isLocalOnly="false"
                 name="OPCDAThingName"
                 ordinal="9"></PropertyDefinition>
                <PropertyDefinition
                 aspect.cacheTime="0.0"
                 aspect.dataChangeThreshold="0.0"
                 aspect.dataChangeType="VALUE"
                 aspect.isLogged="false"
                 aspect.isPersistent="true"
                 aspect.isReadOnly="false"
                 baseType="NUMBER"
                 category=""
                 description=""
                 isLocalOnly="false"
                 name="PendingReads"
                 ordinal="15"></PropertyDefinition>
                <PropertyDefinition
                 aspect.cacheTime="0.0"
                 aspect.dataChangeThreshold="0.0"
                 aspect.dataChangeType="VALUE"
                 aspect.isLogged="false"
                 aspect.isPersistent="true"
                 aspect.isReadOnly="false"
                 baseType="NUMBER"
                 category=""
                 description=""
                 isLocalOnly="false"
                 name="PendingWrites"
                 ordinal="16"></PropertyDefinition>
                <PropertyDefinition
                 aspect.cacheTime="0.0"
                 aspect.dataChangeThreshold="0.0"
                 aspect.dataChangeType="VALUE"
                 aspect.isLogged="false"
                 aspect.isPersistent="true"
                 aspect.isReadOnly="false"
                 baseType="NUMBER"
                 category=""
                 description=""
                 isLocalOnly="false"
                 name="Rx"
                 ordinal="10"></PropertyDefinition>
                <PropertyDefinition
                 aspect.cacheTime="0.0"
                 aspect.dataChangeType="VALUE"
                 aspect.isLogged="false"
                 aspect.isPersistent="true"
                 aspect.isReadOnly="false"
                 baseType="STRING"
                 category=""
                 description=""
                 isLocalOnly="false"
                 name="ScanMode"
                 ordinal="5"></PropertyDefinition>
                <PropertyDefinition
                 aspect.cacheTime="0.0"
                 aspect.dataChangeThreshold="0.0"
                 aspect.dataChangeType="VALUE"
                 aspect.isLogged="false"
                 aspect.isPersistent="true"
                 aspect.isReadOnly="false"
                 baseType="NUMBER"
                 category=""
                 description=""
                 isLocalOnly="false"
                 name="ScanRate"
                 ordinal="6"></PropertyDefinition>
                <PropertyDefinition
                 aspect.cacheTime="0.0"
                 aspect.dataChangeThreshold="0.0"
                 aspect.dataChangeType="VALUE"
                 aspect.isLogged="false"
                 aspect.isPersistent="true"
                 aspect.isReadOnly="false"
                 baseType="STRING"
                 category=""
                 description=""
                 isLocalOnly="false"
                 name="ServerName"
                 ordinal="9"></PropertyDefinition>
                <PropertyDefinition
                 aspect.cacheTime="0.0"
                 aspect.dataChangeType="VALUE"
                 aspect.isLogged="false"
                 aspect.isPersistent="true"
                 aspect.isReadOnly="false"
                 baseType="BOOLEAN"
                 category=""
                 description=""
                 isLocalOnly="false"
                 name="SimulatedState"
                 ordinal="8"></PropertyDefinition>
                <PropertyDefinition
                 aspect.cacheTime="0.0"
                 aspect.dataChangeThreshold="0.0"
                 aspect.dataChangeType="VALUE"
                 aspect.isLogged="false"
                 aspect.isPersistent="true"
                 aspect.isReadOnly="false"
                 baseType="NUMBER"
                 category=""
                 description=""
                 isLocalOnly="false"
                 name="SuccessfulReads"
                 ordinal="11"></PropertyDefinition>
                <PropertyDefinition
                 aspect.cacheTime="0.0"
                 aspect.dataChangeThreshold="0.0"
                 aspect.dataChangeType="VALUE"
                 aspect.isLogged="false"
                 aspect.isPersistent="true"
                 aspect.isReadOnly="false"
                 baseType="NUMBER"
                 category=""
                 description=""
                 isLocalOnly="false"
                 name="SuccessfulWrites"
                 ordinal="12"></PropertyDefinition>
                <PropertyDefinition
                 aspect.cacheTime="0.0"
                 aspect.dataChangeThreshold="0.0"
                 aspect.dataChangeType="VALUE"
                 aspect.isLogged="false"
                 aspect.isPersistent="true"
                 aspect.isReadOnly="false"
                 baseType="NUMBER"
                 category=""
                 description=""
                 isLocalOnly="false"
                 name="TimeInError"
                 ordinal="7"></PropertyDefinition>
                <PropertyDefinition
                 aspect.cacheTime="0.0"
                 aspect.dataChangeThreshold="0.0"
                 aspect.dataChangeType="VALUE"
                 aspect.isLogged="false"
                 aspect.isPersistent="true"
                 aspect.isReadOnly="false"
                 baseType="NUMBER"
                 category=""
                 description=""
                 isLocalOnly="false"
                 name="Tx"
                 ordinal="9"></PropertyDefinition>
            </PropertyDefinitions>
            <ServiceDefinitions></ServiceDefinitions>
            <EventDefinitions></EventDefinitions>
            <ServiceMappings></ServiceMappings>
            <ServiceImplementations></ServiceImplementations>
            <Subscriptions></Subscriptions>
            <avatar></avatar>
            <DesignTimePermissions>
                <Create></Create>
                <Read></Read>
                <Update></Update>
                <Delete></Delete>
                <Metadata></Metadata>
            </DesignTimePermissions>
            <RunTimePermissions></RunTimePermissions>
            <VisibilityPermissions>
                <Visibility></Visibility>
            </VisibilityPermissions>
            <ConfigurationTables></ConfigurationTables>
            <PropertyBindings></PropertyBindings>
            <RemotePropertyBindings></RemotePropertyBindings>
            <RemoteServiceBindings></RemoteServiceBindings>
            <RemoteEventBindings></RemoteEventBindings>
            <AlertConfigurations>
                <AlertDefinitions
                 name="DemotionState"></AlertDefinitions>
                <AlertDefinitions
                 name="DeviceID"></AlertDefinitions>
                <AlertDefinitions
                 name="DeviceName"></AlertDefinitions>
                <AlertDefinitions
                 name="Enabled"></AlertDefinitions>
                <AlertDefinitions
                 name="ErrorState"></AlertDefinitions>
                <AlertDefinitions
                 name="FailedReads"></AlertDefinitions>
                <AlertDefinitions
                 name="FailedWrites"></AlertDefinitions>
                <AlertDefinitions
                 name="isOPCDevice"></AlertDefinitions>
                <AlertDefinitions
                 name="PendingReads"></AlertDefinitions>
                <AlertDefinitions
                 name="PendingWrites"></AlertDefinitions>
                <AlertDefinitions
                 name="Rx"></AlertDefinitions>
                <AlertDefinitions
                 name="ScanMode"></AlertDefinitions>
                <AlertDefinitions
                 name="ScanRate"></AlertDefinitions>
                <AlertDefinitions
                 name="SimulatedState"></AlertDefinitions>
                <AlertDefinitions
                 name="SuccessfulReads"></AlertDefinitions>
                <AlertDefinitions
                 name="SuccessfulWrites"></AlertDefinitions>
                <AlertDefinitions
                 name="TimeInError"></AlertDefinitions>
                <AlertDefinitions
                 name="Tx"></AlertDefinitions>
            </AlertConfigurations>
            <InstanceRunTimePermissions></InstanceRunTimePermissions>
        </ThingShape>
    </ThingShapes>
</Entities>
