<?xml version="1.0" encoding="UTF-8"?>
<Entities
 build="b39"
 majorVersion="8"
 minorVersion="0"
 modelPersistenceProviderPackage="PostgresPersistenceProviderPackage"
 revision="1"
 schemaVersion="1000">
    <ThingShapes>
        <ThingShape
         aspect.isEditableExtensionObject="false"
         className=""
         description="Define image attribute for any equipment types {PTC.SCA.SCO.IdentifierThingShape}"
         documentationContent=""
         homeMashup=""
         lastModifiedDate="2017-07-17T13:58:26.437Z"
         name="PTC.SCA.SCO.IdentifierThingShape"
         projectName="PTC.SCA.SCO.Equipment.Model"
         tags="PTC:sca-sco;PTC:ThingShape;PTC:sca-sco-equipment-model">
            <PropertyDefinitions>
                <PropertyDefinition
                 aspect.cacheTime="0.0"
                 aspect.dataChangeType="VALUE"
                 aspect.defaultValue="iVBORw0KGgoAAAANSUhEUgAAADoAAAA6CAMAAADWZboaAAADAFBMVEUAAAAAAAAAAAAAAACioqKi&#xA;oqKioqKioqKioqKioqKioqKioqKioqKioqKioqKioqKioqKioqKioqIAAAAAAAAAAAAAAAAAAAAA&#xA;AAAAAAAAAAAAAAAAAACioqL///8fHx8gICAhISEiIiIjIyMkJCQlJSUmJiYnJycoKCgpKSkqKior&#xA;KyssLCwtLS0uLi4vLy8wMDAxMTEyMjIzMzM0NDQ1NTU2NjY3Nzc4ODg5OTk6Ojo7Ozs8PDw9PT0+&#xA;Pj4/Pz9AQEBBQUFCQkJDQ0NERERFRUVGRkZHR0dISEhJSUlKSkpLS0tMTExNTU1OTk5PT09QUFBR&#xA;UVFSUlJTU1NUVFRVVVVWVlZXV1dYWFhZWVlaWlpbW1tcXFxdXV1eXl5fX19gYGBhYWFiYmJjY2Nk&#xA;ZGRlZWVmZmZnZ2doaGhpaWlqampra2tsbGxtbW1ubm5vb29wcHBxcXFycnJzc3N0dHR1dXV2dnZ3&#xA;d3d4eHh5eXl6enp7e3t8fHx9fX1+fn5/f3+AgICBgYGCgoKDg4OEhISFhYWGhoaHh4eIiIiJiYmK&#xA;ioqLi4uMjIyNjY2Ojo6Pj4+QkJCRkZGSkpKTk5OUlJSVlZWWlpaXl5eYmJiZmZmampqbm5ucnJyd&#xA;nZ2enp6fn5+goKChoaGioqKjo6OkpKSlpaWmpqanp6eoqKipqamqqqqrq6usrKytra2urq6vr6+w&#xA;sLCxsbGysrKzs7O0tLS1tbW2tra3t7e4uLi5ubm6urq7u7u8vLy9vb2+vr6/v7/AwMDBwcHCwsLD&#xA;w8PExMTFxcXGxsbHx8fIyMjJycnKysrLy8vMzMzNzc3Ozs7Pz8/Q0NDR0dHS0tLT09PU1NTV1dXW&#xA;1tbX19fY2NjZ2dna2trb29vc3Nzd3d3e3t7f39/g4ODh4eHi4uLj4+Pk5OTl5eXm5ubn5+fo6Ojp&#xA;6enq6urr6+vs7Ozt7e3u7u7v7+/w8PDx8fHy8vLz8/P09PT19fX29vb39/f4+Pj5+fn6+vr7+/v8&#xA;/Pz9/f3+/v7///8Bfjd0AAAAHHRSTlMAz++/EJ/vMM+AQGC/r99wjyBQYJ9QrxBAMI9w3LqJugAA&#xA;AmdJREFUeNrll2uXmjAQht9IFF3q5bAg7tr//8+8pFgsdnENRNKExV3lqnxrm+ORaPIw4c3MZCBk&#xA;iW5tRb6vSSdSvlKQcyfUQA+d21+PUno3ejOTEuKBSSkeRk3pqW8Fm/xRlMyxSw3peP6jz2q5CN75&#xA;8T2Aaz2IxvAjfY181X0MNZF7M1HdRjlLKL+MU5RkMnsDs+FuA8xizTzNMEgKpNY+iOqthpAWhSUQ&#xA;FqxSvd2wrVqrgjMv6zAiCh6mtCfh1KZhnSNysteXPeFlMuJHH5N+rXKcnwaIi25IXBzUYwr47mJ7&#xA;JYIxeZNX09IkSTNdDIPm2aO/wPaYjeE8/CbTNF/uuDpQLBsXT56NcTElfp8WswSiKV6nNhjzpN5J&#xA;a4z91yKTLdzPsKxC+xP4FslYZd4/XQ0lB7hPZh1K1cP5Ys81O1KkuJEtDDCVZjVKqZJFT9esAyYK&#xA;gkcBPFnp1qbailwWbioX6UfFe0dCVi7YlGr7k08XYUjKQcTjuAK1pceuvJyTXOf2jGhZHiPRjWs2&#xA;sNfozEZY8N8m9grtj+Efi0GesS0ZUcfHL1HOwErnlmSqyW1SNYO35GG9KYfksTMnR1XuCSJ0QsHo&#xA;sTz4jJ/teTiOK0hnNHK6na/OEBg6XVBNNrK9BnIN9alne/Xk6lkJtapnKaRRkFWFWkbO1ellzFfL&#xA;obNTB7YsiC1ByoXeefNBsgWF2Ho/ljjt8GKUCj1aKhzIhcw33Mvsbl6KQSCrCsTX3geZWVVrVXbT&#xA;9X0ysS+b2c/5CuxOhedyfjOVqT/a6qa8bcrL+CfLy/8VJQBpfOeob29jrBuG/wDCwvR0z2wK5QAA&#xA;AABJRU5ErkJggg=="
                 aspect.isLogged="false"
                 aspect.isPersistent="true"
                 aspect.isReadOnly="false"
                 baseType="IMAGE"
                 category=""
                 description="Image of the asset"
                 isLocalOnly="false"
                 name="AssetImage"
                 ordinal="1"></PropertyDefinition>
            </PropertyDefinitions>
            <ServiceDefinitions></ServiceDefinitions>
            <EventDefinitions></EventDefinitions>
            <ServiceMappings></ServiceMappings>
            <ServiceImplementations></ServiceImplementations>
            <Subscriptions></Subscriptions>
            <avatar></avatar>
            <DesignTimePermissions>
                <Create></Create>
                <Read></Read>
                <Update></Update>
                <Delete></Delete>
                <Metadata></Metadata>
            </DesignTimePermissions>
            <RunTimePermissions>
                <Permissions
                 resourceName="*">
                    <PropertyRead>
                        <Principal
                         isPermitted="true"
                         name="FactoryUsers"
                         type="Group"></Principal>
                    </PropertyRead>
                    <PropertyWrite>
                        <Principal
                         isPermitted="true"
                         name="FactoryUsers"
                         type="Group"></Principal>
                    </PropertyWrite>
                    <ServiceInvoke>
                        <Principal
                         isPermitted="true"
                         name="FactoryUsers"
                         type="Group"></Principal>
                    </ServiceInvoke>
                    <EventInvoke>
                        <Principal
                         isPermitted="true"
                         name="FactoryUsers"
                         type="Group"></Principal>
                    </EventInvoke>
                    <EventSubscribe>
                        <Principal
                         isPermitted="true"
                         name="FactoryUsers"
                         type="Group"></Principal>
                    </EventSubscribe>
                </Permissions>
            </RunTimePermissions>
            <VisibilityPermissions>
                <Visibility>
                    <Principal
                     isPermitted="true"
                     name="PTC.Factory.MachineVisibility"
                     type="Organization"></Principal>
                </Visibility>
            </VisibilityPermissions>
            <ConfigurationTables></ConfigurationTables>
            <PropertyBindings></PropertyBindings>
            <RemotePropertyBindings></RemotePropertyBindings>
            <RemoteServiceBindings></RemoteServiceBindings>
            <RemoteEventBindings></RemoteEventBindings>
            <AlertConfigurations>
                <AlertDefinitions
                 name="AssetImage"></AlertDefinitions>
            </AlertConfigurations>
            <InstanceRunTimePermissions>
                <Permissions
                 resourceName="*">
                    <PropertyRead>
                        <Principal
                         isPermitted="true"
                         name="FactoryUsers"
                         type="Group"></Principal>
                    </PropertyRead>
                    <PropertyWrite>
                        <Principal
                         isPermitted="true"
                         name="FactoryUsers"
                         type="Group"></Principal>
                    </PropertyWrite>
                    <ServiceInvoke>
                        <Principal
                         isPermitted="true"
                         name="FactoryUsers"
                         type="Group"></Principal>
                    </ServiceInvoke>
                    <EventInvoke>
                        <Principal
                         isPermitted="true"
                         name="FactoryUsers"
                         type="Group"></Principal>
                    </EventInvoke>
                    <EventSubscribe>
                        <Principal
                         isPermitted="true"
                         name="FactoryUsers"
                         type="Group"></Principal>
                    </EventSubscribe>
                </Permissions>
            </InstanceRunTimePermissions>
        </ThingShape>
    </ThingShapes>
</Entities>
