<?xml version="1.0" encoding="UTF-8"?>
<Entities
 build="b36"
 majorVersion="8"
 minorVersion="2"
 modelPersistenceProviderPackage="PostgresPersistenceProviderPackage"
 revision="3"
 schemaVersion="1020"
 universal="">
    <Mashups>
        <Mashup
         aspect.isEditableExtensionObject="false"
         aspect.isResponsive="false"
         aspect.mashupType="mashup"
         columns="0.0"
         description="Used in PTC.Factory.KEPServerEX.ConnectionSummary mashup {PTC.SCA.SCO.ControlsAdvisor.GenericInstructionMashup}"
         documentationContent=""
         homeMashup=""
         lastModifiedDate="2018-04-20T13:45:26.140-04:00"
         name="PTC.SCA.SCO.ControlsAdvisor.GenericInstructionMashup"
         projectName="PTC.SCA.SCO.KEPServerEX Monitor"
         rows="0.0"
         tags="PTC:sca-sco;PTC:Mashup;PTC:sca-sco-kepserverexmonitor">
            <avatar></avatar>
            <DesignTimePermissions>
                <Create></Create>
                <Read></Read>
                <Update></Update>
                <Delete></Delete>
                <Metadata></Metadata>
            </DesignTimePermissions>
            <RunTimePermissions></RunTimePermissions>
            <VisibilityPermissions>
                <Visibility>
                    <Principal
                     isPermitted="true"
                     name="PTC.Factory.MachineVisibility"
                     type="Organization"></Principal>
                </Visibility>
            </VisibilityPermissions>
            <ConfigurationTables></ConfigurationTables>
            <ParameterDefinitions>
                <FieldDefinition
                 aspect.ordinal="1"
                 baseType="STRING"
                 description=""
                 name="appKeyName"
                 ordinal="0"></FieldDefinition>
                <FieldDefinition
                 aspect.ordinal="2"
                 baseType="BOOLEAN"
                 description=""
                 name="printOnLoad"
                 ordinal="0"></FieldDefinition>
                <FieldDefinition
                 aspect.ordinal="0"
                 baseType="STRING"
                 description=""
                 name="thingName"
                 ordinal="0"></FieldDefinition>
            </ParameterDefinitions>
            <Things></Things>
            <ThingShapes></ThingShapes>
            <ThingTemplates></ThingTemplates>
            <mashupContent>
            <![CDATA[
            {
              "CustomMashupCss" : "",
              "Data" : {
                "Session" : {
                  "DataName" : "Session",
                  "EntityName" : "",
                  "EntityType" : "Session",
                  "Id" : "session",
                  "Services" : [ {
                    "APIMethod" : "post",
                    "Characteristic" : "Services",
                    "Id" : "SessionInterface",
                    "Name" : "GetGlobalSessionValues",
                    "Parameters" : { },
                    "RefreshInterval" : 0,
                    "Target" : "GetGlobalSessionValues"
                  } ]
                },
                "UserExtensions" : {
                  "DataName" : "UserExtensions",
                  "EntityName" : "",
                  "EntityType" : "UserExtensions",
                  "Id" : "UserExtensions",
                  "Services" : [ {
                    "APIMethod" : "post",
                    "Characteristic" : "Services",
                    "Id" : "UserExtensionInterface",
                    "Name" : "GetCurrentUserExtensionProperties",
                    "Parameters" : { },
                    "RefreshInterval" : 0,
                    "Target" : "GetCurrentUserExtensionProperties"
                  } ]
                }
              },
              "DataBindings" : [ ],
              "DesignTimePermissions" : { },
              "Events" : [ ],
              "RunTimePermissions" : { },
              "UI" : {
                "Properties" : {
                  "AddToDashboardButtonStyle" : "DefaultAddToDashboardButtonStyle",
                  "Area" : "Mashup",
                  "BGImageRepeat" : "no-repeat",
                  "BGImageSize" : "auto",
                  "Columns" : 0,
                  "ConfigureGadgetButtonStyle" : "DefaultConfigureGadgetButtonStyle",
                  "DisplayName" : "Mashup",
                  "EnableParameterEditing" : false,
                  "Height" : 353,
                  "Id" : "mashup-root",
                  "IgnoreWarningsInViewMashup" : false,
                  "IsPrintLayout" : false,
                  "Left" : 0,
                  "MashupToEditGadget" : "DefaultMashupToEditGadget",
                  "MinHeight" : 0,
                  "MinWidth" : 0,
                  "ResponsiveLayout" : false,
                  "Rows" : 0,
                  "ShowDataLoading" : true,
                  "Style" : "DefaultMashupStyle",
                  "Title" : "",
                  "TitleBar" : false,
                  "TitleBarStyle" : "DefaultTitleBarStyle",
                  "TitleBarText" : "Gadget Title Here",
                  "Top" : 0,
                  "Type" : "mashup",
                  "Visible" : true,
                  "Width" : 498,
                  "Z-index" : 10,
                  "__TypeDisplayName" : "Mashup",
                  "_currentParameterDefs" : [ {
                    "BaseType" : "STRING",
                    "Description" : "",
                    "ParameterName" : "thingName"
                  }, {
                    "BaseType" : "STRING",
                    "Description" : "",
                    "ParameterName" : "appKeyName"
                  }, {
                    "BaseType" : "BOOLEAN",
                    "Description" : "",
                    "ParameterName" : "printOnLoad"
                  } ],
                  "id_index" : 29,
                  "supportsAutoResize" : true
                },
                "Widgets" : [ {
                  "Properties" : {
                    "Area" : "UI",
                    "DisplayName" : "fieldset-1",
                    "FieldsetLabelStyle" : "DefaultFieldsetLabelStyle",
                    "FieldsetStyle" : "DefaultFieldsetStyle",
                    "Height" : 353,
                    "Id" : "fieldset-1",
                    "Left" : 0,
                    "ResponsiveLayout" : false,
                    "ShowDataLoading" : true,
                    "Title" : "",
                    "Top" : 0,
                    "Type" : "fieldset",
                    "Visible" : true,
                    "Width" : 498,
                    "Z-index" : 10,
                    "__TypeDisplayName" : "Fieldset"
                  },
                  "Widgets" : [ {
                    "Properties" : {
                      "Area" : "UI",
                      "DisplayName" : "htmltextarea-24",
                      "Height" : 37,
                      "Id" : "htmltextarea-24",
                      "Label" : "",
                      "LabelAlignment" : "left",
                      "LabelStyle" : "PTC.Factory.Generic.DefaultSentenceCase",
                      "Left" : 11,
                      "ReadOnly" : true,
                      "ResponsiveLayout" : false,
                      "ShowBorder" : false,
                      "ShowDataLoading" : true,
                      "Text" : "",
                      "ToolTipField" : "",
                      "ToolTipStyle" : "DefaultTooltipStyle",
                      "Top" : 67,
                      "Type" : "htmltextarea",
                      "Visible" : true,
                      "Width" : 440,
                      "Z-index" : 10,
                      "__TypeDisplayName" : "Html TextArea",
                      "__supportsLabel" : true,
                      "__supportsTooltip" : true
                    },
                    "Widgets" : [ ]
                  }, {
                    "Properties" : {
                      "Alignment" : "left",
                      "Area" : "UI",
                      "DisplayName" : "link-25",
                      "Height" : 15,
                      "Id" : "link-25",
                      "Left" : 20,
                      "LinkDisplay" : "noText",
                      "LinkHoverStyle" : "DefaultLinkHoverStyle",
                      "LinkStyle" : "DefaultLinkStyle",
                      "ResponsiveLayout" : false,
                      "ShowDataLoading" : true,
                      "SourceURL" : "javascript:window.print()",
                      "TabSequence" : 0,
                      "TargetWindow" : "replace",
                      "Text" : "Link Text",
                      "ToolTipField" : "",
                      "ToolTipStyle" : "DefaultTooltipStyle",
                      "Top" : 335,
                      "Type" : "link",
                      "Visible" : false,
                      "Width" : 70,
                      "Z-index" : 10,
                      "__TypeDisplayName" : "Link",
                      "__supportsTooltip" : true
                    },
                    "Widgets" : [ ]
                  } ]
                }, {
                  "Properties" : {
                    "Alignment" : "left",
                    "AllowEllipsis" : false,
                    "Area" : "UI",
                    "DisplayName" : "instruction description",
                    "Height" : 92,
                    "Id" : "label-29",
                    "Left" : 15,
                    "ResponsiveLayout" : false,
                    "ShowDataLoading" : true,
                    "Style" : "PTC.Factory.Generic.DefaultLabel",
                    "Text" : "[[PTC.SCA.SCO.ControlsAdvisor.InstructionDescription]]",
                    "ToolTipField" : "",
                    "ToolTipStyle" : "DefaultTooltipStyle",
                    "Top" : 25,
                    "Type" : "label",
                    "Visible" : true,
                    "Width" : 465,
                    "Z-index" : 10,
                    "__TypeDisplayName" : "Label",
                    "__supportsTooltip" : true
                  },
                  "Widgets" : [ ]
                } ]
              },
              "mashupType" : "mashup"
            }
            ]]>
            </mashupContent>
        </Mashup>
    </Mashups>
</Entities>
