<?xml version="1.0" encoding="UTF-8"?>
<Entities
 majorVersion="0"
 minorVersion="0"
 universal="password">
    <ThingShapes>
        <ThingShape
         aspect.isEditableExtensionObject="false"
         aspect.isExtension="true"
         className=""
         description="Thing Shape that holds all the necessary properties and services for manipulating processing resource definitions in the database {PTC.SCA.SCO.ProcessingResourceManagementThingShape}"
         documentationContent=""
         homeMashup=""
         name="PTC.SCA.SCO.ProcessingResourceManagementThingShape"
         projectName="PTC.SCA.SCO.JobOrder.Manager"
         tags="PTC:sca-sco;PTC:ThingShape;PTC:sca-sco-joborder-manager">
            <PropertyDefinitions></PropertyDefinitions>
            <ServiceDefinitions>
                <ServiceDefinition
                 aspect.isAsync="false"
                 category=""
                 description=""
                 isAllowOverride="true"
                 isLocalOnly="false"
                 isOpen="false"
                 isPrivate="false"
                 name="CreateProcessingResourceClasses">
                    <ResultType
                     aspect.dataShape="PTC.SCA.SCO.ProcessingResourceClass"
                     baseType="INFOTABLE"
                     description=""
                     name="result"
                     ordinal="0"></ResultType>
                    <ParameterDefinitions>
                        <FieldDefinition
                         aspect.dataShape="PTC.SCA.SCO.ProcessingResourceClass"
                         aspect.isRequired="true"
                         baseType="INFOTABLE"
                         description=""
                         name="ProcessingResourceClasses"
                         ordinal="1"></FieldDefinition>
                    </ParameterDefinitions>
                </ServiceDefinition>
                <ServiceDefinition
                 aspect.isAsync="false"
                 category=""
                 description=""
                 isAllowOverride="true"
                 isLocalOnly="false"
                 isOpen="false"
                 isPrivate="false"
                 name="CreateProcessingResources">
                    <ResultType
                     aspect.dataShape="PTC.SCA.SCO.ProcessingResource"
                     baseType="INFOTABLE"
                     description=""
                     name="result"
                     ordinal="0"></ResultType>
                    <ParameterDefinitions>
                        <FieldDefinition
                         aspect.dataShape="PTC.SCA.SCO.ProcessingResource"
                         aspect.isRequired="true"
                         baseType="INFOTABLE"
                         description=""
                         name="ProcessingResources"
                         ordinal="1"></FieldDefinition>
                    </ParameterDefinitions>
                </ServiceDefinition>
                <ServiceDefinition
                 aspect.isAsync="false"
                 category=""
                 description=""
                 isAllowOverride="true"
                 isLocalOnly="false"
                 isOpen="false"
                 isPrivate="false"
                 name="CreateProcessingResourceToClassLinks">
                    <ResultType
                     aspect.dataShape="PTC.SCA.SCO.ProcessingResourceToClassLink"
                     baseType="INFOTABLE"
                     description=""
                     name="result"
                     ordinal="0"></ResultType>
                    <ParameterDefinitions>
                        <FieldDefinition
                         aspect.dataShape="PTC.SCA.SCO.ProcessingResourceToClassLink"
                         aspect.isRequired="true"
                         baseType="INFOTABLE"
                         description=""
                         name="ProcessingResourceToClassLinks"
                         ordinal="1"></FieldDefinition>
                    </ParameterDefinitions>
                </ServiceDefinition>
                <ServiceDefinition
                 aspect.isAsync="false"
                 category=""
                 description=""
                 isAllowOverride="true"
                 isLocalOnly="false"
                 isOpen="false"
                 isPrivate="false"
                 name="DeleteProcessingResource">
                    <ResultType
                     baseType="INFOTABLE"
                     description=""
                     name="result"
                     ordinal="0"></ResultType>
                    <ParameterDefinitions>
                        <FieldDefinition
                         aspect.isRequired="true"
                         baseType="STRING"
                         description=""
                         name="UID"
                         ordinal="1"></FieldDefinition>
                    </ParameterDefinitions>
                </ServiceDefinition>
                <ServiceDefinition
                 aspect.isAsync="false"
                 category=""
                 description=""
                 isAllowOverride="true"
                 isLocalOnly="false"
                 isOpen="false"
                 isPrivate="false"
                 name="DeleteProcessingResourceClass">
                    <ResultType
                     baseType="INFOTABLE"
                     description=""
                     name="result"
                     ordinal="0"></ResultType>
                    <ParameterDefinitions>
                        <FieldDefinition
                         aspect.isRequired="true"
                         baseType="STRING"
                         description=""
                         name="UID"
                         ordinal="1"></FieldDefinition>
                    </ParameterDefinitions>
                </ServiceDefinition>
                <ServiceDefinition
                 aspect.isAsync="false"
                 category=""
                 description=""
                 isAllowOverride="true"
                 isLocalOnly="false"
                 isOpen="false"
                 isPrivate="false"
                 name="DeleteProcessingResourceToClassLink">
                    <ResultType
                     baseType="INFOTABLE"
                     description=""
                     name="result"
                     ordinal="0"></ResultType>
                    <ParameterDefinitions>
                        <FieldDefinition
                         aspect.isRequired="true"
                         baseType="STRING"
                         description=""
                         name="UID"
                         ordinal="1"></FieldDefinition>
                    </ParameterDefinitions>
                </ServiceDefinition>
                <ServiceDefinition
                 aspect.isAsync="false"
                 category=""
                 description=""
                 isAllowOverride="true"
                 isLocalOnly="false"
                 isOpen="false"
                 isPrivate="false"
                 name="GetProcessingResource">
                    <ResultType
                     aspect.dataShape="PTC.SCA.SCO.ProcessingResource"
                     baseType="INFOTABLE"
                     description=""
                     name="result"
                     ordinal="0"></ResultType>
                    <ParameterDefinitions>
                        <FieldDefinition
                         aspect.isRequired="true"
                         baseType="STRING"
                         description=""
                         name="UID"
                         ordinal="1"></FieldDefinition>
                    </ParameterDefinitions>
                </ServiceDefinition>
                <ServiceDefinition
                 aspect.isAsync="false"
                 category=""
                 description=""
                 isAllowOverride="true"
                 isLocalOnly="false"
                 isOpen="false"
                 isPrivate="false"
                 name="GetProcessingResourceClass">
                    <ResultType
                     aspect.dataShape="PTC.SCA.SCO.ProcessingResourceClass"
                     baseType="INFOTABLE"
                     description=""
                     name="result"
                     ordinal="0"></ResultType>
                    <ParameterDefinitions>
                        <FieldDefinition
                         aspect.isRequired="true"
                         baseType="STRING"
                         description=""
                         name="UID"
                         ordinal="1"></FieldDefinition>
                    </ParameterDefinitions>
                </ServiceDefinition>
                <ServiceDefinition
                 aspect.isAsync="false"
                 category=""
                 description=""
                 isAllowOverride="true"
                 isLocalOnly="false"
                 isOpen="false"
                 isPrivate="false"
                 name="GetProcessingResourceDBInfo">
                    <ResultType
                     baseType="JSON"
                     description=""
                     name="result"
                     ordinal="0"></ResultType>
                    <ParameterDefinitions></ParameterDefinitions>
                </ServiceDefinition>
                <ServiceDefinition
                 aspect.isAsync="false"
                 category=""
                 description=""
                 isAllowOverride="true"
                 isLocalOnly="false"
                 isOpen="false"
                 isPrivate="false"
                 name="GetProcessingResources">
                    <ResultType
                     aspect.dataShape="PTC.SCA.SCO.ProcessingResource"
                     baseType="INFOTABLE"
                     description=""
                     name="result"
                     ordinal="0"></ResultType>
                    <ParameterDefinitions>
                        <FieldDefinition
                         baseType="JSON"
                         description=""
                         name="filter"
                         ordinal="1"></FieldDefinition>
                        <FieldDefinition
                         baseType="INTEGER"
                         description="Limit of rows in returned result"
                         name="limit"
                         ordinal="2"></FieldDefinition>
                        <FieldDefinition
                         baseType="INTEGER"
                         description="Offset of returned result"
                         name="offset"
                         ordinal="3"></FieldDefinition>
                    </ParameterDefinitions>
                </ServiceDefinition>
                <ServiceDefinition
                 aspect.isAsync="false"
                 category=""
                 description=""
                 isAllowOverride="true"
                 isLocalOnly="false"
                 isOpen="false"
                 isPrivate="false"
                 name="GetProcessingResourceToClassLinks">
                    <ResultType
                     aspect.dataShape="PTC.SCA.SCO.ProcessingResourceToClassLink"
                     baseType="INFOTABLE"
                     description=""
                     name="result"
                     ordinal="0"></ResultType>
                    <ParameterDefinitions>
                        <FieldDefinition
                         aspect.isRequired="true"
                         baseType="STRING"
                         description=""
                         name="ProcessingResourceUID"
                         ordinal="1"></FieldDefinition>
                    </ParameterDefinitions>
                </ServiceDefinition>
                <ServiceDefinition
                 aspect.isAsync="false"
                 category=""
                 description="Returns the ProcessingResourceToClassLinks for the specified ProcessingResourceClassUID."
                 isAllowOverride="true"
                 isLocalOnly="false"
                 isOpen="false"
                 isPrivate="false"
                 name="GetProcessingResourceToClassLinksByProcessingResourceClass">
                    <ResultType
                     aspect.dataShape="PTC.SCA.SCO.ProcessingResourceToClassLink"
                     baseType="INFOTABLE"
                     description="The ProcessingResourceToClassLinks for the specified ProcessingResourceClassUID"
                     name="result"
                     ordinal="0"></ResultType>
                    <ParameterDefinitions>
                        <FieldDefinition
                         aspect.isRequired="true"
                         baseType="STRING"
                         description="The UID of the ProcessingResourceClass"
                         name="ProcessingResourceClassUID"
                         ordinal="1"></FieldDefinition>
                    </ParameterDefinitions>
                </ServiceDefinition>
                <ServiceDefinition
                 aspect.isAsync="false"
                 category=""
                 description=""
                 isAllowOverride="true"
                 isLocalOnly="false"
                 isOpen="false"
                 isPrivate="false"
                 name="UpdateProcessingResourceClasses">
                    <ResultType
                     baseType="INFOTABLE"
                     description=""
                     name="result"
                     ordinal="0"></ResultType>
                    <ParameterDefinitions>
                        <FieldDefinition
                         aspect.dataShape="PTC.SCA.SCO.ProcessingResourceClass"
                         aspect.isRequired="true"
                         baseType="INFOTABLE"
                         description=""
                         name="ProcessingResourceClasses"
                         ordinal="1"></FieldDefinition>
                    </ParameterDefinitions>
                </ServiceDefinition>
                <ServiceDefinition
                 aspect.isAsync="false"
                 category=""
                 description=""
                 isAllowOverride="true"
                 isLocalOnly="false"
                 isOpen="false"
                 isPrivate="false"
                 name="UpdateProcessingResources">
                    <ResultType
                     baseType="INFOTABLE"
                     description=""
                     name="result"
                     ordinal="0"></ResultType>
                    <ParameterDefinitions>
                        <FieldDefinition
                         aspect.dataShape="PTC.SCA.SCO.ProcessingResource"
                         aspect.isRequired="true"
                         baseType="INFOTABLE"
                         description=""
                         name="ProcessingResources"
                         ordinal="1"></FieldDefinition>
                    </ParameterDefinitions>
                </ServiceDefinition>
                <ServiceDefinition
                 aspect.isAsync="false"
                 category=""
                 description=""
                 isAllowOverride="true"
                 isLocalOnly="false"
                 isOpen="false"
                 isPrivate="false"
                 name="UpdateProcessingResourceToClassLinks">
                    <ResultType
                     baseType="INFOTABLE"
                     description=""
                     name="result"
                     ordinal="0"></ResultType>
                    <ParameterDefinitions>
                        <FieldDefinition
                         aspect.dataShape="PTC.SCA.SCO.ProcessingResourceToClassLink"
                         aspect.isRequired="true"
                         baseType="INFOTABLE"
                         description=""
                         name="ProcessingResourceToClassLinks"
                         ordinal="1"></FieldDefinition>
                    </ParameterDefinitions>
                </ServiceDefinition>
            </ServiceDefinitions>
            <EventDefinitions></EventDefinitions>
            <ServiceMappings></ServiceMappings>
            <ServiceImplementations>
                <ServiceImplementation
                 description=""
                 handlerName="Script"
                 name="CreateProcessingResourceClasses">
                    <ConfigurationTables>
                        <ConfigurationTable
                         dataShapeName=""
                         description="Script"
                         isMultiRow="false"
                         name="Script"
                         ordinal="0">
                            <DataShape>
                                <FieldDefinitions>
                                    <FieldDefinition
                                     baseType="STRING"
                                     description="code"
                                     name="code"
                                     ordinal="0"></FieldDefinition>
                                </FieldDefinitions>
                            </DataShape>
                            <Rows>
                                <Row>
                                    <code>
                                    <![CDATA[
                                    var params = {
                                        infoTable: ProcessingResourceClasses,
                                        dataShapeName: "PTC.SCA.SCO.ProcessingResourceClass"
                                    };
                                    
                                    var result = Things[me.GetDatabaseThingName()].Insert(params);
                                    ]]>
                                    </code>
                                </Row>
                            </Rows>
                        </ConfigurationTable>
                    </ConfigurationTables>
                </ServiceImplementation>
                <ServiceImplementation
                 description=""
                 handlerName="Script"
                 name="CreateProcessingResources">
                    <ConfigurationTables>
                        <ConfigurationTable
                         dataShapeName=""
                         description="Script"
                         isMultiRow="false"
                         name="Script"
                         ordinal="0">
                            <DataShape>
                                <FieldDefinitions>
                                    <FieldDefinition
                                     baseType="STRING"
                                     description="code"
                                     name="code"
                                     ordinal="0"></FieldDefinition>
                                </FieldDefinitions>
                            </DataShape>
                            <Rows>
                                <Row>
                                    <code>
                                    <![CDATA[
                                    var params = {
                                        infoTable: ProcessingResources,
                                        dataShapeName: "PTC.SCA.SCO.ProcessingResource"
                                    };
                                    
                                    var result = Things[me.GetDatabaseThingName()].Insert(params);
                                    ]]>
                                    </code>
                                </Row>
                            </Rows>
                        </ConfigurationTable>
                    </ConfigurationTables>
                </ServiceImplementation>
                <ServiceImplementation
                 description=""
                 handlerName="Script"
                 name="CreateProcessingResourceToClassLinks">
                    <ConfigurationTables>
                        <ConfigurationTable
                         dataShapeName=""
                         description="Script"
                         isMultiRow="false"
                         name="Script"
                         ordinal="0">
                            <DataShape>
                                <FieldDefinitions>
                                    <FieldDefinition
                                     baseType="STRING"
                                     description="code"
                                     name="code"
                                     ordinal="0"></FieldDefinition>
                                </FieldDefinitions>
                            </DataShape>
                            <Rows>
                                <Row>
                                    <code>
                                    <![CDATA[
                                    var params = {
                                        infoTable:  ProcessingResourceToClassLinks,
                                        dataShapeName: "PTC.SCA.SCO.ProcessingResourceToClassLink"
                                    };
                                    
                                    var result = Things[me.GetDatabaseThingName()].Insert(params);
                                    ]]>
                                    </code>
                                </Row>
                            </Rows>
                        </ConfigurationTable>
                    </ConfigurationTables>
                </ServiceImplementation>
                <ServiceImplementation
                 description=""
                 handlerName="Script"
                 name="DeleteProcessingResource">
                    <ConfigurationTables>
                        <ConfigurationTable
                         dataShapeName=""
                         description="Script"
                         isMultiRow="false"
                         name="Script"
                         ordinal="0">
                            <DataShape>
                                <FieldDefinitions>
                                    <FieldDefinition
                                     baseType="STRING"
                                     description="code"
                                     name="code"
                                     ordinal="0"></FieldDefinition>
                                </FieldDefinitions>
                            </DataShape>
                            <Rows>
                                <Row>
                                    <code>
                                    <![CDATA[
                                    var params = {
                                        UID: UID,
                                        dataShapeName: "PTC.SCA.SCO.ProcessingResource"
                                    };
                                    
                                    var result = Things[me.GetDatabaseThingName()].Delete(params);
                                    ]]>
                                    </code>
                                </Row>
                            </Rows>
                        </ConfigurationTable>
                    </ConfigurationTables>
                </ServiceImplementation>
                <ServiceImplementation
                 description=""
                 handlerName="Script"
                 name="DeleteProcessingResourceClass">
                    <ConfigurationTables>
                        <ConfigurationTable
                         dataShapeName=""
                         description="Script"
                         isMultiRow="false"
                         name="Script"
                         ordinal="0">
                            <DataShape>
                                <FieldDefinitions>
                                    <FieldDefinition
                                     baseType="STRING"
                                     description="code"
                                     name="code"
                                     ordinal="0"></FieldDefinition>
                                </FieldDefinitions>
                            </DataShape>
                            <Rows>
                                <Row>
                                    <code>
                                    <![CDATA[
                                    var params = {
                                        UID: UID,
                                        dataShapeName: "PTC.SCA.SCO.ProcessingResourceClass"
                                    };
                                    
                                    var result = Things[me.GetDatabaseThingName()].Delete(params);
                                    ]]>
                                    </code>
                                </Row>
                            </Rows>
                        </ConfigurationTable>
                    </ConfigurationTables>
                </ServiceImplementation>
                <ServiceImplementation
                 description=""
                 handlerName="Script"
                 name="DeleteProcessingResourceToClassLink">
                    <ConfigurationTables>
                        <ConfigurationTable
                         dataShapeName=""
                         description="Script"
                         isMultiRow="false"
                         name="Script"
                         ordinal="0">
                            <DataShape>
                                <FieldDefinitions>
                                    <FieldDefinition
                                     baseType="STRING"
                                     description="code"
                                     name="code"
                                     ordinal="0"></FieldDefinition>
                                </FieldDefinitions>
                            </DataShape>
                            <Rows>
                                <Row>
                                    <code>
                                    <![CDATA[
                                    var params = {
                                        UID: UID,
                                        dataShapeName: "PTC.SCA.SCO.ProcessingResourceToClassLink"
                                    };
                                    
                                    var result = Things[me.GetDatabaseThingName()].Delete(params);
                                    ]]>
                                    </code>
                                </Row>
                            </Rows>
                        </ConfigurationTable>
                    </ConfigurationTables>
                </ServiceImplementation>
                <ServiceImplementation
                 description=""
                 handlerName="Script"
                 name="GetProcessingResource">
                    <ConfigurationTables>
                        <ConfigurationTable
                         dataShapeName=""
                         description="Script"
                         isMultiRow="false"
                         name="Script"
                         ordinal="0">
                            <DataShape>
                                <FieldDefinitions>
                                    <FieldDefinition
                                     baseType="STRING"
                                     description="code"
                                     name="code"
                                     ordinal="0"></FieldDefinition>
                                </FieldDefinitions>
                            </DataShape>
                            <Rows>
                                <Row>
                                    <code>
                                    <![CDATA[
                                    var params = {
                                        UID: UID,
                                        dataShapeName: "PTC.SCA.SCO.ProcessingResource"
                                    };
                                    
                                    var result = Things[me.GetDatabaseThingName()].GetEntity(params);
                                    ]]>
                                    </code>
                                </Row>
                            </Rows>
                        </ConfigurationTable>
                    </ConfigurationTables>
                </ServiceImplementation>
                <ServiceImplementation
                 description=""
                 handlerName="Script"
                 name="GetProcessingResourceClass">
                    <ConfigurationTables>
                        <ConfigurationTable
                         dataShapeName=""
                         description="Script"
                         isMultiRow="false"
                         name="Script"
                         ordinal="0">
                            <DataShape>
                                <FieldDefinitions>
                                    <FieldDefinition
                                     baseType="STRING"
                                     description="code"
                                     name="code"
                                     ordinal="0"></FieldDefinition>
                                </FieldDefinitions>
                            </DataShape>
                            <Rows>
                                <Row>
                                    <code>
                                    <![CDATA[
                                    var params = {
                                        UID: UID,
                                        dataShapeName: "PTC.SCA.SCO.ProcessingResourceClass"
                                    };
                                    
                                    var result = Things[me.GetDatabaseThingName()].GetEntity(params);
                                    ]]>
                                    </code>
                                </Row>
                            </Rows>
                        </ConfigurationTable>
                    </ConfigurationTables>
                </ServiceImplementation>
                <ServiceImplementation
                 description=""
                 handlerName="Script"
                 name="GetProcessingResourceDBInfo">
                    <ConfigurationTables>
                        <ConfigurationTable
                         dataShapeName=""
                         description="Script"
                         isMultiRow="false"
                         name="Script"
                         ordinal="0">
                            <DataShape>
                                <FieldDefinitions>
                                    <FieldDefinition
                                     baseType="STRING"
                                     description="code"
                                     name="code"
                                     ordinal="0"></FieldDefinition>
                                </FieldDefinitions>
                            </DataShape>
                            <Rows>
                                <Row>
                                    <code>
                                    <![CDATA[
                                    var dbInfo = {
                                    	"dbInfo": [{
                                    		"dataShapeName": "PTC.SCA.SCO.ProcessingResource",
                                    		"indexedFields": [],
                                    		"foreignKeys": [{
                                    			"name": "SiteUID",
                                    			"referenceDataShapeName": "PTC.SCA.SCO.Site",
                                    			"referenceFieldName": "UID"
                                    		}]
                                    	}, {
                                    		"dataShapeName": "PTC.SCA.SCO.ProcessingResourceClass",
                                    		"indexedFields": [],
                                    		"foreignKeys": [{
                                    			"name": "SiteUID",
                                    			"referenceDataShapeName": "PTC.SCA.SCO.Site",
                                    			"referenceFieldName": "UID"
                                    		}]
                                    	}, {
                                    		"dataShapeName": "PTC.SCA.SCO.ProcessingResourceToClassLink",
                                    		"indexedFields": [{
                                    			"name": "ProcessingResourceClassUID"
                                    		}, {
                                    			"name": "ProcessingResourceUID"
                                    		}],
                                    		"fields": [{
                                    			"name": "ProcessingResourceClassUID",
                                    			"notNull": true
                                    		}, {
                                    			"name": "ProcessingResourceUID",
                                    			"notNull": true
                                    		}],
                                    		"foreignKeys": [{
                                    			"name": "ProcessingResourceClassUID",
                                    			"referenceDataShapeName": "PTC.SCA.SCO.ProcessingResourceClass",
                                    			"referenceFieldName": "UID",
                                    			"onDelete": "CASCADE"
                                    		}, {
                                    			"name": "ProcessingResourceUID",
                                    			"referenceDataShapeName": "PTC.SCA.SCO.ProcessingResource",
                                    			"referenceFieldName": "UID",
                                    			"onDelete": "CASCADE"
                                    		}]
                                    	}, {
                                    		"dataShapeName": "PTC.SCA.SCO.ProcessingResource_AP",
                                    		"indexedFields": []
                                    	}, {
                                    		"dataShapeName": "PTC.SCA.SCO.ProcessingResourceClass_AP",
                                    		"indexedFields": []
                                    	}, {
                                    		"dataShapeName": "PTC.SCA.SCO.ProcessingResourceToClassLink_AP",
                                    		"indexedFields": []
                                    	}]
                                    };
                                    
                                    var result = dbInfo;
                                    ]]>
                                    </code>
                                </Row>
                            </Rows>
                        </ConfigurationTable>
                    </ConfigurationTables>
                </ServiceImplementation>
                <ServiceImplementation
                 description=""
                 handlerName="Script"
                 name="GetProcessingResources">
                    <ConfigurationTables>
                        <ConfigurationTable
                         dataShapeName=""
                         description=""
                         isMultiRow="false"
                         name="Script"
                         ordinal="0">
                            <DataShape>
                                <FieldDefinitions>
                                    <FieldDefinition
                                     baseType="STRING"
                                     description="code"
                                     name="code"
                                     ordinal="0"></FieldDefinition>
                                </FieldDefinitions>
                            </DataShape>
                            <Rows>
                                <Row>
                                    <code>
                                    <![CDATA[
                                    var params = {
                                        filter: filter,
                                        dataShapeName: "PTC.SCA.SCO.ProcessingResource",
                                        offset: offset,
                                        limit: limit
                                    };
                                    
                                    var result = Things[me.GetDatabaseThingName()].Query(params);
                                    ]]>
                                    </code>
                                </Row>
                            </Rows>
                        </ConfigurationTable>
                    </ConfigurationTables>
                </ServiceImplementation>
                <ServiceImplementation
                 description=""
                 handlerName="Script"
                 name="GetProcessingResourceToClassLinks">
                    <ConfigurationTables>
                        <ConfigurationTable
                         dataShapeName=""
                         description="Script"
                         isMultiRow="false"
                         name="Script"
                         ordinal="0">
                            <DataShape>
                                <FieldDefinitions>
                                    <FieldDefinition
                                     baseType="STRING"
                                     description="code"
                                     name="code"
                                     ordinal="0"></FieldDefinition>
                                </FieldDefinitions>
                            </DataShape>
                            <Rows>
                                <Row>
                                    <code>
                                    <![CDATA[
                                    var filter = {
                                        filters:{
                                            fieldName:"ProcessingResourceUID",
                                            type:"EQ",
                                            value:ProcessingResourceUID
                                        }
                                    };
                                    
                                    var params = {
                                        filter: filter,
                                        dataShapeName: "PTC.SCA.SCO.ProcessingResourceToClassLink"
                                    };
                                    
                                    var result = Things[me.GetDatabaseThingName()].Query(params);
                                    ]]>
                                    </code>
                                </Row>
                            </Rows>
                        </ConfigurationTable>
                    </ConfigurationTables>
                </ServiceImplementation>
                <ServiceImplementation
                 description=""
                 handlerName="Script"
                 name="GetProcessingResourceToClassLinksByProcessingResourceClass">
                    <ConfigurationTables>
                        <ConfigurationTable
                         dataShapeName=""
                         description=""
                         isMultiRow="false"
                         name="Script"
                         ordinal="0">
                            <DataShape>
                                <FieldDefinitions>
                                    <FieldDefinition
                                     baseType="STRING"
                                     description="code"
                                     name="code"
                                     ordinal="0"></FieldDefinition>
                                </FieldDefinitions>
                            </DataShape>
                            <Rows>
                                <Row>
                                    <code>
                                    <![CDATA[
                                    var filter = {
                                        filters:{
                                            fieldName:"ProcessingResourceClassUID",
                                            type:"EQ",
                                            value:ProcessingResourceClassUID
                                        }
                                    };
                                    
                                    var params = {
                                        filter: filter,
                                        dataShapeName: "PTC.SCA.SCO.ProcessingResourceToClassLink"
                                    };
                                    
                                    var result = Things[me.GetDatabaseThingName()].Query(params);
                                    ]]>
                                    </code>
                                </Row>
                            </Rows>
                        </ConfigurationTable>
                    </ConfigurationTables>
                </ServiceImplementation>
                <ServiceImplementation
                 description=""
                 handlerName="Script"
                 name="UpdateProcessingResourceClasses">
                    <ConfigurationTables>
                        <ConfigurationTable
                         dataShapeName=""
                         description="Script"
                         isMultiRow="false"
                         name="Script"
                         ordinal="0">
                            <DataShape>
                                <FieldDefinitions>
                                    <FieldDefinition
                                     baseType="STRING"
                                     description="code"
                                     name="code"
                                     ordinal="0"></FieldDefinition>
                                </FieldDefinitions>
                            </DataShape>
                            <Rows>
                                <Row>
                                    <code>
                                    <![CDATA[
                                    var params = {
                                        infoTable: ProcessingResourceClasses,
                                        dataShapeName: "PTC.SCA.SCO.ProcessingResourceClass"
                                    };
                                    
                                    var result = Things[me.GetDatabaseThingName()].Update(params);
                                    ]]>
                                    </code>
                                </Row>
                            </Rows>
                        </ConfigurationTable>
                    </ConfigurationTables>
                </ServiceImplementation>
                <ServiceImplementation
                 description=""
                 handlerName="Script"
                 name="UpdateProcessingResources">
                    <ConfigurationTables>
                        <ConfigurationTable
                         dataShapeName=""
                         description="Script"
                         isMultiRow="false"
                         name="Script"
                         ordinal="0">
                            <DataShape>
                                <FieldDefinitions>
                                    <FieldDefinition
                                     baseType="STRING"
                                     description="code"
                                     name="code"
                                     ordinal="0"></FieldDefinition>
                                </FieldDefinitions>
                            </DataShape>
                            <Rows>
                                <Row>
                                    <code>
                                    <![CDATA[
                                    var params = {
                                        infoTable: ProcessingResources,
                                        dataShapeName: "PTC.SCA.SCO.ProcessingResource"
                                    };
                                    
                                    var result = Things[me.GetDatabaseThingName()].Update(params);
                                    ]]>
                                    </code>
                                </Row>
                            </Rows>
                        </ConfigurationTable>
                    </ConfigurationTables>
                </ServiceImplementation>
                <ServiceImplementation
                 description=""
                 handlerName="Script"
                 name="UpdateProcessingResourceToClassLinks">
                    <ConfigurationTables>
                        <ConfigurationTable
                         dataShapeName=""
                         description="Script"
                         isMultiRow="false"
                         name="Script"
                         ordinal="0">
                            <DataShape>
                                <FieldDefinitions>
                                    <FieldDefinition
                                     baseType="STRING"
                                     description="code"
                                     name="code"
                                     ordinal="0"></FieldDefinition>
                                </FieldDefinitions>
                            </DataShape>
                            <Rows>
                                <Row>
                                    <code>
                                    <![CDATA[
                                    var params = {
                                        infoTable: ProcessingResourceToClassLinks,
                                        dataShapeName: "PTC.SCA.SCO.ProcessingResourceToClassLink"
                                    };
                                    
                                    var result = Things[me.GetDatabaseThingName()].Update(params);
                                    ]]>
                                    </code>
                                </Row>
                            </Rows>
                        </ConfigurationTable>
                    </ConfigurationTables>
                </ServiceImplementation>
            </ServiceImplementations>
            <Subscriptions></Subscriptions>
            <avatar></avatar>
            <DesignTimePermissions>
                <Create></Create>
                <Read></Read>
                <Update></Update>
                <Delete></Delete>
                <Metadata></Metadata>
            </DesignTimePermissions>
            <RunTimePermissions></RunTimePermissions>
            <VisibilityPermissions>
                <Visibility></Visibility>
            </VisibilityPermissions>
            <ConfigurationTableDefinitions></ConfigurationTableDefinitions>
            <ConfigurationTables></ConfigurationTables>
            <PropertyBindings></PropertyBindings>
            <RemotePropertyBindings></RemotePropertyBindings>
            <RemoteServiceBindings></RemoteServiceBindings>
            <RemoteEventBindings></RemoteEventBindings>
            <AlertConfigurations></AlertConfigurations>
            <InstanceRunTimePermissions></InstanceRunTimePermissions>
        </ThingShape>
    </ThingShapes>
</Entities>
