<?xml version="1.0" encoding="UTF-8"?>
<Entities
 build="b8455"
 majorVersion="0"
 minorVersion="0"
 modelPersistenceProviderPackage="PostgresPersistenceProviderPackage"
 revision="0"
 schemaVersion="1100"
 universal="password">
    <ThingShapes>
        <ThingShape
         aspect.isEditableExtensionObject="false"
         aspect.isExtension="true"
         className=""
         description="The thing shape for Job Order Manager ThingShape {PTC.SCA.SCO.JobOrderManagerThingShape}"
         documentationContent=""
         homeMashup=""
         lastModifiedDate="2020-02-04T23:38:49.278-05:00"
         name="PTC.SCA.SCO.JobOrderManagerThingShape"
         projectName="PTC.SCA.SCO.JobOrder.Manager"
         tags="PTC:sca-sco;PTC:ThingShape;PTC:sca-sco-joborder-manager">
            <PropertyDefinitions></PropertyDefinitions>
            <ServiceDefinitions>
                <ServiceDefinition
                 aspect.isAsync="false"
                 category=""
                 description=""
                 isAllowOverride="true"
                 isLocalOnly="false"
                 isOpen="false"
                 isPrivate="false"
                 name="CreateInfoTable">
                    <ResultType
                     baseType="INFOTABLE"
                     description=""
                     name="result"
                     ordinal="0"></ResultType>
                    <ParameterDefinitions>
                        <FieldDefinition
                         aspect.tagType="ModelTags"
                         baseType="DATASHAPENAME"
                         description=""
                         name="dataShapeName"
                         ordinal="1"></FieldDefinition>
                    </ParameterDefinitions>
                </ServiceDefinition>
                <ServiceDefinition
                 aspect.isAsync="false"
                 category=""
                 description=""
                 isAllowOverride="true"
                 isLocalOnly="false"
                 isOpen="false"
                 isPrivate="false"
                 name="MergeInfoTables">
                    <ResultType
                     baseType="INFOTABLE"
                     description=""
                     name="result"
                     ordinal="0"></ResultType>
                    <ParameterDefinitions>
                        <FieldDefinition
                         aspect.tagType="ModelTags"
                         baseType="DATASHAPENAME"
                         description=""
                         name="dataShapeName"
                         ordinal="3"></FieldDefinition>
                        <FieldDefinition
                         aspect.isRequired="true"
                         aspect.tagType="ModelTags"
                         baseType="INFOTABLE"
                         description=""
                         name="infoTable"
                         ordinal="1"></FieldDefinition>
                        <FieldDefinition
                         aspect.tagType="ModelTags"
                         baseType="INFOTABLE"
                         description=""
                         name="infoTableAP"
                         ordinal="2"></FieldDefinition>
                    </ParameterDefinitions>
                </ServiceDefinition>
            </ServiceDefinitions>
            <EventDefinitions></EventDefinitions>
            <ServiceMappings></ServiceMappings>
            <ServiceImplementations>
                <ServiceImplementation
                 description=""
                 handlerName="Script"
                 name="CreateInfoTable">
                    <ConfigurationTables>
                        <ConfigurationTable
                         dataShapeName=""
                         description=""
                         isMultiRow="false"
                         name="Script"
                         ordinal="0">
                            <DataShape>
                                <FieldDefinitions>
                                    <FieldDefinition
                                     baseType="STRING"
                                     description="code"
                                     name="code"
                                     ordinal="0"></FieldDefinition>
                                </FieldDefinitions>
                            </DataShape>
                            <Rows>
                                <Row>
                                    <code>
                                    <![CDATA[
                                    var infoTable = createInfoTable(dataShapeName);
                                    
                                    var dataShapeNameAP = Things[me.GetDatabaseThingName()].GetDatashapeNameAp({dataShapeName : dataShapeName});
                                    
                                    var infoTableAP = createInfoTable(dataShapeNameAP);
                                    
                                    var result = mergeInfoTables(infoTable, infoTableAP);
                                    
                                    function createInfoTable(dataShapeName){
                                        var params = {
                                            infoTableName : "InfoTable",
                                            dataShapeName : dataShapeName
                                        };
                                        return Resources["InfoTableFunctions"].CreateInfoTableFromDataShape(params);
                                    }
                                    
                                    function mergeInfoTables(infoTableToMerge, infoTableToAdd){
                                    	if(infoTableToAdd && infoTableToAdd.dataShape && infoTableToAdd.dataShape.fields){
                                            var dataShapeFields = infoTableToAdd.dataShape.fields;
                                            for (var fieldName in dataShapeFields) {
                                                if(!infoTableToMerge.dataShape.fields[fieldName]){
                                                    var newField = new Object();
                                                    newField.name = dataShapeFields[fieldName].name;
                                                    newField.baseType = dataShapeFields[fieldName].baseType.name();
                                                    infoTableToMerge.AddField(newField);
                                                }
                                            }
                                        }
                                        return infoTableToMerge;
                                    }
                                    ]]>
                                    </code>
                                </Row>
                            </Rows>
                        </ConfigurationTable>
                    </ConfigurationTables>
                </ServiceImplementation>
                <ServiceImplementation
                 description=""
                 handlerName="Script"
                 name="MergeInfoTables">
                    <ConfigurationTables>
                        <ConfigurationTable
                         dataShapeName=""
                         description=""
                         isMultiRow="false"
                         name="Script"
                         ordinal="0">
                            <DataShape>
                                <FieldDefinitions>
                                    <FieldDefinition
                                     baseType="STRING"
                                     description="code"
                                     name="code"
                                     ordinal="0"></FieldDefinition>
                                </FieldDefinitions>
                            </DataShape>
                            <Rows>
                                <Row>
                                    <code>
                                    <![CDATA[
                                    var mergeInfotable = me.CreateInfoTable({
                                    	dataShapeName: dataShapeName
                                    });
                                    
                                    var tableLength = infoTable.rows.length;
                                    var tableLengthAP = 0;
                                    if(infoTableAP){
                                        tableLengthAP = infoTableAP.rows.length;
                                    }
                                    for (var x=0; x < tableLength; x++) {
                                        var row = infoTable.rows[x];
                                        var newRow = {};
                                        copyRow(newRow, row);
                                        if(x < tableLengthAP){
                                            var rowAP = infoTableAP.rows[x];
                                            copyRow(newRow, rowAP);
                                        }
                                        mergeInfotable.AddRow(newRow);
                                    }
                                    
                                    var result = mergeInfotable;
                                    
                                    function copyRow(row, rowToCopy){
                                        if(row && rowToCopy){
                                            for (var key in rowToCopy) {
                                                if(!row.hasOwnProperty(key)){
                                                    row[key] = rowToCopy[key];
                                                }
                                            }
                                        }
                                    }
                                    ]]>
                                    </code>
                                </Row>
                            </Rows>
                        </ConfigurationTable>
                    </ConfigurationTables>
                </ServiceImplementation>
            </ServiceImplementations>
            <Subscriptions></Subscriptions>
            <avatar></avatar>
            <DesignTimePermissions>
                <Create></Create>
                <Read></Read>
                <Update></Update>
                <Delete></Delete>
                <Metadata></Metadata>
            </DesignTimePermissions>
            <RunTimePermissions></RunTimePermissions>
            <VisibilityPermissions>
                <Visibility></Visibility>
            </VisibilityPermissions>
            <ConfigurationTableDefinitions></ConfigurationTableDefinitions>
            <ConfigurationTables></ConfigurationTables>
            <PropertyBindings></PropertyBindings>
            <RemotePropertyBindings></RemotePropertyBindings>
            <RemoteServiceBindings></RemoteServiceBindings>
            <RemoteEventBindings></RemoteEventBindings>
            <AlertConfigurations></AlertConfigurations>
            <InstanceRunTimePermissions></InstanceRunTimePermissions>
        </ThingShape>
    </ThingShapes>
</Entities>
