<?xml version="1.0" encoding="UTF-8"?>
<Entities
 build="b8796"
 majorVersion="0"
 minorVersion="0"
 modelPersistenceProviderPackage="PostgresPersistenceProviderPackage"
 revision="0"
 schemaVersion="1100"
 universal="password">
    <ThingShapes>
        <ThingShape
         aspect.isEditableExtensionObject="false"
         aspect.isExtension="true"
         className=""
         description="Database management basic service use by manager to interact with the database. {PTC.SCA.SCO.DBManagementThingShape}"
         documentationContent=""
         homeMashup=""
         lastModifiedDate="2020-03-25T10:53:39.065-04:00"
         name="PTC.SCA.SCO.DBManagementThingShape"
         projectName="PTC.SCA.SCO.DataConnection"
         tags="PTC:sca-sco;PTC:ThingShape;PTC:sca-sco-dataconnection">
            <PropertyDefinitions>
                <PropertyDefinition
                 aspect.cacheTime="0.0"
                 aspect.dataChangeType="VALUE"
                 baseType="JSON"
                 category=""
                 description=""
                 isLocalOnly="false"
                 name="dbInfo"
                 ordinal="2"></PropertyDefinition>
            </PropertyDefinitions>
            <ServiceDefinitions>
                <ServiceDefinition
                 aspect.isAsync="false"
                 category=""
                 description="Executing a cascade delete for all the specified entries in the parameters."
                 isAllowOverride="true"
                 isLocalOnly="false"
                 isOpen="false"
                 isPrivate="false"
                 name="BatchCascadeDelete">
                    <ResultType
                     aspect.dataShape="PTC.SCA.SCO.BatchAction"
                     baseType="INFOTABLE"
                     description="The result of the cascade delete."
                     name="result"
                     ordinal="0"></ResultType>
                    <ParameterDefinitions>
                        <FieldDefinition
                         aspect.isRequired="true"
                         baseType="BOOLEAN"
                         description="Boolean that specified if the referenced object of a foreign key will be include in the cascade delete. See foreign definition in dbInfo definition."
                         name="deleteReference"
                         ordinal="2"></FieldDefinition>
                        <FieldDefinition
                         aspect.dataShape="PTC.SCA.SCO.BatchDeleteDataShape"
                         aspect.isRequired="true"
                         baseType="INFOTABLE"
                         description="Info table of all the entries to cascade delete."
                         name="infoTable"
                         ordinal="1"></FieldDefinition>
                    </ParameterDefinitions>
                </ServiceDefinition>
                <ServiceDefinition
                 aspect.isAsync="false"
                 category=""
                 description="Delete all record that reference this record."
                 isAllowOverride="true"
                 isLocalOnly="false"
                 isOpen="false"
                 isPrivate="false"
                 name="CascadeDelete">
                    <ResultType
                     aspect.dataShape="PTC.SCA.SCO.BatchAction"
                     baseType="INFOTABLE"
                     description=""
                     name="result"
                     ordinal="0"></ResultType>
                    <ParameterDefinitions>
                        <FieldDefinition
                         aspect.isRequired="true"
                         baseType="DATASHAPENAME"
                         description="The data shape name of the entry to delete."
                         name="dataShapeName"
                         ordinal="1"></FieldDefinition>
                        <FieldDefinition
                         aspect.isRequired="true"
                         baseType="BOOLEAN"
                         description="Boolean that specified if the referenced object of a foreign key will be include in the cascade delete. See foreign definition in dbInfo definition."
                         name="deleteReference"
                         ordinal="3"></FieldDefinition>
                        <FieldDefinition
                         aspect.isRequired="true"
                         baseType="STRING"
                         description="UID of the entry to cascade delete."
                         name="UID"
                         ordinal="2"></FieldDefinition>
                    </ParameterDefinitions>
                </ServiceDefinition>
                <ServiceDefinition
                 aspect.isAsync="false"
                 category=""
                 description="Collect all action required using the foreign keys definition to applied to the database when deleting records."
                 isAllowOverride="true"
                 isLocalOnly="false"
                 isOpen="false"
                 isPrivate="false"
                 name="CollectActionForCascadeDelete">
                    <ResultType
                     aspect.dataShape="PTC.SCA.SCO.BatchAction"
                     baseType="INFOTABLE"
                     description=""
                     name="result"
                     ordinal="0"></ResultType>
                    <ParameterDefinitions>
                        <FieldDefinition
                         aspect.defaultValue="true"
                         aspect.isRequired="true"
                         baseType="BOOLEAN"
                         description="If false, deletes only the specified records in input parameter infoTable. If true, deletes the specified record and records referenced by foreign keys."
                         name="deleteReference"
                         ordinal="2"></FieldDefinition>
                        <FieldDefinition
                         aspect.dataShape="PTC.SCA.SCO.BatchDeleteDataShape"
                         aspect.isRequired="true"
                         baseType="INFOTABLE"
                         description=""
                         name="infoTable"
                         ordinal="1"></FieldDefinition>
                    </ParameterDefinitions>
                </ServiceDefinition>
                <ServiceDefinition
                 aspect.isAsync="false"
                 category=""
                 description="Generic service use to create data in the database."
                 isAllowOverride="true"
                 isLocalOnly="false"
                 isOpen="false"
                 isPrivate="false"
                 name="Create">
                    <ResultType
                     baseType="INFOTABLE"
                     description=""
                     name="result"
                     ordinal="0"></ResultType>
                    <ParameterDefinitions>
                        <FieldDefinition
                         aspect.isRequired="true"
                         baseType="DATASHAPENAME"
                         description=""
                         name="dataShapeName"
                         ordinal="1"></FieldDefinition>
                        <FieldDefinition
                         aspect.isRequired="true"
                         baseType="INFOTABLE"
                         description=""
                         name="infoTable"
                         ordinal="2"></FieldDefinition>
                    </ParameterDefinitions>
                </ServiceDefinition>
                <ServiceDefinition
                 aspect.isAsync="false"
                 category=""
                 description="Create database table for the defined DBInfo. "
                 isAllowOverride="true"
                 isLocalOnly="false"
                 isOpen="false"
                 isPrivate="false"
                 name="CreateTables">
                    <ResultType
                     baseType="NOTHING"
                     description=""
                     name="result"
                     ordinal="0"></ResultType>
                    <ParameterDefinitions></ParameterDefinitions>
                </ServiceDefinition>
                <ServiceDefinition
                 aspect.isAsync="false"
                 category=""
                 description="Generic service use to delete data in the database."
                 isAllowOverride="true"
                 isLocalOnly="false"
                 isOpen="false"
                 isPrivate="false"
                 name="Delete">
                    <ResultType
                     baseType="INFOTABLE"
                     description=""
                     name="result"
                     ordinal="0"></ResultType>
                    <ParameterDefinitions>
                        <FieldDefinition
                         aspect.isRequired="true"
                         baseType="DATASHAPENAME"
                         description=""
                         name="dataShapeName"
                         ordinal="1"></FieldDefinition>
                        <FieldDefinition
                         aspect.isRequired="true"
                         baseType="STRING"
                         description=""
                         name="UID"
                         ordinal="2"></FieldDefinition>
                    </ParameterDefinitions>
                </ServiceDefinition>
                <ServiceDefinition
                 aspect.isAsync="false"
                 category=""
                 description="Return the cache data base info."
                 isAllowOverride="true"
                 isLocalOnly="false"
                 isOpen="false"
                 isPrivate="false"
                 name="GetCacheDBInfo">
                    <ResultType
                     baseType="JSON"
                     description=""
                     name="result"
                     ordinal="0"></ResultType>
                    <ParameterDefinitions></ParameterDefinitions>
                </ServiceDefinition>
                <ServiceDefinition
                 aspect.isAsync="false"
                 category=""
                 description="Service to return the database thing name."
                 isAllowOverride="true"
                 isLocalOnly="false"
                 isOpen="false"
                 isPrivate="false"
                 name="GetDatabaseThingName">
                    <ResultType
                     baseType="THINGNAME"
                     description=""
                     name="result"
                     ordinal="0"></ResultType>
                    <ParameterDefinitions></ParameterDefinitions>
                </ServiceDefinition>
                <ServiceDefinition
                 aspect.isAsync="false"
                 category=""
                 description="Return the database configuration thing name."
                 isAllowOverride="true"
                 isLocalOnly="false"
                 isOpen="false"
                 isPrivate="false"
                 name="GetDBConfigurationThingName">
                    <ResultType
                     baseType="THINGNAME"
                     description="Database configuration thing name."
                     name="result"
                     ordinal="0"></ResultType>
                    <ParameterDefinitions></ParameterDefinitions>
                </ServiceDefinition>
                <ServiceDefinition
                 aspect.isAsync="false"
                 category=""
                 description="Place holder for manager DBInfo."
                 isAllowOverride="true"
                 isLocalOnly="false"
                 isOpen="false"
                 isPrivate="false"
                 name="GetDBInfo">
                    <ResultType
                     baseType="JSON"
                     description=""
                     name="result"
                     ordinal="0"></ResultType>
                    <ParameterDefinitions></ParameterDefinitions>
                </ServiceDefinition>
                <ServiceDefinition
                 aspect.isAsync="false"
                 category=""
                 description="Generic service use to get an entity in the database."
                 isAllowOverride="true"
                 isLocalOnly="false"
                 isOpen="false"
                 isPrivate="false"
                 name="GetEntity">
                    <ResultType
                     baseType="INFOTABLE"
                     description=""
                     name="result"
                     ordinal="0"></ResultType>
                    <ParameterDefinitions>
                        <FieldDefinition
                         aspect.isRequired="true"
                         baseType="DATASHAPENAME"
                         description=""
                         name="dataShapeName"
                         ordinal="1"></FieldDefinition>
                        <FieldDefinition
                         aspect.isRequired="true"
                         baseType="STRING"
                         description=""
                         name="UID"
                         ordinal="2"></FieldDefinition>
                    </ParameterDefinitions>
                </ServiceDefinition>
                <ServiceDefinition
                 aspect.isAsync="false"
                 category=""
                 description="Place holder for manager InitData."
                 isAllowOverride="true"
                 isLocalOnly="false"
                 isOpen="false"
                 isPrivate="false"
                 name="InitData">
                    <ResultType
                     baseType="NOTHING"
                     description=""
                     name="result"
                     ordinal="0"></ResultType>
                    <ParameterDefinitions></ParameterDefinitions>
                </ServiceDefinition>
                <ServiceDefinition
                 aspect.isAsync="false"
                 category=""
                 description="Generic service use to query data in the database."
                 isAllowOverride="true"
                 isLocalOnly="false"
                 isOpen="false"
                 isPrivate="false"
                 name="Query">
                    <ResultType
                     baseType="INFOTABLE"
                     description=""
                     name="result"
                     ordinal="0"></ResultType>
                    <ParameterDefinitions>
                        <FieldDefinition
                         baseType="DATASHAPENAME"
                         description=""
                         name="dataShapeName"
                         ordinal="1"></FieldDefinition>
                        <FieldDefinition
                         baseType="JSON"
                         description=""
                         name="filter"
                         ordinal="2"></FieldDefinition>
                        <FieldDefinition
                         baseType="LONG"
                         description=""
                         name="limit"
                         ordinal="4"></FieldDefinition>
                        <FieldDefinition
                         baseType="LONG"
                         description=""
                         name="offset"
                         ordinal="3"></FieldDefinition>
                    </ParameterDefinitions>
                </ServiceDefinition>
                <ServiceDefinition
                 aspect.isAsync="false"
                 category=""
                 description="Generic service use to update data in the database."
                 isAllowOverride="true"
                 isLocalOnly="false"
                 isOpen="false"
                 isPrivate="false"
                 name="Update">
                    <ResultType
                     baseType="INFOTABLE"
                     description=""
                     name="result"
                     ordinal="0"></ResultType>
                    <ParameterDefinitions>
                        <FieldDefinition
                         aspect.isRequired="true"
                         baseType="DATASHAPENAME"
                         description=""
                         name="dataShapeName"
                         ordinal="1"></FieldDefinition>
                        <FieldDefinition
                         aspect.isRequired="true"
                         baseType="INFOTABLE"
                         description=""
                         name="infoTable"
                         ordinal="2"></FieldDefinition>
                    </ParameterDefinitions>
                </ServiceDefinition>
            </ServiceDefinitions>
            <EventDefinitions></EventDefinitions>
            <ServiceMappings></ServiceMappings>
            <ServiceImplementations>
                <ServiceImplementation
                 description=""
                 handlerName="Script"
                 name="BatchCascadeDelete">
                    <ConfigurationTables>
                        <ConfigurationTable
                         dataShapeName=""
                         description=""
                         isMultiRow="false"
                         name="Script"
                         ordinal="0">
                            <DataShape>
                                <FieldDefinitions>
                                    <FieldDefinition
                                     baseType="STRING"
                                     description="code"
                                     name="code"
                                     ordinal="0"></FieldDefinition>
                                </FieldDefinitions>
                            </DataShape>
                            <Rows>
                                <Row>
                                    <code>
                                    <![CDATA[
                                    var batchCascadeDelete = me.CollectActionForCascadeDelete({
                                    	infoTable: infoTable,
                                    	deleteReference: deleteReference
                                    });
                                    
                                    var result = Things[me.GetDatabaseThingName()].BatchAction({
                                    	infoTable: batchCascadeDelete
                                    });
                                    ]]>
                                    </code>
                                </Row>
                            </Rows>
                        </ConfigurationTable>
                    </ConfigurationTables>
                </ServiceImplementation>
                <ServiceImplementation
                 description=""
                 handlerName="Script"
                 name="CascadeDelete">
                    <ConfigurationTables>
                        <ConfigurationTable
                         dataShapeName=""
                         description=""
                         isMultiRow="false"
                         name="Script"
                         ordinal="0">
                            <DataShape>
                                <FieldDefinitions>
                                    <FieldDefinition
                                     baseType="STRING"
                                     description="code"
                                     name="code"
                                     ordinal="0"></FieldDefinition>
                                </FieldDefinitions>
                            </DataShape>
                            <Rows>
                                <Row>
                                    <code>
                                    <![CDATA[
                                    var params = {
                                    	infoTableName: "InfoTable",
                                    	dataShapeName: "PTC.SCA.SCO.BatchDeleteDataShape"
                                    };
                                    var infoTable = Resources["InfoTableFunctions"].CreateInfoTableFromDataShape(params);
                                    
                                    var row = {};
                                    row.dataShapeName = dataShapeName;
                                    row.UID = UID;
                                    
                                    infoTable.AddRow(row);
                                    
                                    var result = me.BatchCascadeDelete({
                                    	infoTable: infoTable,
                                    	deleteReference: deleteReference
                                    });
                                    ]]>
                                    </code>
                                </Row>
                            </Rows>
                        </ConfigurationTable>
                    </ConfigurationTables>
                </ServiceImplementation>
                <ServiceImplementation
                 description=""
                 handlerName="Script"
                 name="CollectActionForCascadeDelete">
                    <ConfigurationTables>
                        <ConfigurationTable
                         dataShapeName=""
                         description=""
                         isMultiRow="false"
                         name="Script"
                         ordinal="0">
                            <DataShape>
                                <FieldDefinitions>
                                    <FieldDefinition
                                     baseType="STRING"
                                     description="code"
                                     name="code"
                                     ordinal="0"></FieldDefinition>
                                </FieldDefinitions>
                            </DataShape>
                            <Rows>
                                <Row>
                                    <code>
                                    <![CDATA[
                                    var dbThing;
                                    var dataShapeNames = {};
                                    var primaryKeys = {};
                                    var inProcess = [];
                                    var actions = [];
                                    
                                    var tableLength = infoTable.rows.length;
                                    for (var x = 0; x < tableLength; x++) {
                                    	var row = infoTable.rows[x];
                                    	if (row.dataShapeName && row.UID) {
                                    		var entity = getEntity(row.dataShapeName, row.UID);
                                    		if (entity) {
                                    			processDelete(row.dataShapeName, entity, inProcess, actions, deleteReference);
                                    		}
                                    	} else {
                                    		logger.warn("Invalid record:" + row.dataShapeName + ":" + uid);
                                    	}
                                    }
                                    
                                    var params = {
                                    	infoTableName: "InfoTable",
                                    	dataShapeName: "PTC.SCA.SCO.BatchAction"
                                    };
                                    var result = Resources["InfoTableFunctions"].CreateInfoTableFromDataShape(params);
                                    
                                    for (var i = 0; i < actions.length; i++) {
                                    	var action = actions[i];
                                    	result.AddRow(action);
                                    }
                                    
                                    function processDelete(dataShapeName, entity, inProcess, actions, deleteReference) {
                                    	var record = {};
                                    	record.dataShapeName = dataShapeName;
                                    	record.UID = getEntityUID(dataShapeName, entity);
                                    
                                    	if (!exist(inProcess, record)) {
                                    		inProcess.push(record);
                                    
                                    		var actionFromReferencingFKs = processReferencingFKs(dataShapeName, entity, inProcess, actions, deleteReference);
                                    
                                    		var actionInfo = getActionInfo(dataShapeName, entity, "DELETE");
                                    		actions.push(actionInfo);
                                    
                                    		if (deleteReference) {
                                    			var actionFromFKs = processFKs(dataShapeName, entity, inProcess, actions, deleteReference);
                                    		}
                                    	} else {
                                    		logger.debug("Already process:" + record.dataShapeName + ":" + record.UID);
                                    	}
                                    }
                                    
                                    function exist(array, elementToFind) {
                                    	var found = array.find(function(element) {
                                    		if (element.dataShapeName === elementToFind.dataShapeName && element.UID === elementToFind.UID) {
                                    			return true;
                                    		}
                                    		return false;
                                    	});
                                    	return found;
                                    }
                                    
                                    function processReferencingFKs(dataShapeName, entity, inProcess, actions, deleteReference) {
                                    	var referencingFKs = getDatabaseManager().GetDataShapeReferencingForeignKeys({
                                    		dataShapeName: dataShapeName
                                    	})[dataShapeName];
                                    	if (referencingFKs) {
                                    		var uid = getEntityUID(dataShapeName, entity);
                                    		for (var i = 0; i < referencingFKs.length; i++) {
                                    			var foreignKey = referencingFKs[i];
                                    			if (foreignKey.onDelete === 'CASCADE' || foreignKey.onDelete === 'SET_NULL') {
                                    				var referencingDataShapeName = getDataShapeName(foreignKey.dataShapeName);
                                    				var referencingRecords = getRecords(referencingDataShapeName, foreignKey, uid, false);
                                    				var tableLength = referencingRecords.rows.length;
                                    				for (var x = 0; x < tableLength; x++) {
                                    					var referencingRecord = referencingRecords.rows[x];
                                    					if (foreignKey.onDelete === 'CASCADE') {
                                    						processDelete(referencingDataShapeName, referencingRecord, inProcess, actions, deleteReference);
                                    					} else if (foreignKey.onDelete === 'SET_NULL') {
                                    						if (!actionExist(actions, referencingDataShapeName, referencingRecord, "DELETE")) {
                                    							var actionInfo = getActionInfo(referencingDataShapeName, referencingRecord, "UPDATE", foreignKey.name);
                                    							actions.push(actionInfo);
                                    						}
                                    					} else {
                                    						logger.warn("no action!!!");
                                    					}
                                    				}
                                    			}
                                    		}
                                    	}
                                    }
                                    
                                    function processFKs(dataShapeName, entity, inProcess, actions, deleteReference) {
                                    	var dataShapeForeignKeys = getDatabaseManager().GetDataShapeForeignKeys({
                                    		dataShapeName: dataShapeName
                                    	})[dataShapeName];
                                    	if (dataShapeForeignKeys) {
                                    		for (var i = 0; i < dataShapeForeignKeys.length; i++) {
                                    			var foreignKey = dataShapeForeignKeys[i];
                                    			if (foreignKey.deleteReference) {
                                    				if (entity) {
                                    					var referenceUID = entity[foreignKey.name];
                                    					var referenceDataShapeName = getDataShapeName(foreignKey.referenceDataShapeName);
                                    					var referenceRecords = getRecords(referenceDataShapeName, foreignKey, referenceUID, true);
                                    					var tableLength = referenceRecords.rows.length;
                                    					for (var x = 0; x < tableLength; x++) {
                                    						var referenceRecord = referenceRecords.rows[x];
                                    						processDelete(referenceDataShapeName, referenceRecord, inProcess, actions, deleteReference);
                                    					}
                                    				}
                                    			}
                                    		}
                                    	}
                                    }
                                    
                                    function actionExist(array, dataShapeName, entity, action) {
                                    	var found = array.find(function(element) {
                                    		if (element.dataShapeName === dataShapeName && element.action === action) {
                                    			if (element.values && element.values.rows.length > 0) {
                                    				var primaryKey = getPrimaryKey(dataShapeName);
                                    				if (element.values.rows[0][primaryKey] === entity[primaryKey]) {
                                    					return true;
                                    				}
                                    			}
                                    		}
                                    		return false;
                                    	});
                                    	return found;
                                    }
                                    
                                    function getActionInfo(dataShapeName, row, type, fieldName) {
                                    	var actionInfo = {};
                                    	actionInfo.action = type;
                                    	actionInfo.dataShapeName = dataShapeName;
                                    	actionInfo.values = getInfoTable(dataShapeName, row, type, fieldName);
                                    	return actionInfo;
                                    }
                                    
                                    function getRecords(dataShapeName, foreignKey, value, reference) {
                                    	var filter = getDatabaseManager().GetFilterFromForeignKey({
                                    		foreignKey: foreignKey,
                                    		value: value,
                                    		reference: reference
                                    	});
                                    	var databaseThing = getDatabaseThing();
                                    	var records = databaseThing.Query({
                                    		filter: filter,
                                    		offset: 0,
                                    		limit: 0,
                                    		dataShapeName: dataShapeName
                                    	});
                                    	return records;
                                    }
                                    
                                    function getDatabaseManager() {
                                    	return Things["PTC.SCA.SCO.DatabaseManager"];
                                    }
                                    
                                    function getDatabaseThing() {
                                    	if (!dbThing) {
                                    		dbThing = Things[me.GetDatabaseThingName()];
                                    	}
                                    	return dbThing;
                                    }
                                    
                                    function getInfoTable(dataShapeName, row, type, fieldName) {
                                    	if (type === "UPDATE") {
                                    		return getInfoTableForUpdate(dataShapeName, row, fieldName);
                                    	}
                                    	var valueRow = row.clone();
                                    	var infoTable = valueRow.toInfoTable();
                                    	return infoTable;
                                    }
                                    
                                    function getInfoTableForUpdate(dataShapeName, row, fieldName) {
                                    	var params = {
                                    		infoTableName: "InfoTable",
                                    		dataShapeName: dataShapeName
                                    	};
                                    	var infoTable = Resources["InfoTableFunctions"].CreateInfoTableFromDataShape(params);
                                    
                                    	var valueRow = {};
                                    	var primaryKey = getPrimaryKey(dataShapeName);
                                    	valueRow[primaryKey] = row[primaryKey];
                                    
                                    	var fields = new Object();
                                    	fields.name = "__Fields";
                                    	fields.baseType = "JSON";
                                    
                                    	var value = {
                                    		fields: [{
                                    			name: fieldName,
                                    			isNull: true
                                    		}]
                                    	};
                                    	valueRow[fields.name] = value;
                                    
                                    	infoTable.AddField(fields);
                                    	infoTable.AddRow(valueRow);
                                    	return infoTable;
                                    }
                                    
                                    function getEntityUID(dataShapeName, entity) {
                                    	var primaryKey = getPrimaryKey(dataShapeName);
                                    	if (entity) {
                                    		return entity[primaryKey];
                                    	}
                                    	return undefined;
                                    }
                                    
                                    function getPrimaryKey(dataShapeName) {
                                    	if (primaryKeys[dataShapeName]) {
                                    		return primaryKeys[dataShapeName];
                                    	}
                                    	var databaseThing = getDatabaseThing();
                                    	primaryKeys[dataShapeName] = databaseThing.GetPrimaryKey({
                                    		dataShapeName: row.dataShapeName
                                    	});
                                    	return primaryKeys[dataShapeName];
                                    }
                                    
                                    function getEntity(dataShapeName, uid) {
                                    	var databaseThing = getDatabaseThing();
                                    	var entity = databaseThing.GetEntity({
                                    		UID: row.UID,
                                    		dataShapeName: row.dataShapeName
                                    	});
                                    	if (entity.rows.length == 1) {
                                    		return entity.rows[0];
                                    	}
                                    	return undefined;
                                    }
                                    
                                    function getDataShapeName(dataShapeName) {
                                    	if (dataShapeNames[dataShapeName]) {
                                    		return dataShapeNames[dataShapeName];
                                    	}
                                    	var databaseThing = getDatabaseThing();
                                    	dataShapeNames[dataShapeName] = databaseThing.GetDataShapeName({
                                    		dataShapeName: dataShapeName
                                    	});
                                    	return dataShapeNames[dataShapeName];
                                    }
                                    ]]>
                                    </code>
                                </Row>
                            </Rows>
                        </ConfigurationTable>
                    </ConfigurationTables>
                </ServiceImplementation>
                <ServiceImplementation
                 description=""
                 handlerName="Script"
                 name="Create">
                    <ConfigurationTables>
                        <ConfigurationTable
                         dataShapeName=""
                         description=""
                         isMultiRow="false"
                         name="Script"
                         ordinal="0">
                            <DataShape>
                                <FieldDefinitions>
                                    <FieldDefinition
                                     baseType="STRING"
                                     description="code"
                                     name="code"
                                     ordinal="0"></FieldDefinition>
                                </FieldDefinitions>
                            </DataShape>
                            <Rows>
                                <Row>
                                    <code>
                                    <![CDATA[
                                    var result = Things[me.GetDatabaseThingName()].Insert({
                                    	infoTable: infoTable,
                                    	dataShapeName: dataShapeName
                                    });
                                    ]]>
                                    </code>
                                </Row>
                            </Rows>
                        </ConfigurationTable>
                    </ConfigurationTables>
                </ServiceImplementation>
                <ServiceImplementation
                 description=""
                 handlerName="Script"
                 name="CreateTables">
                    <ConfigurationTables>
                        <ConfigurationTable
                         dataShapeName=""
                         description=""
                         isMultiRow="false"
                         name="Script"
                         ordinal="0">
                            <DataShape>
                                <FieldDefinitions>
                                    <FieldDefinition
                                     baseType="STRING"
                                     description="code"
                                     name="code"
                                     ordinal="0"></FieldDefinition>
                                </FieldDefinitions>
                            </DataShape>
                            <Rows>
                                <Row>
                                    <code>
                                    <![CDATA[
                                    var dbInfo = me.GetDBInfo();
                                    var dbThingName = me.GetDatabaseThingName();
                                    var dbThing = Things[dbThingName];
                                    dbThing.CreateTables({'dbInfo':dbInfo});
                                    me.InitData();
                                    ]]>
                                    </code>
                                </Row>
                            </Rows>
                        </ConfigurationTable>
                    </ConfigurationTables>
                </ServiceImplementation>
                <ServiceImplementation
                 description=""
                 handlerName="Script"
                 name="Delete">
                    <ConfigurationTables>
                        <ConfigurationTable
                         dataShapeName=""
                         description=""
                         isMultiRow="false"
                         name="Script"
                         ordinal="0">
                            <DataShape>
                                <FieldDefinitions>
                                    <FieldDefinition
                                     baseType="STRING"
                                     description="code"
                                     name="code"
                                     ordinal="0"></FieldDefinition>
                                </FieldDefinitions>
                            </DataShape>
                            <Rows>
                                <Row>
                                    <code>
                                    <![CDATA[
                                    var result = Things[me.GetDatabaseThingName()].Delete({
                                    	UID: UID,
                                    	dataShapeName: dataShapeName
                                    });
                                    ]]>
                                    </code>
                                </Row>
                            </Rows>
                        </ConfigurationTable>
                    </ConfigurationTables>
                </ServiceImplementation>
                <ServiceImplementation
                 description=""
                 handlerName="Script"
                 name="GetCacheDBInfo">
                    <ConfigurationTables>
                        <ConfigurationTable
                         dataShapeName=""
                         description=""
                         isMultiRow="false"
                         name="Script"
                         ordinal="0">
                            <DataShape>
                                <FieldDefinitions>
                                    <FieldDefinition
                                     baseType="STRING"
                                     description="code"
                                     name="code"
                                     ordinal="0"></FieldDefinition>
                                </FieldDefinitions>
                            </DataShape>
                            <Rows>
                                <Row>
                                    <code>
                                    <![CDATA[
                                    if (isNullOrEmpty(me.dbInfo)) {
                                    	me.dbInfo = me.GetDBInfo();
                                    }
                                    var result = me.dbInfo;
                                    
                                    function isNull(obj) {
                                    	return obj === undefined || obj === null;
                                    }
                                    
                                    function isNullOrEmpty(obj) {
                                    	if (isNull(obj)) {
                                    		return true;
                                    	}
                                    	if (typeof(obj) === 'string') {
                                    		return 0 === obj.length;
                                    	}
                                    	if (typeof(obj) === 'object') {
                                    		if (typeof(obj.length) !== 'undefined') {
                                    			// obj is an Array
                                    			return 0 === obj.length;
                                    		}
                                    		if (obj['getClass'] !== undefined && obj['hashCode'] !== undefined && obj['equals'] !== undefined) {
                                    			// obj is a Java null object
                                    			return obj['equals'](null);
                                    		} else {
                                    			// obj is a JSON object, possibly empty
                                    			for (var prop in obj) {
                                    				return false;
                                    			}
                                    			return true; // obj === {}
                                    		}
                                    	}
                                    	return false;
                                    }
                                    ]]>
                                    </code>
                                </Row>
                            </Rows>
                        </ConfigurationTable>
                    </ConfigurationTables>
                </ServiceImplementation>
                <ServiceImplementation
                 description=""
                 handlerName="Script"
                 name="GetDatabaseThingName">
                    <ConfigurationTables>
                        <ConfigurationTable
                         dataShapeName=""
                         description=""
                         isMultiRow="false"
                         name="Script"
                         ordinal="0">
                            <DataShape>
                                <FieldDefinitions>
                                    <FieldDefinition
                                     baseType="STRING"
                                     description="code"
                                     name="code"
                                     ordinal="0"></FieldDefinition>
                                </FieldDefinitions>
                            </DataShape>
                            <Rows>
                                <Row>
                                    <code>
                                    <![CDATA[
                                    var result = Things[me.GetDBConfigurationThingName()].GetDatabaseThingName();
                                    ]]>
                                    </code>
                                </Row>
                            </Rows>
                        </ConfigurationTable>
                    </ConfigurationTables>
                </ServiceImplementation>
                <ServiceImplementation
                 description=""
                 handlerName="Script"
                 name="GetDBConfigurationThingName">
                    <ConfigurationTables>
                        <ConfigurationTable
                         dataShapeName=""
                         description=""
                         isMultiRow="false"
                         name="Script"
                         ordinal="0">
                            <DataShape>
                                <FieldDefinitions>
                                    <FieldDefinition
                                     baseType="STRING"
                                     description="code"
                                     name="code"
                                     ordinal="0"></FieldDefinition>
                                </FieldDefinitions>
                            </DataShape>
                            <Rows>
                                <Row>
                                    <code>
                                    <![CDATA[
                                    var result = Things["PTC.Factory.LaunchPointConfigurationThing"].GetLaunchPointConfigurationName();
                                    ]]>
                                    </code>
                                </Row>
                            </Rows>
                        </ConfigurationTable>
                    </ConfigurationTables>
                </ServiceImplementation>
                <ServiceImplementation
                 description=""
                 handlerName="Script"
                 name="GetDBInfo">
                    <ConfigurationTables>
                        <ConfigurationTable
                         dataShapeName=""
                         description=""
                         isMultiRow="false"
                         name="Script"
                         ordinal="0">
                            <DataShape>
                                <FieldDefinitions>
                                    <FieldDefinition
                                     baseType="STRING"
                                     description="code"
                                     name="code"
                                     ordinal="0"></FieldDefinition>
                                </FieldDefinitions>
                            </DataShape>
                            <Rows>
                                <Row>
                                    <code>
                                    <![CDATA[
                                    result={};
                                    ]]>
                                    </code>
                                </Row>
                            </Rows>
                        </ConfigurationTable>
                    </ConfigurationTables>
                </ServiceImplementation>
                <ServiceImplementation
                 description=""
                 handlerName="Script"
                 name="GetEntity">
                    <ConfigurationTables>
                        <ConfigurationTable
                         dataShapeName=""
                         description=""
                         isMultiRow="false"
                         name="Script"
                         ordinal="0">
                            <DataShape>
                                <FieldDefinitions>
                                    <FieldDefinition
                                     baseType="STRING"
                                     description="code"
                                     name="code"
                                     ordinal="0"></FieldDefinition>
                                </FieldDefinitions>
                            </DataShape>
                            <Rows>
                                <Row>
                                    <code>
                                    <![CDATA[
                                    var result = Things[me.GetDatabaseThingName()].GetEntity({
                                    	UID: UID,
                                    	dataShapeName: dataShapeName
                                    });
                                    ]]>
                                    </code>
                                </Row>
                            </Rows>
                        </ConfigurationTable>
                    </ConfigurationTables>
                </ServiceImplementation>
                <ServiceImplementation
                 description=""
                 handlerName="Script"
                 name="InitData">
                    <ConfigurationTables>
                        <ConfigurationTable
                         dataShapeName=""
                         description=""
                         isMultiRow="false"
                         name="Script"
                         ordinal="0">
                            <DataShape>
                                <FieldDefinitions>
                                    <FieldDefinition
                                     baseType="STRING"
                                     description="code"
                                     name="code"
                                     ordinal="0"></FieldDefinition>
                                </FieldDefinitions>
                            </DataShape>
                            <Rows>
                                <Row>
                                    <code></code>
                                </Row>
                            </Rows>
                        </ConfigurationTable>
                    </ConfigurationTables>
                </ServiceImplementation>
                <ServiceImplementation
                 description=""
                 handlerName="Script"
                 name="Query">
                    <ConfigurationTables>
                        <ConfigurationTable
                         dataShapeName=""
                         description=""
                         isMultiRow="false"
                         name="Script"
                         ordinal="0">
                            <DataShape>
                                <FieldDefinitions>
                                    <FieldDefinition
                                     baseType="STRING"
                                     description="code"
                                     name="code"
                                     ordinal="0"></FieldDefinition>
                                </FieldDefinitions>
                            </DataShape>
                            <Rows>
                                <Row>
                                    <code>
                                    <![CDATA[
                                    var result = Things[me.GetDatabaseThingName()].Query({
                                    	    filter: filter,
                                        	dataShapeName: dataShapeName,
                                        	offset: offset,
                                        	limit: limit
                                    	});
                                    ]]>
                                    </code>
                                </Row>
                            </Rows>
                        </ConfigurationTable>
                    </ConfigurationTables>
                </ServiceImplementation>
                <ServiceImplementation
                 description=""
                 handlerName="Script"
                 name="Update">
                    <ConfigurationTables>
                        <ConfigurationTable
                         dataShapeName=""
                         description=""
                         isMultiRow="false"
                         name="Script"
                         ordinal="0">
                            <DataShape>
                                <FieldDefinitions>
                                    <FieldDefinition
                                     baseType="STRING"
                                     description="code"
                                     name="code"
                                     ordinal="0"></FieldDefinition>
                                </FieldDefinitions>
                            </DataShape>
                            <Rows>
                                <Row>
                                    <code>
                                    <![CDATA[
                                    var result = Things[me.GetDatabaseThingName()].Update({
                                    	infoTable: infoTable,
                                    	dataShapeName: dataShapeName
                                    });
                                    ]]>
                                    </code>
                                </Row>
                            </Rows>
                        </ConfigurationTable>
                    </ConfigurationTables>
                </ServiceImplementation>
            </ServiceImplementations>
            <Subscriptions></Subscriptions>
            <avatar></avatar>
            <DesignTimePermissions>
                <Create></Create>
                <Read></Read>
                <Update></Update>
                <Delete></Delete>
                <Metadata></Metadata>
            </DesignTimePermissions>
            <RunTimePermissions></RunTimePermissions>
            <VisibilityPermissions>
                <Visibility></Visibility>
            </VisibilityPermissions>
            <ConfigurationTableDefinitions></ConfigurationTableDefinitions>
            <ConfigurationTables></ConfigurationTables>
            <PropertyBindings></PropertyBindings>
            <RemotePropertyBindings></RemotePropertyBindings>
            <RemoteServiceBindings></RemoteServiceBindings>
            <RemoteEventBindings></RemoteEventBindings>
            <AlertConfigurations>
                <AlertDefinitions
                 name="dbInfo"></AlertDefinitions>
            </AlertConfigurations>
            <InstanceRunTimePermissions></InstanceRunTimePermissions>
        </ThingShape>
    </ThingShapes>
</Entities>
