<?xml version="1.0" encoding="UTF-8"?>
<Entities
 build="b9114"
 majorVersion="0"
 minorVersion="0"
 modelPersistenceProviderPackage="PostgresPersistenceProviderPackage"
 revision="0"
 schemaVersion="1100"
 universal="password">
    <ThingShapes>
        <ThingShape
         aspect.isEditableExtensionObject="false"
         aspect.isExtension="true"
         className=""
         description="Thing Shape that holds all the necessary properties and services for manipulating database information {PTC.SCA.SCO.DatabaseManagerThingShape}"
         documentationContent=""
         homeMashup=""
         lastModifiedDate="2020-04-22T10:08:02.580-04:00"
         name="PTC.SCA.SCO.DatabaseManagerThingShape"
         projectName="PTC.SCA.SCO.DataConnection"
         tags="PTC:sca-sco;PTC:ThingShape;PTC:sca-sco-dataconnection">
            <PropertyDefinitions>
                <PropertyDefinition
                 aspect.cacheTime="0.0"
                 aspect.dataChangeType="VALUE"
                 baseType="JSON"
                 category=""
                 description=""
                 isLocalOnly="false"
                 name="datashapeManagerMappingInfo"
                 ordinal="3"></PropertyDefinition>
                <PropertyDefinition
                 aspect.cacheTime="0.0"
                 aspect.dataChangeType="VALUE"
                 baseType="JSON"
                 category=""
                 description=""
                 isLocalOnly="false"
                 name="dbInfo"
                 ordinal="2"></PropertyDefinition>
            </PropertyDefinitions>
            <ServiceDefinitions>
                <ServiceDefinition
                 aspect.isAsync="false"
                 category=""
                 description=""
                 isAllowOverride="true"
                 isLocalOnly="false"
                 isOpen="false"
                 isPrivate="false"
                 name="CreateTables">
                    <ResultType
                     baseType="NOTHING"
                     description=""
                     name="result"
                     ordinal="0"></ResultType>
                    <ParameterDefinitions></ParameterDefinitions>
                </ServiceDefinition>
                <ServiceDefinition
                 aspect.isAsync="false"
                 category=""
                 description="returns data shapes and linked foreign key's field that break data integrity"
                 isAllowOverride="true"
                 isLocalOnly="false"
                 isOpen="false"
                 isPrivate="false"
                 name="ForeignKeyDataIntegrityReport">
                    <ResultType
                     aspect.dataShape="PTC.SCA.SCO.ForeignKeyReport"
                     baseType="INFOTABLE"
                     description="The result of foreign key report"
                     name="result"
                     ordinal="0"></ResultType>
                    <ParameterDefinitions></ParameterDefinitions>
                </ServiceDefinition>
                <ServiceDefinition
                 aspect.isAsync="false"
                 category=""
                 description="Return database thing name."
                 isAllowOverride="true"
                 isLocalOnly="false"
                 isOpen="false"
                 isPrivate="false"
                 name="GetDatabaseThing">
                    <ResultType
                     baseType="STRING"
                     description=""
                     name="result"
                     ordinal="0"></ResultType>
                    <ParameterDefinitions></ParameterDefinitions>
                </ServiceDefinition>
                <ServiceDefinition
                 aspect.isAsync="false"
                 category=""
                 description="Return json database information for the dataShape."
                 isAllowOverride="true"
                 isLocalOnly="false"
                 isOpen="false"
                 isPrivate="false"
                 name="GetDataShapeDBInfo">
                    <ResultType
                     baseType="JSON"
                     description=""
                     name="result"
                     ordinal="0"></ResultType>
                    <ParameterDefinitions>
                        <FieldDefinition
                         baseType="DATASHAPENAME"
                         description="The data shape name"
                         name="dataShapeName"
                         ordinal="1"></FieldDefinition>
                    </ParameterDefinitions>
                </ServiceDefinition>
                <ServiceDefinition
                 aspect.isAsync="false"
                 category=""
                 description="Get foreign keys define for that data shape."
                 isAllowOverride="true"
                 isLocalOnly="false"
                 isOpen="false"
                 isPrivate="false"
                 name="GetDataShapeForeignKeys">
                    <ResultType
                     baseType="JSON"
                     description=""
                     name="result"
                     ordinal="0"></ResultType>
                    <ParameterDefinitions>
                        <FieldDefinition
                         baseType="DATASHAPENAME"
                         description=""
                         name="dataShapeName"
                         ordinal="1"></FieldDefinition>
                    </ParameterDefinitions>
                </ServiceDefinition>
                <ServiceDefinition
                 aspect.isAsync="false"
                 category=""
                 description="Returns name of the manager which supports given datashape"
                 isAllowOverride="true"
                 isLocalOnly="false"
                 isOpen="false"
                 isPrivate="false"
                 name="GetDataShapeManager">
                    <ResultType
                     baseType="STRING"
                     description=""
                     name="result"
                     ordinal="0"></ResultType>
                    <ParameterDefinitions>
                        <FieldDefinition
                         baseType="STRING"
                         description=""
                         name="datashapeName"
                         ordinal="1"></FieldDefinition>
                        <FieldDefinition
                         aspect.defaultValue="true"
                         baseType="BOOLEAN"
                         description=""
                         name="force"
                         ordinal="2"></FieldDefinition>
                    </ParameterDefinitions>
                </ServiceDefinition>
                <ServiceDefinition
                 aspect.isAsync="false"
                 category=""
                 description="Get query information to use for finding data integrity for the specified data shape."
                 isAllowOverride="true"
                 isLocalOnly="false"
                 isOpen="false"
                 isPrivate="false"
                 name="GetDataShapeQueriesInfo">
                    <ResultType
                     baseType="JSON"
                     description=""
                     name="result"
                     ordinal="0"></ResultType>
                    <ParameterDefinitions>
                        <FieldDefinition
                         baseType="DATASHAPENAME"
                         description="the data shape name"
                         name="dataShapeName"
                         ordinal="1"></FieldDefinition>
                    </ParameterDefinitions>
                </ServiceDefinition>
                <ServiceDefinition
                 aspect.isAsync="false"
                 category=""
                 description="Get all the foreign keys that reference this data shape."
                 isAllowOverride="true"
                 isLocalOnly="false"
                 isOpen="false"
                 isPrivate="false"
                 name="GetDataShapeReferencingForeignKeys">
                    <ResultType
                     baseType="JSON"
                     description=""
                     name="result"
                     ordinal="0"></ResultType>
                    <ParameterDefinitions>
                        <FieldDefinition
                         baseType="DATASHAPENAME"
                         description=""
                         name="dataShapeName"
                         ordinal="1"></FieldDefinition>
                    </ParameterDefinitions>
                </ServiceDefinition>
                <ServiceDefinition
                 aspect.isAsync="false"
                 category=""
                 description="Get the SQL query to find bad data with the data shape and the specified foreign key's field"
                 isAllowOverride="true"
                 isLocalOnly="false"
                 isOpen="false"
                 isPrivate="false"
                 name="GetDataShapeSqlQuery">
                    <ResultType
                     baseType="STRING"
                     description=""
                     name="result"
                     ordinal="0"></ResultType>
                    <ParameterDefinitions>
                        <FieldDefinition
                         baseType="DATASHAPENAME"
                         description="The data shape name"
                         name="dataShapeName"
                         ordinal="1"></FieldDefinition>
                        <FieldDefinition
                         baseType="STRING"
                         description="The reference field name"
                         name="fieldName"
                         ordinal="2"></FieldDefinition>
                    </ParameterDefinitions>
                </ServiceDefinition>
                <ServiceDefinition
                 aspect.isAsync="false"
                 category=""
                 description="Return json database information for all the managers."
                 isAllowOverride="true"
                 isLocalOnly="false"
                 isOpen="false"
                 isPrivate="false"
                 name="GetDBInfo">
                    <ResultType
                     baseType="JSON"
                     description=""
                     name="result"
                     ordinal="0"></ResultType>
                    <ParameterDefinitions>
                        <FieldDefinition
                         aspect.defaultValue="true"
                         baseType="BOOLEAN"
                         description=""
                         name="force"
                         ordinal="1"></FieldDefinition>
                    </ParameterDefinitions>
                </ServiceDefinition>
                <ServiceDefinition
                 aspect.isAsync="false"
                 category=""
                 description="Return rows that break data integrity for the data shape and the specified field foreign key, to a maximum of 500."
                 isAllowOverride="true"
                 isLocalOnly="false"
                 isOpen="false"
                 isPrivate="false"
                 name="GetFailedDataForForeignKey">
                    <ResultType
                     baseType="INFOTABLE"
                     description=""
                     name="result"
                     ordinal="0"></ResultType>
                    <ParameterDefinitions>
                        <FieldDefinition
                         baseType="DATASHAPENAME"
                         description="The data shape name"
                         name="dataShapeName"
                         ordinal="1"></FieldDefinition>
                        <FieldDefinition
                         baseType="STRING"
                         description="The reference field name"
                         name="fieldName"
                         ordinal="2"></FieldDefinition>
                    </ParameterDefinitions>
                </ServiceDefinition>
                <ServiceDefinition
                 aspect.isAsync="false"
                 category=""
                 description="Return a json filter build from the foreign key parameter information."
                 isAllowOverride="true"
                 isLocalOnly="false"
                 isOpen="false"
                 isPrivate="false"
                 name="GetFilterFromForeignKey">
                    <ResultType
                     baseType="JSON"
                     description=""
                     name="result"
                     ordinal="0"></ResultType>
                    <ParameterDefinitions>
                        <FieldDefinition
                         aspect.isRequired="true"
                         baseType="JSON"
                         description=""
                         name="foreignKey"
                         ordinal="1"></FieldDefinition>
                        <FieldDefinition
                         aspect.isRequired="true"
                         baseType="BOOLEAN"
                         description=""
                         name="reference"
                         ordinal="3"></FieldDefinition>
                        <FieldDefinition
                         aspect.isRequired="true"
                         baseType="STRING"
                         description=""
                         name="value"
                         ordinal="2"></FieldDefinition>
                    </ParameterDefinitions>
                </ServiceDefinition>
                <ServiceDefinition
                 aspect.isAsync="false"
                 category=""
                 description="Return foreign keys define in all the manager database information."
                 isAllowOverride="true"
                 isLocalOnly="false"
                 isOpen="false"
                 isPrivate="false"
                 name="GetForeignKeys">
                    <ResultType
                     baseType="JSON"
                     description=""
                     name="result"
                     ordinal="0"></ResultType>
                    <ParameterDefinitions></ParameterDefinitions>
                </ServiceDefinition>
                <ServiceDefinition
                 aspect.isAsync="false"
                 category=""
                 description="Return launch point configuration name."
                 isAllowOverride="true"
                 isLocalOnly="false"
                 isOpen="false"
                 isPrivate="false"
                 name="GetLaunchPointConfiguration">
                    <ResultType
                     baseType="STRING"
                     description=""
                     name="result"
                     ordinal="0"></ResultType>
                    <ParameterDefinitions></ParameterDefinitions>
                </ServiceDefinition>
                <ServiceDefinition
                 aspect.isAsync="false"
                 category=""
                 description="Returns list of datashapes which are supported by given manager"
                 isAllowOverride="true"
                 isLocalOnly="false"
                 isOpen="false"
                 isPrivate="false"
                 name="GetManagerSupportedDataShapes">
                    <ResultType
                     baseType="JSON"
                     description=""
                     name="result"
                     ordinal="0"></ResultType>
                    <ParameterDefinitions>
                        <FieldDefinition
                         baseType="STRING"
                         description=""
                         name="managerName"
                         ordinal="1"></FieldDefinition>
                    </ParameterDefinitions>
                </ServiceDefinition>
                <ServiceDefinition
                 aspect.isAsync="false"
                 category=""
                 description="Return the list of manager thing names."
                 isAllowOverride="true"
                 isLocalOnly="false"
                 isOpen="false"
                 isPrivate="false"
                 name="GetManagerThingNames">
                    <ResultType
                     baseType="JSON"
                     description="Gives the list of manager thing names"
                     name="result"
                     ordinal="0"></ResultType>
                    <ParameterDefinitions></ParameterDefinitions>
                </ServiceDefinition>
                <ServiceDefinition
                 aspect.isAsync="false"
                 category=""
                 description="Return an ordered data shape list using the foreign key dependency."
                 isAllowOverride="true"
                 isLocalOnly="false"
                 isOpen="false"
                 isPrivate="false"
                 name="GetOrderedDatashapeList">
                    <ResultType
                     baseType="JSON"
                     description=""
                     name="result"
                     ordinal="0"></ResultType>
                    <ParameterDefinitions></ParameterDefinitions>
                </ServiceDefinition>
                <ServiceDefinition
                 aspect.isAsync="false"
                 category=""
                 description="Get query information for the data shape and the foreign key's field name to find bad data."
                 isAllowOverride="true"
                 isLocalOnly="false"
                 isOpen="false"
                 isPrivate="false"
                 name="GetQueryInfoForDataShapeAndField">
                    <ResultType
                     baseType="JSON"
                     description=""
                     name="result"
                     ordinal="0"></ResultType>
                    <ParameterDefinitions>
                        <FieldDefinition
                         baseType="DATASHAPENAME"
                         description="The data shape name"
                         name="dataShapeName"
                         ordinal="1"></FieldDefinition>
                        <FieldDefinition
                         baseType="STRING"
                         description="The reference field name"
                         name="fieldName"
                         ordinal="2"></FieldDefinition>
                    </ParameterDefinitions>
                </ServiceDefinition>
                <ServiceDefinition
                 aspect.isAsync="false"
                 category=""
                 description="Return the referencing foreign keys for each supported data shape in the data base."
                 isAllowOverride="true"
                 isLocalOnly="false"
                 isOpen="false"
                 isPrivate="false"
                 name="GetReferencingForeignKeys">
                    <ResultType
                     baseType="JSON"
                     description=""
                     name="result"
                     ordinal="0"></ResultType>
                    <ParameterDefinitions></ParameterDefinitions>
                </ServiceDefinition>
                <ServiceDefinition
                 aspect.isAsync="false"
                 category=""
                 description="Update the data base using the specified DB info, this will not remove anything from the data base only add missing tables, columns, indexes and foreign keys."
                 isAllowOverride="true"
                 isLocalOnly="false"
                 isOpen="false"
                 isPrivate="false"
                 name="UpdateDBSchema">
                    <ResultType
                     aspect.dataShape="PTC.SCA.SCO.DatabaseSchemaValidation"
                     baseType="INFOTABLE"
                     description=""
                     name="result"
                     ordinal="0"></ResultType>
                    <ParameterDefinitions></ParameterDefinitions>
                </ServiceDefinition>
                <ServiceDefinition
                 aspect.isAsync="false"
                 category=""
                 description="This service return if there is existing tables, columns, indexes and foreign keys in the data base that the definition is not the same as in the DB Info."
                 isAllowOverride="true"
                 isLocalOnly="false"
                 isOpen="false"
                 isPrivate="false"
                 name="ValidateDBSchema">
                    <ResultType
                     aspect.dataShape="PTC.SCA.SCO.DatabaseSchemaValidation"
                     baseType="INFOTABLE"
                     description=""
                     name="result"
                     ordinal="0"></ResultType>
                    <ParameterDefinitions></ParameterDefinitions>
                </ServiceDefinition>
            </ServiceDefinitions>
            <EventDefinitions></EventDefinitions>
            <ServiceMappings></ServiceMappings>
            <ServiceImplementations>
                <ServiceImplementation
                 description=""
                 handlerName="Script"
                 name="CreateTables">
                    <ConfigurationTables>
                        <ConfigurationTable
                         dataShapeName=""
                         description=""
                         isMultiRow="false"
                         name="Script"
                         ordinal="0">
                            <DataShape>
                                <FieldDefinitions>
                                    <FieldDefinition
                                     baseType="STRING"
                                     description="code"
                                     name="code"
                                     ordinal="0"></FieldDefinition>
                                </FieldDefinitions>
                            </DataShape>
                            <Rows>
                                <Row>
                                    <code>
                                    <![CDATA[
                                    me.UpdateDBSchema();
                                    
                                    var managers =  me.GetManagerThingNames()["array"];
                                    for (i = 0; i < managers.length; i++ ) {
                                       Things[managers[i]].InitData();
                                    }
                                    ]]>
                                    </code>
                                </Row>
                            </Rows>
                        </ConfigurationTable>
                    </ConfigurationTables>
                </ServiceImplementation>
                <ServiceImplementation
                 description=""
                 handlerName="Script"
                 name="ForeignKeyDataIntegrityReport">
                    <ConfigurationTables>
                        <ConfigurationTable
                         dataShapeName=""
                         description=""
                         isMultiRow="false"
                         name="Script"
                         ordinal="0">
                            <DataShape>
                                <FieldDefinitions>
                                    <FieldDefinition
                                     baseType="STRING"
                                     description="code"
                                     name="code"
                                     ordinal="0"></FieldDefinition>
                                </FieldDefinitions>
                            </DataShape>
                            <Rows>
                                <Row>
                                    <code>
                                    <![CDATA[
                                    var databaseThing = Things[me.GetDatabaseThing()];
                                    var databaseInfo = me.GetDBInfo();
                                    var processedDataShapeNames = [];
                                    
                                    var invalidDataInfoTable = Resources["InfoTableFunctions"].CreateInfoTableFromDataShape({
                                    	infoTableName: "InfoTable",
                                    	dataShapeName: "PTC.SCA.SCO.ForeignKeyReport"
                                    });
                                    
                                    for (var dbInfoIndex = 0; dbInfoIndex < databaseInfo.dbInfo.length; dbInfoIndex++) {
                                    	var dataShapeDbInfo = databaseInfo.dbInfo[dbInfoIndex];
                                    	if (dataShapeDbInfo.dataShapeName) {
                                    		var dataShapeName = databaseThing.GetDataShapeName({
                                    			dataShapeName: dataShapeDbInfo.dataShapeName
                                    		});
                                    		if (Boolean(processedDataShapeNames.find((e) => e === dataShapeName))) {
                                    			continue;
                                    		}
                                    		processedDataShapeNames.push(dataShapeName);
                                    		var dataShapeQueryInfo = me.GetDataShapeQueriesInfo({
                                    			dataShapeName: dataShapeName
                                    		});
                                    		if (dataShapeQueryInfo.queries) {
                                    			var dataShapeQueries = dataShapeQueryInfo.queries;
                                    			for (var queryIndex = 0; queryIndex < dataShapeQueries.length; queryIndex++) {
                                    				var dataShapeQuery = dataShapeQueries[queryIndex];
                                    				var filter = dataShapeQuery.filter;
                                    				var query = databaseThing.Query({
                                    					dataShapeName: dataShapeName,
                                    					filter: filter,
                                    					limit: 1
                                    				});
                                    
                                    				if (query.getRowCount() > 0) {
                                    					var foreignKeyFieldName = dataShapeQuery.foreignKey.name;
                                    					invalidDataInfoTable.AddRow({
                                    						DataShapeName: dataShapeName,
                                    						FieldName: foreignKeyFieldName
                                    					});
                                    				}
                                    			}
                                    		}
                                    	}
                                    }
                                    
                                    var result = invalidDataInfoTable;
                                    ]]>
                                    </code>
                                </Row>
                            </Rows>
                        </ConfigurationTable>
                    </ConfigurationTables>
                </ServiceImplementation>
                <ServiceImplementation
                 description=""
                 handlerName="Script"
                 name="GetDatabaseThing">
                    <ConfigurationTables>
                        <ConfigurationTable
                         dataShapeName=""
                         description=""
                         isMultiRow="false"
                         name="Script"
                         ordinal="0">
                            <DataShape>
                                <FieldDefinitions>
                                    <FieldDefinition
                                     baseType="STRING"
                                     description="code"
                                     name="code"
                                     ordinal="0"></FieldDefinition>
                                </FieldDefinitions>
                            </DataShape>
                            <Rows>
                                <Row>
                                    <code>
                                    <![CDATA[
                                    var result = Things[me.GetLaunchPointConfiguration()].GetDatabaseThingName();
                                    ]]>
                                    </code>
                                </Row>
                            </Rows>
                        </ConfigurationTable>
                    </ConfigurationTables>
                </ServiceImplementation>
                <ServiceImplementation
                 description=""
                 handlerName="Script"
                 name="GetDataShapeDBInfo">
                    <ConfigurationTables>
                        <ConfigurationTable
                         dataShapeName=""
                         description=""
                         isMultiRow="false"
                         name="Script"
                         ordinal="0">
                            <DataShape>
                                <FieldDefinitions>
                                    <FieldDefinition
                                     baseType="STRING"
                                     description="code"
                                     name="code"
                                     ordinal="0"></FieldDefinition>
                                </FieldDefinitions>
                            </DataShape>
                            <Rows>
                                <Row>
                                    <code>
                                    <![CDATA[
                                    var dataShape = DataShapes[dataShapeName];
                                    if(!dataShape) {
                                        throw "Data shape: "+ dataShapeName+ " not found.";
                                    }
                                    var dbInfo = me.GetDBInfo();
                                    var innerDbInfo = dbInfo["dbInfo"];
                                    var dataShapeDbInfo = innerDbInfo.find(item => item.dataShapeName.equals(dataShapeName));
                                    if (!dataShapeDbInfo) {
                                    	throw "The data shape " + dataShapeName + " is not supported";
                                    }
                                    var result = dataShapeDbInfo;
                                    ]]>
                                    </code>
                                </Row>
                            </Rows>
                        </ConfigurationTable>
                    </ConfigurationTables>
                </ServiceImplementation>
                <ServiceImplementation
                 description=""
                 handlerName="Script"
                 name="GetDataShapeForeignKeys">
                    <ConfigurationTables>
                        <ConfigurationTable
                         dataShapeName=""
                         description=""
                         isMultiRow="false"
                         name="Script"
                         ordinal="0">
                            <DataShape>
                                <FieldDefinitions>
                                    <FieldDefinition
                                     baseType="STRING"
                                     description="code"
                                     name="code"
                                     ordinal="0"></FieldDefinition>
                                </FieldDefinitions>
                            </DataShape>
                            <Rows>
                                <Row>
                                    <code>
                                    <![CDATA[
                                    var foreignKeys = me.GetForeignKeys();
                                    var result = {};
                                    result[dataShapeName] = foreignKeys[dataShapeName];
                                    ]]>
                                    </code>
                                </Row>
                            </Rows>
                        </ConfigurationTable>
                    </ConfigurationTables>
                </ServiceImplementation>
                <ServiceImplementation
                 description=""
                 handlerName="Script"
                 name="GetDataShapeManager">
                    <ConfigurationTables>
                        <ConfigurationTable
                         dataShapeName=""
                         description=""
                         isMultiRow="false"
                         name="Script"
                         ordinal="0">
                            <DataShape>
                                <FieldDefinitions>
                                    <FieldDefinition
                                     baseType="STRING"
                                     description="code"
                                     name="code"
                                     ordinal="0"></FieldDefinition>
                                </FieldDefinitions>
                            </DataShape>
                            <Rows>
                                <Row>
                                    <code>
                                    <![CDATA[
                                    if (isNullOrEmpty(me.datashapeManagerMappingInfo) || force) {
                                    	me.datashapeManagerMappingInfo = getDatashapeToManagerMapping();
                                    }
                                    
                                    /** Check cached datashapeManagerMappingInfo to get manager for given datashape,
                                    if datashape not available there, get the curated list by calling
                                    getDatashapeToManagerMapping and update the cache if manager found for given datashape
                                    **/
                                    var result = "";
                                    if (me.datashapeManagerMappingInfo[datashapeName]) {
                                    	result = me.datashapeManagerMappingInfo[datashapeName];
                                    } else {
                                    	var datashapeToManagerMapping = getDatashapeToManagerMapping();
                                    	if (datashapeToManagerMapping[datashapeName]) {
                                    		result = datashapeToManagerMapping[datashapeName];
                                    		me.datashapeManagerMappingInfo = datashapeToManagerMapping;
                                    	}
                                    }
                                    /**
                                    This method should return json with datashape to manager mapping
                                    {"datashapeName1" : ["managerName1"],
                                    "datashapeName2" : ["managerName2"]
                                    "datashapeName3" : ["managerName1]
                                    }
                                    **/
                                    function getDatashapeToManagerMapping() {
                                    	var managersToDataShapesMapping = getDatashapesForManagers();
                                    	var reverseMap = {};
                                    	Object.keys(managersToDataShapesMapping).forEach(key => {
                                    		var valuesArray = managersToDataShapesMapping[key];
                                    		valuesArray.forEach(arrayValue => {
                                    			if (reverseMap[arrayValue]) {
                                    				if (arrayValue != "PTC.SCA.SCO.HistoricalData") {
                                    					logger.error("Datashape " + arrayValue + " can't be supported by more then one manager, review configurations for " + reverseMap[arrayValue] + " and " + key + ".");
                                    				}
                                    			} else {
                                    				reverseMap[arrayValue] = key;
                                    			}
                                    		});
                                    	});
                                    	return reverseMap;
                                    }
                                    
                                    function getDatashapesForManagers() {
                                    	var managerDatashapes = {};
                                    	var managers = me.GetManagerThingNames()["array"];
                                    	for (i = 0; i < managers.length; i++) {
                                    		var managerThingName = managers[i];
                                    		try {
                                    			var supportedDataShapes = me.GetManagerSupportedDataShapes({
                                    				managerName: managerThingName /* STRING */
                                    			});
                                    			managerDatashapes[managerThingName] = supportedDataShapes["array"];
                                    		} catch (e) {
                                    			logger.error("No data shape supported by manager " + managerThingName);
                                    		}
                                    	}
                                    	return managerDatashapes;
                                    }
                                    
                                    function isNull(obj) {
                                    	return obj === undefined || obj === null;
                                    }
                                    
                                    function isNullOrEmpty(obj) {
                                    	if (isNull(obj)) {
                                    		return true;
                                    	}
                                    	if (typeof(obj) === 'string') {
                                    		return 0 === obj.length;
                                    	}
                                    	if (typeof(obj) === 'object') {
                                    		if (typeof(obj.length) !== 'undefined') {
                                    			// obj is an Array
                                    			return 0 === obj.length;
                                    		}
                                    		if (obj['getClass'] !== undefined && obj['hashCode'] !== undefined && obj['equals'] !== undefined) {
                                    			// obj is a Java null object
                                    			return obj['equals'](null);
                                    		} else {
                                    			// obj is a JSON object, possibly empty
                                    			for (var prop in obj) {
                                    				return false;
                                    			}
                                    			return true; // obj === {}
                                    		}
                                    	}
                                    	return false;
                                    }
                                    ]]>
                                    </code>
                                </Row>
                            </Rows>
                        </ConfigurationTable>
                    </ConfigurationTables>
                </ServiceImplementation>
                <ServiceImplementation
                 description=""
                 handlerName="Script"
                 name="GetDataShapeQueriesInfo">
                    <ConfigurationTables>
                        <ConfigurationTable
                         dataShapeName=""
                         description=""
                         isMultiRow="false"
                         name="Script"
                         ordinal="0">
                            <DataShape>
                                <FieldDefinitions>
                                    <FieldDefinition
                                     baseType="STRING"
                                     description="code"
                                     name="code"
                                     ordinal="0"></FieldDefinition>
                                </FieldDefinitions>
                            </DataShape>
                            <Rows>
                                <Row>
                                    <code>
                                    <![CDATA[
                                    var dataShapeDbInfo = me.GetDataShapeDBInfo({
                                    	dataShapeName: dataShapeName
                                    });
                                    var dataShapeQueryInfo = dataIntegrity(dataShapeDbInfo);
                                    
                                    var databaseThing = Things[me.GetDatabaseThing()];
                                    
                                    var dataShapeName_AP = databaseThing.GetDatashapeNameAp({
                                    	dataShapeName: dataShapeName
                                    });
                                    if (dataShapeName_AP) {
                                    	var dataShapeDbInfo_AP = me.GetDataShapeDBInfo({
                                    		dataShapeName: dataShapeName_AP
                                    	});
                                    
                                    	if (dataShapeDbInfo_AP.dataShapeName) {
                                    		var dataShapeQueryInfo_AP = dataIntegrity(dataShapeDbInfo_AP);
                                    		if (dataShapeQueryInfo.queries && dataShapeQueryInfo_AP.queries) {
                                    			dataShapeQueryInfo.queries = dataShapeQueryInfo.queries.concat(dataShapeQueryInfo_AP.queries);
                                    		}
                                    	}
                                    }
                                    
                                    var result = dataShapeQueryInfo;
                                    
                                    function dataIntegrity(dataShapeDbInfo) {
                                    	var foreignKeys = [];
                                    	if ("foreignKeys" in dataShapeDbInfo) {
                                    		foreignKeys = dataShapeDbInfo["foreignKeys"];
                                    	}
                                    	var fields = [];
                                    	if ("fields" in dataShapeDbInfo) {
                                    		fields = dataShapeDbInfo["fields"];
                                    	}
                                    	var queries = [];
                                    	var databaseThing = Things[me.GetDatabaseThing()];
                                    
                                    	for (var i = 0; i < foreignKeys.length; i++) {
                                    		var foreignKey = foreignKeys[i];
                                    		var sourceFieldName = foreignKey["name"];
                                    		var notNull = isFieldNotNull(fields, sourceFieldName);
                                    
                                    		var dataShapeName = databaseThing.GetDataShapeName({
                                    			dataShapeName: dataShapeDbInfo["dataShapeName"]
                                    		});
                                    		var referenceDataShapeName = foreignKey["referenceDataShapeName"];
                                    		var referenceFieldName = foreignKey["referenceFieldName"];
                                    
                                    		var innerFilterForDataShape = createInnerFilterForDataShape(dataShapeName, sourceFieldName, "NOTMISSINGVALUE");
                                    		var innerFilter = createInnerFilterForDataShape(referenceDataShapeName, referenceFieldName, "MISSINGVALUE");
                                    
                                    		var filtersArray = [];
                                    		if (!notNull) {
                                    			filtersArray.push(innerFilterForDataShape);
                                    		}
                                    		filtersArray.push(innerFilter);
                                    
                                    		var join = createJoin(dataShapeName, sourceFieldName, referenceDataShapeName, referenceFieldName);
                                    		var joinsArray = [join];
                                    
                                    		var filtersWithType = {
                                    			"filters": filtersArray,
                                    			"type": "AND"
                                    		};
                                    		var finalFilters = {
                                    			"filters": filtersWithType,
                                    			"joins": joinsArray
                                    		};
                                    
                                    		var SqlQuery = databaseThing.GetSqlQuery({
                                    			dataShapeName: dataShapeName,
                                    			filter: finalFilters
                                    		});
                                    
                                    		var query = {
                                    			"foreignKey": foreignKey,
                                    			"filter": finalFilters,
                                    			"SQLQuery": SqlQuery
                                    		};
                                    		queries.push(query);
                                    	}
                                    
                                    	return {
                                    		"dataShapeName": dataShapeDbInfo["dataShapeName"],
                                    		"queries": queries
                                    	};
                                    }
                                    
                                    function isFieldNotNull(fields, sourceFieldName) {
                                    	for (var j = 0; j < fields.length; j++) {
                                    		if (fields[j]["name"].equals(sourceFieldName) && "notNull" in fields[j]) {
                                    			return fields[j]["notNull"];
                                    		}
                                    	}
                                    	return false;
                                    }
                                    
                                    function createInnerFilterForDataShape(dataShapeName, sourceFieldName, type) {
                                    	return {
                                    		"dataShapeName": dataShapeName,
                                    		"fieldName": sourceFieldName,
                                    		"type": type
                                    	};
                                    }
                                    
                                    function createJoin(dataShapeName, sourceFieldName, referenceDataShapeName, referenceFieldName) {
                                    	return {
                                    		"type": "LEFT",
                                    		"sourceDataShapeName": dataShapeName,
                                    		"sourceFieldName": sourceFieldName,
                                    		"targetDataShapeName": referenceDataShapeName,
                                    		"targetFieldName": referenceFieldName
                                    	};
                                    }
                                    ]]>
                                    </code>
                                </Row>
                            </Rows>
                        </ConfigurationTable>
                    </ConfigurationTables>
                </ServiceImplementation>
                <ServiceImplementation
                 description=""
                 handlerName="Script"
                 name="GetDataShapeReferencingForeignKeys">
                    <ConfigurationTables>
                        <ConfigurationTable
                         dataShapeName=""
                         description=""
                         isMultiRow="false"
                         name="Script"
                         ordinal="0">
                            <DataShape>
                                <FieldDefinitions>
                                    <FieldDefinition
                                     baseType="STRING"
                                     description="code"
                                     name="code"
                                     ordinal="0"></FieldDefinition>
                                </FieldDefinitions>
                            </DataShape>
                            <Rows>
                                <Row>
                                    <code>
                                    <![CDATA[
                                    var referencingFK = me.GetReferencingForeignKeys();
                                    var result = {};
                                    result[dataShapeName] = referencingFK[dataShapeName];
                                    ]]>
                                    </code>
                                </Row>
                            </Rows>
                        </ConfigurationTable>
                    </ConfigurationTables>
                </ServiceImplementation>
                <ServiceImplementation
                 description=""
                 handlerName="Script"
                 name="GetDataShapeSqlQuery">
                    <ConfigurationTables>
                        <ConfigurationTable
                         dataShapeName=""
                         description=""
                         isMultiRow="false"
                         name="Script"
                         ordinal="0">
                            <DataShape>
                                <FieldDefinitions>
                                    <FieldDefinition
                                     baseType="STRING"
                                     description="code"
                                     name="code"
                                     ordinal="0"></FieldDefinition>
                                </FieldDefinitions>
                            </DataShape>
                            <Rows>
                                <Row>
                                    <code>
                                    <![CDATA[
                                    var dataShapeQueryInfo = me.GetQueryInfoForDataShapeAndField({
                                    	dataShapeName: dataShapeName,
                                    	fieldName: fieldName
                                    });
                                    if (!dataShapeQueryInfo) {
                                    	throw "Query info not found for datahspae: " + dataShapeName + ", field :" + fieldName;
                                    }
                                    var result = dataShapeQueryInfo.SQLQuery;
                                    ]]>
                                    </code>
                                </Row>
                            </Rows>
                        </ConfigurationTable>
                    </ConfigurationTables>
                </ServiceImplementation>
                <ServiceImplementation
                 description=""
                 handlerName="Script"
                 name="GetDBInfo">
                    <ConfigurationTables>
                        <ConfigurationTable
                         dataShapeName=""
                         description=""
                         isMultiRow="false"
                         name="Script"
                         ordinal="0">
                            <DataShape>
                                <FieldDefinitions>
                                    <FieldDefinition
                                     baseType="STRING"
                                     description="code"
                                     name="code"
                                     ordinal="0"></FieldDefinition>
                                </FieldDefinitions>
                            </DataShape>
                            <Rows>
                                <Row>
                                    <code>
                                    <![CDATA[
                                    if(isNullOrEmpty(me.dbInfo) || force){
                                        me.dbInfo = getDBInfoFromManagers();
                                    }
                                    var result = me.dbInfo;
                                    
                                    function getDBInfoFromManagers(){
                                        var dbInfo = {
                                            dbInfo: []
                                        };
                                        var managers =  me.GetManagerThingNames()["array"];
                                        for(i = 0; i < managers.length; i++) {
                                            var managerThingName = managers[i];
                                            var manager = Things[managerThingName];
                                            var implementedShapes = manager.GetImplementedShapes();
                                            var implementedShape = implementedShapes.Find({name: "PTC.SCA.SCO.DBManagementThingShape"});
                                            if(implementedShape){
                                            	Array.prototype.push.apply(dbInfo.dbInfo, manager.GetCacheDBInfo().dbInfo);
                                            }
                                        }
                                        return dbInfo;
                                    }
                                    
                                    function isNull(obj) {
                                        return obj === undefined || obj === null;
                                    }
                                    
                                    function isNullOrEmpty(obj) {
                                        if (isNull(obj)) {
                                            return true;
                                        }
                                        if (typeof(obj) === 'string') {
                                            return 0 === obj.length;
                                        }
                                        if (typeof(obj) === 'object') {
                                            if (typeof(obj.length) !== 'undefined') {
                                                // obj is an Array
                                                return 0 === obj.length;
                                            }
                                            if (obj['getClass'] !== undefined && obj['hashCode'] !== undefined && obj['equals'] !== undefined) {
                                                // obj is a Java null object
                                                return obj['equals'](null);
                                            } else {
                                                // obj is a JSON object, possibly empty
                                                for (var prop in obj) {
                                                    return false;
                                                }
                                                return true; // obj === {}
                                            }
                                        }
                                        return false;
                                    }
                                    ]]>
                                    </code>
                                </Row>
                            </Rows>
                        </ConfigurationTable>
                    </ConfigurationTables>
                </ServiceImplementation>
                <ServiceImplementation
                 description=""
                 handlerName="Script"
                 name="GetFailedDataForForeignKey">
                    <ConfigurationTables>
                        <ConfigurationTable
                         dataShapeName=""
                         description=""
                         isMultiRow="false"
                         name="Script"
                         ordinal="0">
                            <DataShape>
                                <FieldDefinitions>
                                    <FieldDefinition
                                     baseType="STRING"
                                     description="code"
                                     name="code"
                                     ordinal="0"></FieldDefinition>
                                </FieldDefinitions>
                            </DataShape>
                            <Rows>
                                <Row>
                                    <code>
                                    <![CDATA[
                                    var databaseThing = Things[me.GetDatabaseThing()];
                                    var dataShapeQueryInfo = me.GetDataShapeQueriesInfo({
                                    	dataShapeName: dataShapeName
                                    });
                                    var dataShapeQueries = dataShapeQueryInfo.queries;
                                    var filter;
                                    for (var queryIndex = 0; queryIndex < dataShapeQueries.length; queryIndex++) {
                                    	var dataShapeQuery = dataShapeQueries[queryIndex];
                                    	if (dataShapeQuery.foreignKey) {
                                    		if (dataShapeQuery.foreignKey.name === fieldName) {
                                    			filter = dataShapeQuery.filter;
                                    			break;
                                    		}
                                    	} 
                                    }
                                    if (!filter) {
                                    	throw "The filed name " + fieldName + " doesn't exist or it does not have a defined foreign key.";
                                    }
                                    
                                    var result = databaseThing.Query({
                                    	dataShapeName: dataShapeName,
                                    	filter: filter,
                                    	limit: 500
                                    });
                                    ]]>
                                    </code>
                                </Row>
                            </Rows>
                        </ConfigurationTable>
                    </ConfigurationTables>
                </ServiceImplementation>
                <ServiceImplementation
                 description=""
                 handlerName="Script"
                 name="GetFilterFromForeignKey">
                    <ConfigurationTables>
                        <ConfigurationTable
                         dataShapeName=""
                         description=""
                         isMultiRow="false"
                         name="Script"
                         ordinal="0">
                            <DataShape>
                                <FieldDefinitions>
                                    <FieldDefinition
                                     baseType="STRING"
                                     description="code"
                                     name="code"
                                     ordinal="0"></FieldDefinition>
                                </FieldDefinitions>
                            </DataShape>
                            <Rows>
                                <Row>
                                    <code>
                                    <![CDATA[
                                    var dataShapeName = foreignKey.dataShapeName;
                                    var fieldName = foreignKey.name;
                                    if(reference){
                                        fieldName = foreignKey.referenceFieldName;
                                        dataShapeName = foreignKey.referenceDataShapeName;
                                    }
                                    dataShapeName = Things[me.GetDatabaseThing()].GetDataShapeName({
                                    	dataShapeName: dataShapeName
                                    });
                                    var filter = {
                                    	filters: {
                                    		filters: [{
                                    			dataShapeName: dataShapeName,
                                    			fieldName: fieldName,
                                    			type: "EQ",
                                    			value: value
                                    		}],
                                    		type: "AND"
                                    	}
                                    };
                                    
                                    var result = filter;
                                    ]]>
                                    </code>
                                </Row>
                            </Rows>
                        </ConfigurationTable>
                    </ConfigurationTables>
                </ServiceImplementation>
                <ServiceImplementation
                 description=""
                 handlerName="Script"
                 name="GetForeignKeys">
                    <ConfigurationTables>
                        <ConfigurationTable
                         dataShapeName=""
                         description=""
                         isMultiRow="false"
                         name="Script"
                         ordinal="0">
                            <DataShape>
                                <FieldDefinitions>
                                    <FieldDefinition
                                     baseType="STRING"
                                     description="code"
                                     name="code"
                                     ordinal="0"></FieldDefinition>
                                </FieldDefinitions>
                            </DataShape>
                            <Rows>
                                <Row>
                                    <code>
                                    <![CDATA[
                                    var dbInfo = me.GetDBInfo({
                                    	force: true
                                    });
                                    
                                    var foreignKeys = {};
                                    if (dbInfo.dbInfo) {
                                    	var dbInfoArray = dbInfo.dbInfo;
                                    	for (i = 0; i < dbInfoArray.length; i++) {
                                    		var datashapeDBInfo = dbInfoArray[i];
                                            foreignKeys[datashapeDBInfo.dataShapeName] = [];
                                    		if (datashapeDBInfo.foreignKeys) {
                                    			for (j = 0; j < datashapeDBInfo.foreignKeys.length; j++) {
                                    				var foreignKey = datashapeDBInfo.foreignKeys[j];
                                    				var fk = {};
                                                    fk.identifier = foreignKey.identifier;
                                    				fk.name = foreignKey.name;
                                    				fk.referenceDataShapeName = foreignKey.referenceDataShapeName;
                                    				fk.referenceFieldName = foreignKey.referenceFieldName;
                                    				fk.dataShapeName = datashapeDBInfo.dataShapeName;
                                                    fk.onDelete = foreignKey.onDelete;
                                                    fk.deleteReference = foreignKey.deleteReference;
                                    				foreignKeys[datashapeDBInfo.dataShapeName].push(fk);
                                    			}
                                    		}
                                    	}
                                    }
                                    
                                    var result = foreignKeys;
                                    ]]>
                                    </code>
                                </Row>
                            </Rows>
                        </ConfigurationTable>
                    </ConfigurationTables>
                </ServiceImplementation>
                <ServiceImplementation
                 description=""
                 handlerName="Script"
                 name="GetLaunchPointConfiguration">
                    <ConfigurationTables>
                        <ConfigurationTable
                         dataShapeName=""
                         description=""
                         isMultiRow="false"
                         name="Script"
                         ordinal="0">
                            <DataShape>
                                <FieldDefinitions>
                                    <FieldDefinition
                                     baseType="STRING"
                                     description="code"
                                     name="code"
                                     ordinal="0"></FieldDefinition>
                                </FieldDefinitions>
                            </DataShape>
                            <Rows>
                                <Row>
                                    <code>
                                    <![CDATA[
                                    var result = Things["PTC.Factory.LaunchPointConfigurationThing"].GetLaunchPointConfigurationName();
                                    ]]>
                                    </code>
                                </Row>
                            </Rows>
                        </ConfigurationTable>
                    </ConfigurationTables>
                </ServiceImplementation>
                <ServiceImplementation
                 description=""
                 handlerName="Script"
                 name="GetManagerSupportedDataShapes">
                    <ConfigurationTables>
                        <ConfigurationTable
                         dataShapeName=""
                         description=""
                         isMultiRow="false"
                         name="Script"
                         ordinal="0">
                            <DataShape>
                                <FieldDefinitions>
                                    <FieldDefinition
                                     baseType="STRING"
                                     description="code"
                                     name="code"
                                     ordinal="0"></FieldDefinition>
                                </FieldDefinitions>
                            </DataShape>
                            <Rows>
                                <Row>
                                    <code>
                                    <![CDATA[
                                    var supportedShape = [];
                                    var managerThing = Things[managerName];
                                    if (managerThing) {
                                        try {
                                            var shapeDbInfo = managerThing.GetDBInfo()["dbInfo"];
                                            for (i = 0; i < shapeDbInfo.length; i++) {
                                                supportedShape.push(shapeDbInfo[i]["dataShapeName"]);
                                            }
                                        } catch (e) {
                                            logger.warn("GetDBInfo service is not defined in manager " + managerName);
                                        }
                                    }
                                    result = supportedShape;
                                    ]]>
                                    </code>
                                </Row>
                            </Rows>
                        </ConfigurationTable>
                    </ConfigurationTables>
                </ServiceImplementation>
                <ServiceImplementation
                 description=""
                 handlerName="Script"
                 name="GetManagerThingNames">
                    <ConfigurationTables>
                        <ConfigurationTable
                         dataShapeName=""
                         description=""
                         isMultiRow="false"
                         name="Script"
                         ordinal="0">
                            <DataShape>
                                <FieldDefinitions>
                                    <FieldDefinition
                                     baseType="STRING"
                                     description="code"
                                     name="code"
                                     ordinal="0"></FieldDefinition>
                                </FieldDefinitions>
                            </DataShape>
                            <Rows>
                                <Row>
                                    <code>
                                    <![CDATA[
                                    var launchPointThing = Things[me.GetLaunchPointConfiguration()];
                                    
                                    var result = [];
                                    var managerInfoTable = launchPointThing.GetManagerThingNames();
                                    for (var i = 0; i < managerInfoTable.length; i++) {
                                    	var row = managerInfoTable.rows[i];
                                    	var managerThingName = row.Value;
                                    	var manager = Things[managerThingName];
                                    	var implementedShapes = manager.GetImplementedShapes();
                                    	var implementedShape = implementedShapes.Find({
                                    		name: "PTC.SCA.SCO.DBManagementThingShape"
                                    	});
                                    	if (implementedShape) {
                                    		result.push(managerThingName);
                                    	}
                                    }
                                    ]]>
                                    </code>
                                </Row>
                            </Rows>
                        </ConfigurationTable>
                    </ConfigurationTables>
                </ServiceImplementation>
                <ServiceImplementation
                 description=""
                 handlerName="Script"
                 name="GetOrderedDatashapeList">
                    <ConfigurationTables>
                        <ConfigurationTable
                         dataShapeName=""
                         description=""
                         isMultiRow="false"
                         name="Script"
                         ordinal="0">
                            <DataShape>
                                <FieldDefinitions>
                                    <FieldDefinition
                                     baseType="STRING"
                                     description="code"
                                     name="code"
                                     ordinal="0"></FieldDefinition>
                                </FieldDefinitions>
                            </DataShape>
                            <Rows>
                                <Row>
                                    <code>
                                    <![CDATA[
                                    var all_foreign_keys = me.GetForeignKeys();
                                    var dataShape_dependencies = {};
                                    for (var key in all_foreign_keys) {
                                    	getDataShapeDependencies(key, all_foreign_keys, dataShape_dependencies);
                                    }
                                    
                                    var processed = {};
                                    var ordered_dataShapes = [];
                                    for (var dsName in dataShape_dependencies) {
                                    	processDatashape(dsName, dataShape_dependencies, processed, ordered_dataShapes);
                                    }
                                    var result = ordered_dataShapes;
                                    
                                    function getPrimaryDataShape(dataShapeName) {
                                    	return getDatabaseThing().GetDataShapeName({
                                    		dataShapeName: dataShapeName
                                    	});
                                    }
                                    
                                    var databaseThing;
                                    
                                    function getDatabaseThing() {
                                    	if (!databaseThing) {
                                    		var databaseThingName = me.GetDatabaseThing();
                                    		databaseThing = Things[databaseThingName];
                                    	}
                                    	return databaseThing;
                                    }
                                    
                                    function exist(array, elementToFind) {
                                    	var found = array.find(function(element) {
                                    		if (element === elementToFind) {
                                    			return true;
                                    		}
                                    		return false;
                                    	});
                                    	return found;
                                    }
                                    
                                    function getDataShapeDependencies(dataShapeName, allForeignKeys, dataShapeDependencies) {
                                    	var primary_datashape = getPrimaryDataShape(dataShapeName);
                                    	var dependencies = [];
                                    	//Add foreign keys of non primary datashape to an existing primary datashape or vice versa
                                    	if (dataShapeDependencies.hasOwnProperty(primary_datashape)) {
                                    		dependencies = dataShapeDependencies[primary_datashape];
                                    	}
                                    
                                    	var foreign_keys = allForeignKeys[dataShapeName];
                                    	var length = foreign_keys.length;
                                    	for (var i = 0; i < length; i++) {
                                    		var fk = allForeignKeys[dataShapeName][i];
                                    		var foreign_key_name = fk["referenceDataShapeName"];
                                    		if (exist(dependencies, foreign_key_name)) {
                                    			continue;
                                    		}
                                    		dependencies.push(foreign_key_name);
                                    	}
                                    	dataShapeDependencies[primary_datashape] = dependencies;
                                    }
                                    
                                    function processDatashape(dataShapeName, dataShapeDependencies, processed, orderedDataShapes) {
                                    	if (processed.hasOwnProperty(dataShapeName)) {
                                    		return;
                                    	}
                                    	var foreign_keys = dataShapeDependencies[dataShapeName];
                                    	var length = foreign_keys.length;
                                    	for (var i = 0; i < length; i++) {
                                    		var fk = dataShapeDependencies[dataShapeName][i];
                                    		processDatashape(fk, dataShapeDependencies, processed, orderedDataShapes);
                                    	}
                                    	processed[dataShapeName] = true;
                                    	orderedDataShapes.push(dataShapeName);
                                    }
                                    ]]>
                                    </code>
                                </Row>
                            </Rows>
                        </ConfigurationTable>
                    </ConfigurationTables>
                </ServiceImplementation>
                <ServiceImplementation
                 description=""
                 handlerName="Script"
                 name="GetQueryInfoForDataShapeAndField">
                    <ConfigurationTables>
                        <ConfigurationTable
                         dataShapeName=""
                         description=""
                         isMultiRow="false"
                         name="Script"
                         ordinal="0">
                            <DataShape>
                                <FieldDefinitions>
                                    <FieldDefinition
                                     baseType="STRING"
                                     description="code"
                                     name="code"
                                     ordinal="0"></FieldDefinition>
                                </FieldDefinitions>
                            </DataShape>
                            <Rows>
                                <Row>
                                    <code>
                                    <![CDATA[
                                    var dataShapeQueryInfo = me.GetDataShapeQueriesInfo({
                                    	dataShapeName: dataShapeName
                                    });
                                    var queryInfo;
                                    var dataShapeQueries = dataShapeQueryInfo.queries;
                                    for (var index = 0; index < dataShapeQueries.length; index++) {
                                    	if (dataShapeQueries[index].foreignKey && dataShapeQueries[index].foreignKey.name === fieldName) {
                                    		queryInfo = dataShapeQueries[index];
                                    		break;
                                    	}
                                    }
                                    if (!queryInfo) {
                                    	throw "the field " + fieldName + " doesn't exist in the data shape " + dataShapeName;
                                    }
                                    var result = queryInfo;
                                    ]]>
                                    </code>
                                </Row>
                            </Rows>
                        </ConfigurationTable>
                    </ConfigurationTables>
                </ServiceImplementation>
                <ServiceImplementation
                 description=""
                 handlerName="Script"
                 name="GetReferencingForeignKeys">
                    <ConfigurationTables>
                        <ConfigurationTable
                         dataShapeName=""
                         description=""
                         isMultiRow="false"
                         name="Script"
                         ordinal="0">
                            <DataShape>
                                <FieldDefinitions>
                                    <FieldDefinition
                                     baseType="STRING"
                                     description="code"
                                     name="code"
                                     ordinal="0"></FieldDefinition>
                                </FieldDefinitions>
                            </DataShape>
                            <Rows>
                                <Row>
                                    <code>
                                    <![CDATA[
                                    var dbInfo = me.GetDBInfo({
                                    	force: true
                                    });
                                    
                                    var referencingFK = {};
                                    if (dbInfo.dbInfo) {
                                    	var dbInfoArray = dbInfo.dbInfo;
                                    	for (i = 0; i < dbInfoArray.length; i++) {
                                    		var datashapeDBInfo = dbInfoArray[i];
                                    		if (datashapeDBInfo.foreignKeys) {
                                    			for (j = 0; j < datashapeDBInfo.foreignKeys.length; j++) {
                                    				var foreignKey = datashapeDBInfo.foreignKeys[j];
                                    				var fk = {};
                                    				fk.name = foreignKey.name;
                                    				fk.referenceDataShapeName = foreignKey.referenceDataShapeName;
                                    				fk.referenceFieldName = foreignKey.referenceFieldName;
                                    				fk.dataShapeName = datashapeDBInfo.dataShapeName;
                                    				fk.onDelete = foreignKey.onDelete;
                                    				fk.deleteReference = foreignKey.deleteReference;
                                    				if (!referencingFK[foreignKey.referenceDataShapeName]) {
                                    					referencingFK[foreignKey.referenceDataShapeName] = [];
                                    				}
                                    				referencingFK[foreignKey.referenceDataShapeName].push(fk);
                                    			}
                                    		}
                                    		if (!referencingFK[datashapeDBInfo.dataShapeName]) {
                                    			referencingFK[datashapeDBInfo.dataShapeName] = [];
                                    		}
                                    	}
                                    }
                                    var result = referencingFK;
                                    ]]>
                                    </code>
                                </Row>
                            </Rows>
                        </ConfigurationTable>
                    </ConfigurationTables>
                </ServiceImplementation>
                <ServiceImplementation
                 description=""
                 handlerName="Script"
                 name="UpdateDBSchema">
                    <ConfigurationTables>
                        <ConfigurationTable
                         dataShapeName=""
                         description=""
                         isMultiRow="false"
                         name="Script"
                         ordinal="0">
                            <DataShape>
                                <FieldDefinitions>
                                    <FieldDefinition
                                     baseType="STRING"
                                     description="code"
                                     name="code"
                                     ordinal="0"></FieldDefinition>
                                </FieldDefinitions>
                            </DataShape>
                            <Rows>
                                <Row>
                                    <code>
                                    <![CDATA[
                                    var dbInfo = me.GetDBInfo({
                                    	force: true
                                    });
                                    var result = Things[me.GetDatabaseThing()].UpdateDatabaseSchema({'dbInfo': dbInfo});
                                    ]]>
                                    </code>
                                </Row>
                            </Rows>
                        </ConfigurationTable>
                    </ConfigurationTables>
                </ServiceImplementation>
                <ServiceImplementation
                 description=""
                 handlerName="Script"
                 name="ValidateDBSchema">
                    <ConfigurationTables>
                        <ConfigurationTable
                         dataShapeName=""
                         description=""
                         isMultiRow="false"
                         name="Script"
                         ordinal="0">
                            <DataShape>
                                <FieldDefinitions>
                                    <FieldDefinition
                                     baseType="STRING"
                                     description="code"
                                     name="code"
                                     ordinal="0"></FieldDefinition>
                                </FieldDefinitions>
                            </DataShape>
                            <Rows>
                                <Row>
                                    <code>
                                    <![CDATA[
                                    var dbInfo = me.GetDBInfo({
                                    	force: true
                                    });
                                    var result = Things[me.GetDatabaseThing()].ValidateDatabaseSchema({'dbInfo': dbInfo});
                                    ]]>
                                    </code>
                                </Row>
                            </Rows>
                        </ConfigurationTable>
                    </ConfigurationTables>
                </ServiceImplementation>
            </ServiceImplementations>
            <Subscriptions></Subscriptions>
            <avatar></avatar>
            <DesignTimePermissions>
                <Create></Create>
                <Read></Read>
                <Update></Update>
                <Delete></Delete>
                <Metadata></Metadata>
            </DesignTimePermissions>
            <RunTimePermissions></RunTimePermissions>
            <VisibilityPermissions>
                <Visibility></Visibility>
            </VisibilityPermissions>
            <ConfigurationTableDefinitions></ConfigurationTableDefinitions>
            <ConfigurationTables></ConfigurationTables>
            <PropertyBindings></PropertyBindings>
            <RemotePropertyBindings></RemotePropertyBindings>
            <RemoteServiceBindings></RemoteServiceBindings>
            <RemoteEventBindings></RemoteEventBindings>
            <AlertConfigurations>
                <AlertDefinitions
                 name="dbInfo"></AlertDefinitions>
            </AlertConfigurations>
            <InstanceRunTimePermissions></InstanceRunTimePermissions>
        </ThingShape>
    </ThingShapes>
</Entities>
