<?xml version="1.0" encoding="utf-8"?><Entities><ExtensionPackages><ExtensionPackage name="analyticsserverconnector-extension" description="Analysis Services Connector for Thingworx ML" vendor="PTC Inc." packageVersion="9.1.0" buildNumber="b1147" minimumThingWorxVersion="9.0.0" dependsOn="analysisprovider-extension" haCompatible="true"><JarResources><FileResource file="analyticsserverconnector-9.1.0-b1147.jar" type="JAR"></FileResource></JarResources></ExtensionPackage></ExtensionPackages><ThingPackages>
        <ThingPackage name="TW.AnalysisServices.AnalyticsServer.AnalyticsServerConnectorPackage" description="Analytics Server Connector Package" className="com.thingworx.analytics.AnalyticsServerConnector" aspect.isSystemObject="false" aspect.isCreatable="true">
            <HandlerDefinitions></HandlerDefinitions>
            <VisibilityPermissions>
                <Visibility>
                    <Principal isPermitted="true" name="TW.AnalyticsManager.AnalyticsManagerOrgUnit" type="Organization"></Principal>
                </Visibility>
            </VisibilityPermissions>
        </ThingPackage>
    
	</ThingPackages>
	<Things>
        <Thing identifier="" lastModifiedDate="2017-10-17T16:32:12.345-04:00" valueStream="" description="" homeMashup="" published="false" thingTemplate="TW.AnalysisServices.AnalyticsServer.AnalyticsServerConnectorTemplate" enabled="true" tags="TW:AnalyticsServer;TW:AnalysisServices;Applications:AnalyticsServer" documentationContent=" " effectiveThingPackage="TW.AnalysisServices.AnalyticsServer.AnalyticsServerConnectorPackage" aspect.isEditableExtensionObject="false" name="TW.AnalysisServices.AnalyticsServer.AnalyticsServerConnector">
            <DesignTimePermissions>
                <Create></Create>
                <Read>
                    <Principal isPermitted="true" name="TW.AnalyticsManager.Admin" type="Group"></Principal>
                </Read>
                <Update>
                    <Principal isPermitted="false" name="TW.AnalyticsManager.Admin" type="Group"></Principal>
                </Update>
                <Delete>
                    <Principal isPermitted="false" name="TW.AnalyticsManager.Admin" type="Group"></Principal>
                </Delete>
                <Metadata></Metadata>
            </DesignTimePermissions>
            <RunTimePermissions>
                <Permissions resourceName="*">
                    <PropertyRead>
                        <Principal isPermitted="true" name="TW.AnalyticsManager.Admin" type="Group"></Principal>
                    </PropertyRead>
                    <PropertyWrite>
                        <Principal isPermitted="true" name="TW.AnalyticsManager.Admin" type="Group"></Principal>
                    </PropertyWrite>
                    <ServiceInvoke>
                        <Principal isPermitted="true" name="TW.AnalyticsManager.Admin" type="Group"></Principal>
                    </ServiceInvoke>
                    <EventInvoke>
                        <Principal isPermitted="true" name="TW.AnalyticsManager.Admin" type="Group"></Principal>
                    </EventInvoke>
                    <EventSubscribe>
                        <Principal isPermitted="true" name="TW.AnalyticsManager.Admin" type="Group"></Principal>
                    </EventSubscribe>
                </Permissions>
            </RunTimePermissions>
            <VisibilityPermissions>
                <Visibility>
                    <Principal isPermitted="true" name="TW.AnalyticsManager.AnalyticsManagerOrgUnit" type="Organization"></Principal>
                </Visibility>
            </VisibilityPermissions>
        </Thing>
    
	</Things>

	<ThingTemplates>
        <ThingTemplate name="TW.AnalysisServices.AnalyticsServer.AnalyticsServerConnectorTemplate" description="Analytics Server Connector Template" thingPackage="TW.AnalysisServices.AnalyticsServer.AnalyticsServerConnectorPackage" aspect.isSystemObject="false" tags="TW:AnalyticsServer;TW:AnalysisServices">
            <avatar></avatar>
            <DesignTimePermissions>
                <Create></Create>
                <Read>
                    <Principal isPermitted="true" name="TW.AnalyticsManager.Admin" type="Group"></Principal>
                </Read>
                <Update>
                    <Principal isPermitted="false" name="TW.AnalyticsManager.Admin" type="Group"></Principal>
                </Update>
                <Delete>
                    <Principal isPermitted="false" name="TW.AnalyticsManager.Admin" type="Group"></Principal>
                </Delete>
                <Metadata></Metadata>
            </DesignTimePermissions>
            <RunTimePermissions>
                <Permissions resourceName="*">
                    <PropertyRead>
                        <Principal isPermitted="true" name="TW.AnalyticsManager.Admin" type="Group"></Principal>
                    </PropertyRead>
                    <PropertyWrite>
                        <Principal isPermitted="true" name="TW.AnalyticsManager.Admin" type="Group"></Principal>
                    </PropertyWrite>
                    <ServiceInvoke>
                        <Principal isPermitted="true" name="TW.AnalyticsManager.Admin" type="Group"></Principal>
                    </ServiceInvoke>
                    <EventInvoke>
                        <Principal isPermitted="true" name="TW.AnalyticsManager.Admin" type="Group"></Principal>
                    </EventInvoke>
                    <EventSubscribe>
                        <Principal isPermitted="true" name="TW.AnalyticsManager.Admin" type="Group"></Principal>
                    </EventSubscribe>
                </Permissions>
            </RunTimePermissions>
            <VisibilityPermissions>
                <Visibility>
                    <Principal isPermitted="true" name="TW.AnalyticsManager.AnalyticsManagerOrgUnit" type="Organization"></Principal>
                </Visibility>
            </VisibilityPermissions>
            <AlertConfigurations>
                <AlertDefinitions name="runJobAsAsync"></AlertDefinitions>
            </AlertConfigurations>
            <ThingShape>
                <PropertyDefinitions>
                    <PropertyDefinition aspect.defaultValue="false" aspect.isPersistent="true" isLocalOnly="false" name="runJobAsAsync" description="" aspect.dataChangeType="VALUE" category="" aspect.cacheTime="0.0" baseType="BOOLEAN" ordinal="2"></PropertyDefinition>
                </PropertyDefinitions>
                <ServiceDefinitions></ServiceDefinitions>
                <EventDefinitions></EventDefinitions>
                <ServiceMappings></ServiceMappings>
                <ServiceImplementations></ServiceImplementations>
                <Subscriptions></Subscriptions>
            </ThingShape>

            <InstanceDesignTimePermissions>
                <Create>
                    <Principal isPermitted="true" name="TW.AnalyticsManager.Admin" type="Group"></Principal>
                </Create>
                <Read>
                    <Principal isPermitted="true" name="TW.AnalyticsManager.Admin" type="Group"></Principal>
                </Read>
                <Update>
                    <Principal isPermitted="true" name="TW.AnalyticsManager.Admin" type="Group"></Principal>
                </Update>
                <Delete>
                    <Principal isPermitted="false" name="TW.AnalyticsManager.Admin" type="Group"></Principal>
                </Delete>
                <Metadata></Metadata>
            </InstanceDesignTimePermissions>
            <InstanceRunTimePermissions>
                <Permissions resourceName="*">
                    <PropertyRead>
                        <Principal isPermitted="true" name="TW.AnalyticsManager.Admin" type="Group"></Principal>
                    </PropertyRead>
                    <PropertyWrite>
                        <Principal isPermitted="true" name="TW.AnalyticsManager.Admin" type="Group"></Principal>
                    </PropertyWrite>
                    <ServiceInvoke>
                        <Principal isPermitted="true" name="TW.AnalyticsManager.Admin" type="Group"></Principal>
                    </ServiceInvoke>
                    <EventInvoke>
                        <Principal isPermitted="true" name="TW.AnalyticsManager.Admin" type="Group"></Principal>
                    </EventInvoke>
                    <EventSubscribe>
                        <Principal isPermitted="true" name="TW.AnalyticsManager.Admin" type="Group"></Principal>
                    </EventSubscribe>
                </Permissions>
            </InstanceRunTimePermissions>
            <InstanceVisibilityPermissions>
                <Visibility>
                    <Principal isPermitted="true" name="TW.AnalyticsManager.AnalyticsManagerOrgUnit" type="Organization"></Principal>
                </Visibility>
            </InstanceVisibilityPermissions>
        </ThingTemplate>
    
	</ThingTemplates>
</Entities>