<?xml version="1.0" encoding="UTF-8"?>
<Entities>
    <LocalizationTables>
        <LocalizationTable
         description="zh-CN localization table"
         homeMashup=""
         name="zh-CN"
         tags="PTC:factory-mv">
            <avatar></avatar>
            <DesignTimePermissions>
                <Create></Create>
                <Read></Read>
                <Update></Update>
                <Delete></Delete>
                <Metadata></Metadata>
            </DesignTimePermissions>
            <RunTimePermissions></RunTimePermissions>
            <VisibilityPermissions>
                <Visibility>
                    <Principal
                     isPermitted="true"
                     name="PTC.Factory.MachineVisibility"
                     type="Organization"></Principal>
                </Visibility>
            </VisibilityPermissions>
            <ConfigurationTables>
                <ConfigurationTable
                 description="Localization Tokens"
                 isMultiRow="true"
                 name="LocalizationTokens"
                 ordinal="0">
                    <DataShape>
                        <FieldDefinitions>
                            <FieldDefinition
                             aspect.friendlyName="Translation context"
                             baseType="STRING"
                             description="Translation context"
                             name="context"
                             ordinal="3"></FieldDefinition>
                            <FieldDefinition
                             aspect.friendlyName="Token name"
                             baseType="STRING"
                             description="Token name"
                             name="name"
                             ordinal="0"></FieldDefinition>
                            <FieldDefinition
                             aspect.friendlyName="Token usage"
                             baseType="STRING"
                             description="Token usage"
                             name="usage"
                             ordinal="2"></FieldDefinition>
                            <FieldDefinition
                             aspect.friendlyName="Localized value"
                             baseType="STRING"
                             description="Localized value"
                             name="value"
                             ordinal="1"></FieldDefinition>
                        </FieldDefinitions>
                    </DataShape>
                    <Rows>
                        <Row>
                            <name>
                            <![CDATA[
                            PTC.Factory.No
                            ]]>
                            </name>
                            <value>
                            <![CDATA[
                            否
                            ]]>
                            </value>
                        </Row>
                        <Row>
                            <name>
                            <![CDATA[
                            PTC.Factory.Yes
                            ]]>
                            </name>
                            <value>
                            <![CDATA[
                            是
                            ]]>
                            </value>
                        </Row>
                        <Row>
                            <name>
                            <![CDATA[
                            PTC.Factory.View List
                            ]]>
                            </name>
                            <value>
                            <![CDATA[
                            查看
                            ]]>
                            </value>
                        </Row>
                        <Row>
                            <name>
                            <![CDATA[
                            PTC.Factory.Properties
                            ]]>
                            </name>
                            <value>
                            <![CDATA[
                            属性
                            ]]>
                            </value>
                        </Row>
                        <Row>
                            <name>
                            <![CDATA[
                            PTC.Factory.Client Count
                            ]]>
                            </name>
                            <value>
                            <![CDATA[
                            客户端计数
                            ]]>
                            </value>
                        </Row>
                        <Row>
                            <name>
                            <![CDATA[
                            PTC.Factory.Device Count
                            ]]>
                            </name>
                            <value>
                            <![CDATA[
                            设备数 ({0})
                            ]]>
                            </value>
                        </Row>
                        <Row>
                            <name>
                            <![CDATA[
                            PTC.Factory.Devices
                            ]]>
                            </name>
                            <value>
                            <![CDATA[
                            设备
                            ]]>
                            </value>
                        </Row>
                        <Row>
                            <name>
                            <![CDATA[
                            PTC.Factory.New Devices
                            ]]>
                            </name>
                            <value>
                            <![CDATA[
                            新设备
                            ]]>
                            </value>
                        </Row>
                        <Row>
                            <name>
                            <![CDATA[
                            PTC.Factory.Removed Devices
                            ]]>
                            </name>
                            <value>
                            <![CDATA[
                            移除的设备
                            ]]>
                            </value>
                        </Row>
                        <Row>
                            <name>
                            <![CDATA[
                            PTC.Factory.ConnectionTime
                            ]]>
                            </name>
                            <value>
                            <![CDATA[
                            连接时间
                            ]]>
                            </value>
                        </Row>
                        <Row>
                            <name>
                            <![CDATA[
                            PTC.Factory.Tag Count
                            ]]>
                            </name>
                            <value>
                            <![CDATA[
                            标记计数
                            ]]>
                            </value>
                        </Row>
                        <Row>
                            <name>
                            <![CDATA[
                            PTC.Factory.Connection Details
                            ]]>
                            </name>
                            <value>
                            <![CDATA[
                            连接详细信息
                            ]]>
                            </value>
                        </Row>
                        <Row>
                            <name>
                            <![CDATA[
                            PTC.Factory.Create Connection
                            ]]>
                            </name>
                            <value>
                            <![CDATA[
                            创建连接
                            ]]>
                            </value>
                        </Row>
                        <Row>
                            <name>
                            <![CDATA[
                            PTC.Factory.CreateConnection
                            ]]>
                            </name>
                            <value>
                            <![CDATA[
                            创建连接
                            ]]>
                            </value>
                        </Row>
                        <Row>
                            <name>
                            <![CDATA[
                            PTC.SCA.Mfg.KepServerMonitor.CreateConnectionPopUp
                            ]]>
                            </name>
                            <value>
                            <![CDATA[
                            创建连接
                            ]]>
                            </value>
                        </Row>
                        <Row>
                            <name>
                            <![CDATA[
                            PTC.Factory.Thing Name
                            ]]>
                            </name>
                            <value>
                            <![CDATA[
                            连接名称 *
                            ]]>
                            </value>
                        </Row>
                        <Row>
                            <name>
                            <![CDATA[
                            PTC.Factory.EnterConnectionName
                            ]]>
                            </name>
                            <value>
                            <![CDATA[
                            输入连接的名称
                            ]]>
                            </value>
                        </Row>
                        <Row>
                            <name>
                            <![CDATA[
                            PTC.Factory.EnterDeviceName
                            ]]>
                            </name>
                            <value>
                            <![CDATA[
                            输入设备名称
                            ]]>
                            </value>
                        </Row>
                        <Row>
                            <name>
                            <![CDATA[
                            PTC.SCA.SCO.ControlsAdvisor.ServerExists
                            ]]>
                            </name>
                            <value>
                            <![CDATA[
                            此连接名称已用于现有连接。请输入新的连接名称。
                            ]]>
                            </value>
                        </Row>
                        <Row>
                            <name>
                            <![CDATA[
                            PTC.Factory.Instruction
                            ]]>
                            </name>
                            <value>
                            <![CDATA[
                            完成连接的操作说明
                            ]]>
                            </value>
                        </Row>
                        <Row>
                            <name>
                            <![CDATA[
                            PTC.Factory.InstructionNote1
                            ]]>
                            </name>
                            <value>
                            <![CDATA[
                            重要! 您稍后需要使用这一应用程序密钥和事物名称。请在其他位置记录此信息。
                            ]]>
                            </value>
                        </Row>
                        <Row>
                            <name>
                            <![CDATA[
                            PTC.Factory.NITestStandInstructionNote1
                            ]]>
                            </name>
                            <value>
                            <![CDATA[
                            在安装 NI TestStand 和 Edge MicroServer (EMS) 之后，请按照这些步骤完成 EMS 配置。
                            ]]>
                            </value>
                        </Row>
                        <Row>
                            <name>
                            <![CDATA[
                            PTC.Factory.NITestStandInstructionNote2
                            ]]>
                            </name>
                            <value>
                            <![CDATA[
                            <span class='factory_black_11'><b>1. </b>编辑 &lt;EMS 安装&gt;/etc/config.json 文件以设置以下值:</span>
                            ]]>
                            </value>
                        </Row>
                        <Row>
                            <name>
                            <![CDATA[
                            PTC.Factory.NITestStandInstructionNote3
                            ]]>
                            </name>
                            <value>
                            <![CDATA[
                            在 "ws_servers" 中:
                            ]]>
                            </value>
                        </Row>
                        <Row>
                            <name>
                            <![CDATA[
                            PTC.Factory.NITestStandInstructionNote4
                            ]]>
                            </name>
                            <value>
                            <![CDATA[
                            在 "auto_bind" 中:
                            ]]>
                            </value>
                        </Row>
                        <Row>
                            <name>
                            <![CDATA[
                            PTC.Factory.NITestStandInstructionNote5
                            ]]>
                            </name>
                            <value>
                            <![CDATA[
                            <span class='factory_black_11'><b>2. </b>重新启动 EMS。</span>
                            ]]>
                            </value>
                        </Row>
                        <Row>
                            <name>
                            <![CDATA[
                            PTC.Factory.InstructionNote2
                            ]]>
                            </name>
                            <value>
                            <![CDATA[
                            转至服务器并完成以下简单步骤:
                            ]]>
                            </value>
                        </Row>
                        <Row>
                            <name>
                            <![CDATA[
                            PTC.Factory.InstructionNote3
                            ]]>
                            </name>
                            <value>
                            <![CDATA[
                            <span class='factory_black_11'>1. 右键单击<b>“项目”</b>文件夹，选择<b>属性</b>。</span>
                            ]]>
                            </value>
                        </Row>
                        <Row>
                            <name>
                            <![CDATA[
                            PTC.Factory.InstructionNote4
                            ]]>
                            </name>
                            <value>
                            <![CDATA[
                            2. 在 ThingWorx 选项卡，设置以下项:
                            ]]>
                            </value>
                        </Row>
                        <Row>
                            <name>
                            <![CDATA[
                            PTC.Factory.InstructionEnableString
                            ]]>
                            </name>
                            <value>
                            <![CDATA[
                            启用:
                            ]]>
                            </value>
                        </Row>
                        <Row>
                            <name>
                            <![CDATA[
                            PTC.Factory.InstructionHostString
                            ]]>
                            </name>
                            <value>
                            <![CDATA[
                            主机:
                            ]]>
                            </value>
                        </Row>
                        <Row>
                            <name>
                            <![CDATA[
                            PTC.Factory.InstructionPortString
                            ]]>
                            </name>
                            <value>
                            <![CDATA[
                            端口:
                            ]]>
                            </value>
                        </Row>
                        <Row>
                            <name>
                            <![CDATA[
                            PTC.Factory.InstructionThingNameString
                            ]]>
                            </name>
                            <value>
                            <![CDATA[
                            事物名称:
                            ]]>
                            </value>
                        </Row>
                        <Row>
                            <name>
                            <![CDATA[
                            PTC.Factory.InstructionApplicationKeyString
                            ]]>
                            </name>
                            <value>
                            <![CDATA[
                            应用程序密钥:
                            ]]>
                            </value>
                        </Row>
                        <Row>
                            <name>
                            <![CDATA[
                            PTC.Factory.InstructionTrustedSelfSignedCertificatesString
                            ]]>
                            </name>
                            <value>
                            <![CDATA[
                            信任自签名证书:
                            ]]>
                            </value>
                        </Row>
                        <Row>
                            <name>
                            <![CDATA[
                            PTC.Factory.InstructionTrustAllCertificatesString
                            ]]>
                            </name>
                            <value>
                            <![CDATA[
                            信任所有证书:
                            ]]>
                            </value>
                        </Row>
                        <Row>
                            <name>
                            <![CDATA[
                            PTC.Factory.InstructionDisableEncryptionString
                            ]]>
                            </name>
                            <value>
                            <![CDATA[
                            禁用加密:
                            ]]>
                            </value>
                        </Row>
                        <Row>
                            <name>
                            <![CDATA[
                            PTC.Factory.PrintInstructions
                            ]]>
                            </name>
                            <value>
                            <![CDATA[
                            打印操作说明
                            ]]>
                            </value>
                        </Row>
                        <Row>
                            <name>
                            <![CDATA[
                            PTC.Factory.CONNECTIONS
                            ]]>
                            </name>
                            <value>
                            <![CDATA[
                            连接
                            ]]>
                            </value>
                        </Row>
                        <Row>
                            <name>
                            <![CDATA[
                            PTC.SCA.SCO.KEPServerLogs
                            ]]>
                            </name>
                            <value>
                            <![CDATA[
                            KEPServerEX 事件日志
                            ]]>
                            </value>
                        </Row>
                        <Row>
                            <name>
                            <![CDATA[
                            PTC.Factory.EditConnection
                            ]]>
                            </name>
                            <value>
                            <![CDATA[
                            编辑连接
                            ]]>
                            </value>
                        </Row>
                        <Row>
                            <name>
                            <![CDATA[
                            PTC.Factory.Status
                            ]]>
                            </name>
                            <value>
                            <![CDATA[
                            服务器状况
                            ]]>
                            </value>
                        </Row>
                        <Row>
                            <name>
                            <![CDATA[
                            PTC.Factory.Device in Error
                            ]]>
                            </name>
                            <value>
                            <![CDATA[
                            设备状况
                            ]]>
                            </value>
                        </Row>
                        <Row>
                            <name>
                            <![CDATA[
                            PTC.Factory.Device ID
                            ]]>
                            </name>
                            <value>
                            <![CDATA[
                            设备 ID
                            ]]>
                            </value>
                        </Row>
                        <Row>
                            <name>
                            <![CDATA[
                            PTC.Factory.Scan Mode
                            ]]>
                            </name>
                            <value>
                            <![CDATA[
                            扫描模式
                            ]]>
                            </value>
                        </Row>
                        <Row>
                            <name>
                            <![CDATA[
                            PTC.Factory.Simulated
                            ]]>
                            </name>
                            <value>
                            <![CDATA[
                            模拟
                            ]]>
                            </value>
                        </Row>
                        <Row>
                            <name>
                            <![CDATA[
                            PTC.Factory.Time In Error
                            ]]>
                            </name>
                            <value>
                            <![CDATA[
                            出错时间 (秒)
                            ]]>
                            </value>
                        </Row>
                        <Row>
                            <name>
                            <![CDATA[
                            PTC.Factory.Connection Type
                            ]]>
                            </name>
                            <value>
                            <![CDATA[
                            连接类型
                            ]]>
                            </value>
                        </Row>
                        <Row>
                            <name>
                            <![CDATA[
                            PTC.Factory.Device Name
                            ]]>
                            </name>
                            <value>
                            <![CDATA[
                            设备名称
                            ]]>
                            </value>
                        </Row>
                        <Row>
                            <name>
                            <![CDATA[
                            PTC.Factory.DEVICE LIST:
                            ]]>
                            </name>
                            <value>
                            <![CDATA[
                            设备列表: {0}
                            ]]>
                            </value>
                        </Row>
                        <Row>
                            <name>
                            <![CDATA[
                            PTC.Factory.DEVICE NAME:
                            ]]>
                            </name>
                            <value>
                            <![CDATA[
                            设备名称: {0}
                            ]]>
                            </value>
                        </Row>
                        <Row>
                            <name>
                            <![CDATA[
                            PTC.Factory.Mode
                            ]]>
                            </name>
                            <value>
                            <![CDATA[
                            降级状态
                            ]]>
                            </value>
                        </Row>
                        <Row>
                            <name>
                            <![CDATA[
                            PTC.Factory.View
                            ]]>
                            </name>
                            <value>
                            <![CDATA[
                            查看
                            ]]>
                            </value>
                        </Row>
                        <Row>
                            <name>
                            <![CDATA[
                            PTC.Factory.Channel
                            ]]>
                            </name>
                            <value>
                            <![CDATA[
                            通道
                            ]]>
                            </value>
                        </Row>
                        <Row>
                            <name>
                            <![CDATA[
                            PTC.Factory.Error.GetDevicesError
                            ]]>
                            </name>
                            <value>
                            <![CDATA[
                            检索设备时出错
                            ]]>
                            </value>
                        </Row>
                        <Row>
                            <name>
                            <![CDATA[
                            PTC.Factory.DiscoverDevices.ToolTip
                            ]]>
                            </name>
                            <value>
                            <![CDATA[
                            发现设备
                            ]]>
                            </value>
                        </Row>
                        <Row>
                            <name>
                            <![CDATA[
                            PTC.Factory.DETAILS.ToolTip
                            ]]>
                            </name>
                            <value>
                            <![CDATA[
                            查看连接详细信息
                            ]]>
                            </value>
                        </Row>
                        <Row>
                            <name>
                            <![CDATA[
                            PTC.Factory.DeleteDevices.TITLE
                            ]]>
                            </name>
                            <value>
                            <![CDATA[
                            删除设备
                            ]]>
                            </value>
                        </Row>
                        <Row>
                            <name>
                            <![CDATA[
                            PTC.Factory.DeleteDevices.CONFIRM
                            ]]>
                            </name>
                            <value>
                            <![CDATA[
                            确定要删除设备 {0}?
                            ]]>
                            </value>
                        </Row>
                        <Row>
                            <name>
                            <![CDATA[
                            PTC.Factory.DiscoverDevices.TITLE
                            ]]>
                            </name>
                            <value>
                            <![CDATA[
                            发现设备?
                            ]]>
                            </value>
                        </Row>
                        <Row>
                            <name>
                            <![CDATA[
                            PTC.Factory.DiscoverDevices.Confirm
                            ]]>
                            </name>
                            <value>
                            <![CDATA[
                            发现设备的过程需要一定时间并可能影响性能。您可以离开此页面，设备发现进程会在后台继续运行。单击“确定”将继续进行设备发现。
                            ]]>
                            </value>
                        </Row>
                        <Row>
                            <name>
                            <![CDATA[
                            PTC.Factory.DiscoverDevices.Success
                            ]]>
                            </name>
                            <value>
                            <![CDATA[
                            已成功发现设备
                            ]]>
                            </value>
                        </Row>
                        <Row>
                            <name>
                            <![CDATA[
                            PTC.Factory.Error.FailToRemoveDevice
                            ]]>
                            </name>
                            <value>
                            <![CDATA[
                            未能在 ThingWorx 端移除设备。
                            ]]>
                            </value>
                        </Row>
                        <Row>
                            <name>
                            <![CDATA[
                            PTC.Factory.RediscoverRemoteServers.Error.Message
                            ]]>
                            </name>
                            <value>
                            <![CDATA[
                            未添加新服务器。
                            ]]>
                            </value>
                        </Row>
                        <Row>
                            <name>
                            <![CDATA[
                            PTC.Factory.DiscoverRemoteServers.TITLE
                            ]]>
                            </name>
                            <value>
                            <![CDATA[
                            发现旧版 KEPServerEX 和 OPC 服务器
                            ]]>
                            </value>
                        </Row>
                        <Row>
                            <name>
                            <![CDATA[
                            PTC.Factory.DiscoverRemoteServers.Confirm
                            ]]>
                            </name>
                            <value>
                            <![CDATA[
                            将在您离开此页面后继续在后台运行，这可能需要一定时间并会影响性能。
                            ]]>
                            </value>
                        </Row>
                        <Row>
                            <name>
                            <![CDATA[
                            PTC.Factory.DiscoverServers.Success
                            ]]>
                            </name>
                            <value>
                            <![CDATA[
                            已成功发现旧版 KEPServerEX 和 OPC 服务器。
                            ]]>
                            </value>
                        </Row>
                        <Row>
                            <name>
                            <![CDATA[
                            PTC.Factory.Error.FailToUnsubscribeTags
                            ]]>
                            </name>
                            <value>
                            <![CDATA[
                            未能在 ThingWorx 端取消订阅设备标记。
                            ]]>
                            </value>
                        </Row>
                        <Row>
                            <name>
                            <![CDATA[
                            PTC.Factory.Period.LastWeek
                            ]]>
                            </name>
                            <value>
                            <![CDATA[
                            过去一周
                            ]]>
                            </value>
                        </Row>
                        <Row>
                            <name>
                            <![CDATA[
                            PTC.Factory.Period.LastHour
                            ]]>
                            </name>
                            <value>
                            <![CDATA[
                            过去一小时
                            ]]>
                            </value>
                        </Row>
                        <Row>
                            <name>
                            <![CDATA[
                            PTC.Factory.Period.LastDay
                            ]]>
                            </name>
                            <value>
                            <![CDATA[
                            过去一天
                            ]]>
                            </value>
                        </Row>
                        <Row>
                            <name>
                            <![CDATA[
                            PTC.Factory.TrendClientCountDateSelection
                            ]]>
                            </name>
                            <value>
                            <![CDATA[
                            客户端计数
                            ]]>
                            </value>
                        </Row>
                        <Row>
                            <name>
                            <![CDATA[
                            PTC.Factory.TrendTagCountDateSelection
                            ]]>
                            </name>
                            <value>
                            <![CDATA[
                            标记计数趋势
                            ]]>
                            </value>
                        </Row>
                        <Row>
                            <name>
                            <![CDATA[
                            PTC.Factory.InError
                            ]]>
                            </name>
                            <value>
                            <![CDATA[
                            出错
                            ]]>
                            </value>
                        </Row>
                        <Row>
                            <name>
                            <![CDATA[
                            PTC.Factory.InError24h
                            ]]>
                            </name>
                            <value>
                            <![CDATA[
                            过去 24 小时的错误
                            ]]>
                            </value>
                        </Row>
                        <Row>
                            <name>
                            <![CDATA[
                            PTC.Factory.Good
                            ]]>
                            </name>
                            <value>
                            <![CDATA[
                            正常
                            ]]>
                            </value>
                        </Row>
                        <Row>
                            <name>
                            <![CDATA[
                            PTC.Factory.N/A
                            ]]>
                            </name>
                            <value>
                            <![CDATA[
                            不可用
                            ]]>
                            </value>
                        </Row>
                        <Row>
                            <name>
                            <![CDATA[
                            PTC.Factory.ServerStatus
                            ]]>
                            </name>
                            <value>
                            <![CDATA[
                            状况
                            ]]>
                            </value>
                        </Row>
                        <Row>
                            <name>
                            <![CDATA[
                            PTC.Factory.DeviceStatus
                            ]]>
                            </name>
                            <value>
                            <![CDATA[
                            状况
                            ]]>
                            </value>
                        </Row>
                        <Row>
                            <name>
                            <![CDATA[
                            PTC.Factory.DescriptionWarning
                            ]]>
                            </name>
                            <value>
                            <![CDATA[
                            “说明”无效。请输入字符数不超过 200 的字符串。
                            ]]>
                            </value>
                        </Row>
                        <Row>
                            <name>
                            <![CDATA[
                            PTC.Factory.Since
                            ]]>
                            </name>
                            <value>
                            <![CDATA[
                            更新时间
                            ]]>
                            </value>
                        </Row>
                        <Row>
                            <name>
                            <![CDATA[
                            PTC.Factory.LastDiscovery
                            ]]>
                            </name>
                            <value>
                            <![CDATA[
                            上一次设备发现
                            ]]>
                            </value>
                        </Row>
                        <Row>
                            <name>
                            <![CDATA[
                            PTC.Factory.Updated
                            ]]>
                            </name>
                            <value>
                            <![CDATA[
                            更新时间
                            ]]>
                            </value>
                        </Row>
                        <Row>
                            <name>
                            <![CDATA[
                            PTC.Factory.Disabled
                            ]]>
                            </name>
                            <value>
                            <![CDATA[
                            禁用
                            ]]>
                            </value>
                        </Row>
                        <Row>
                            <name>
                            <![CDATA[
                            PTC.SCA.Mfg.KepServerMonitor.SuccessfulRead
                            ]]>
                            </name>
                            <value>
                            <![CDATA[
                            成功读取
                            ]]>
                            </value>
                        </Row>
                        <Row>
                            <name>
                            <![CDATA[
                            PTC.SCA.Mfg.KepServerMonitor.SuccessfulWrite
                            ]]>
                            </name>
                            <value>
                            <![CDATA[
                            成功写入
                            ]]>
                            </value>
                        </Row>
                        <Row>
                            <name>
                            <![CDATA[
                            PTC.SCA.Mfg.KepServerMonitor.FailedRead
                            ]]>
                            </name>
                            <value>
                            <![CDATA[
                            失败读取
                            ]]>
                            </value>
                        </Row>
                        <Row>
                            <name>
                            <![CDATA[
                            PTC.SCA.Mfg.KepServerMonitor.FailedWrite
                            ]]>
                            </name>
                            <value>
                            <![CDATA[
                            失败写入
                            ]]>
                            </value>
                        </Row>
                        <Row>
                            <name>
                            <![CDATA[
                            PTC.SCA.Mfg.KepServerMonitor.PendingRead
                            ]]>
                            </name>
                            <value>
                            <![CDATA[
                            等待读取
                            ]]>
                            </value>
                        </Row>
                        <Row>
                            <name>
                            <![CDATA[
                            PTC.SCA.Mfg.KepServerMonitor.PendingWrite
                            ]]>
                            </name>
                            <value>
                            <![CDATA[
                            等待写入
                            ]]>
                            </value>
                        </Row>
                        <Row>
                            <name>
                            <![CDATA[
                            PTC.SCA.Mfg.KepServerMonitor.Tx
                            ]]>
                            </name>
                            <value>
                            <![CDATA[
                            TX
                            ]]>
                            </value>
                        </Row>
                        <Row>
                            <name>
                            <![CDATA[
                            PTC.SCA.Mfg.KepServerMonitor.Rx
                            ]]>
                            </name>
                            <value>
                            <![CDATA[
                            RX
                            ]]>
                            </value>
                        </Row>
                        <Row>
                            <name>
                            <![CDATA[
                            PTC.SCA.Mfg.KepServerMonitor.ErrorState
                            ]]>
                            </name>
                            <value>
                            <![CDATA[
                            错误状态
                            ]]>
                            </value>
                        </Row>
                        <Row>
                            <name>
                            <![CDATA[
                            PTC.SCA.Mfg.KepServerMonitor.TimeInError
                            ]]>
                            </name>
                            <value>
                            <![CDATA[
                            出错时间
                            ]]>
                            </value>
                        </Row>
                        <Row>
                            <name>
                            <![CDATA[
                            PTC.SCA.Mfg.KepServerMonitor.DeviceNameReq
                            ]]>
                            </name>
                            <value>
                            <![CDATA[
                            设备名称*
                            ]]>
                            </value>
                        </Row>
                        <Row>
                            <name>
                            <![CDATA[
                            PTC.SCA.Mfg.KepServerMonitor.DeviceProperties
                            ]]>
                            </name>
                            <value>
                            <![CDATA[
                            设备属性
                            ]]>
                            </value>
                        </Row>
                        <Row>
                            <name>
                            <![CDATA[
                            PTC.SCA.Mfg.KepServerMonitor.DeviceDetail
                            ]]>
                            </name>
                            <value>
                            <![CDATA[
                            设备详细信息
                            ]]>
                            </value>
                        </Row>
                        <Row>
                            <name>
                            <![CDATA[
                            PTC.SCA.Mfg.KepServerMonitor.CreateDevicePopUp
                            ]]>
                            </name>
                            <value>
                            <![CDATA[
                            创建设备
                            ]]>
                            </value>
                        </Row>
                        <Row>
                            <name>
                            <![CDATA[
                            PTC.SCA.Mfg.KepServerMonitor.CreateDevice
                            ]]>
                            </name>
                            <value>
                            <![CDATA[
                            创建设备
                            ]]>
                            </value>
                        </Row>
                        <Row>
                            <name>
                            <![CDATA[
                            PTC.SCA.Mfg.KepServerMonitor.EditDevicePopUp
                            ]]>
                            </name>
                            <value>
                            <![CDATA[
                            编辑设备
                            ]]>
                            </value>
                        </Row>
                        <Row>
                            <name>
                            <![CDATA[
                            PTC.SCA.Mfg.KepServerMonitor.EditDevice
                            ]]>
                            </name>
                            <value>
                            <![CDATA[
                            编辑设备
                            ]]>
                            </value>
                        </Row>
                        <Row>
                            <name>
                            <![CDATA[
                            PTC.SCA.Mfg.KepServerMonitor.DeleteDevice
                            ]]>
                            </name>
                            <value>
                            <![CDATA[
                            删除设备
                            ]]>
                            </value>
                        </Row>
                        <Row>
                            <name>
                            <![CDATA[
                            PTC.Factory.AppliesOnlyKepware
                            ]]>
                            </name>
                            <value>
                            <![CDATA[
                            仅适用于 Kepware 服务器
                            ]]>
                            </value>
                        </Row>
                        <Row>
                            <name>
                            <![CDATA[
                            PTC.SCA.Mfg.KepServerMonitor.DeviceAlreadyExist
                            ]]>
                            </name>
                            <value>
                            <![CDATA[
                            创建 {0} 时出错。系统中已存在同一设备。
                            ]]>
                            </value>
                        </Row>
                        <Row>
                            <name>
                            <![CDATA[
                            PTC.SCA.Mfg.KepServerMonitor.DeviceCreationError
                            ]]>
                            </name>
                            <value>
                            <![CDATA[
                            名称不能包括特殊字符 (* / : " ' > <) 或两个连续空格。
                            ]]>
                            </value>
                        </Row>
                        <Row>
                            <name>
                            <![CDATA[
                            PTC.Factory.Connections
                            ]]>
                            </name>
                            <value>
                            <![CDATA[
                            连接
                            ]]>
                            </value>
                        </Row>
                        <Row>
                            <name>
                            <![CDATA[
                            PTC.Factory.Aggregators
                            ]]>
                            </name>
                            <value>
                            <![CDATA[
                            聚合器
                            ]]>
                            </value>
                        </Row>
                        <Row>
                            <name>
                            <![CDATA[
                            PTC.Factory.DiscoverRemoteServer
                            ]]>
                            </name>
                            <value>
                            <![CDATA[
                            发现旧版 KEPServerEX 和 OPC 服务器
                            ]]>
                            </value>
                        </Row>
                        <Row>
                            <name>
                            <![CDATA[
                            PTC.Factory.ConnectionType
                            ]]>
                            </name>
                            <value>
                            <![CDATA[
                            连接类型
                            ]]>
                            </value>
                        </Row>
                        <Row>
                            <name>
                            <![CDATA[
                            PTC.Factory.OPCServer
                            ]]>
                            </name>
                            <value>
                            <![CDATA[
                            OPC 服务器
                            ]]>
                            </value>
                        </Row>
                        <Row>
                            <name>
                            <![CDATA[
                            PTC.Factory.ConnectionInformation
                            ]]>
                            </name>
                            <value>
                            <![CDATA[
                            连接信息
                            ]]>
                            </value>
                        </Row>
                        <Row>
                            <name>
                            <![CDATA[
                            PTC.Factory.ConnectionInformation.Name
                            ]]>
                            </name>
                            <value>
                            <![CDATA[
                            名称:
                            ]]>
                            </value>
                        </Row>
                        <Row>
                            <name>
                            <![CDATA[
                            PTC.Factory.ConnectionInformation.Description
                            ]]>
                            </name>
                            <value>
                            <![CDATA[
                            说明:
                            ]]>
                            </value>
                        </Row>
                        <Row>
                            <name>
                            <![CDATA[
                            PTC.Factory.ConnectionInformation.Legacy
                            ]]>
                            </name>
                            <value>
                            <![CDATA[
                            旧版:
                            ]]>
                            </value>
                        </Row>
                        <Row>
                            <name>
                            <![CDATA[
                            PTC.Factory.ConnectionInformation.Disable
                            ]]>
                            </name>
                            <value>
                            <![CDATA[
                            禁用
                            ]]>
                            </value>
                        </Row>
                        <Row>
                            <name>
                            <![CDATA[
                            PTC.Factory.ViewConnectionInformation
                            ]]>
                            </name>
                            <value>
                            <![CDATA[
                            查看连接信息
                            ]]>
                            </value>
                        </Row>
                        <Row>
                            <name>
                            <![CDATA[
                            PTC.Factory.AggregateName
                            ]]>
                            </name>
                            <value>
                            <![CDATA[
                            聚合器名称
                            ]]>
                            </value>
                        </Row>
                        <Row>
                            <name>
                            <![CDATA[
                            PTC.SCA.Mfg.KepServerMonitor.ServerAndConnOn
                            ]]>
                            </name>
                            <value>
                            <![CDATA[
                            数据经由连接移动
                            ]]>
                            </value>
                        </Row>
                        <Row>
                            <name>
                            <![CDATA[
                            PTC.SCA.Mfg.KepServerMonitor.ServerAndConnOff
                            ]]>
                            </name>
                            <value>
                            <![CDATA[
                            连接关闭
                            ]]>
                            </value>
                        </Row>
                        <Row>
                            <name>
                            <![CDATA[
                            PTC.SCA.Mfg.KepServerMonitor.ServerAndConnWarning
                            ]]>
                            </name>
                            <value>
                            <![CDATA[
                            没有数据经由连接移动
                            ]]>
                            </value>
                        </Row>
                        <Row>
                            <name>
                            <![CDATA[
                            PTC.SCA.Mfg.KepServerMonitor.BadOrUnknownQualityTagsHeader
                            ]]>
                            </name>
                            <value>
                            <![CDATA[
                            劣质或未知质量标记
                            ]]>
                            </value>
                        </Row>
                        <Row>
                            <name>
                            <![CDATA[
                            PTC.SCA.Mfg.KepServerMonitor.Source
                            ]]>
                            </name>
                            <value>
                            <![CDATA[
                            源
                            ]]>
                            </value>
                        </Row>
                        <Row>
                            <name>
                            <![CDATA[
                            PTC.SCA.Mfg.KepServerMonitor.DataType
                            ]]>
                            </name>
                            <value>
                            <![CDATA[
                            数据类型
                            ]]>
                            </value>
                        </Row>
                        <Row>
                            <name>
                            <![CDATA[
                            PTC.SCA.Mfg.KepServerMonitor.SourceDataType
                            ]]>
                            </name>
                            <value>
                            <![CDATA[
                            源数据类型
                            ]]>
                            </value>
                        </Row>
                        <Row>
                            <name>
                            <![CDATA[
                            PTC.SCA.Mfg.KepServerMonitor.Quality
                            ]]>
                            </name>
                            <value>
                            <![CDATA[
                            质量
                            ]]>
                            </value>
                        </Row>
                        <Row>
                            <name>
                            <![CDATA[
                            PTC.SCA.SCO.ControlsAdvisor.PageDetailDescription
                            ]]>
                            </name>
                            <value>
                            <![CDATA[
                            此常规详细信息页面尚未设置。有关详细信息，请联系管理员。
                            ]]>
                            </value>
                        </Row>
                        <Row>
                            <name>
                            <![CDATA[
                            PTC.SCA.SCO.ControlsAdvisor.FooterDescription
                            ]]>
                            </name>
                            <value>
                            <![CDATA[
                            此常规页脚页面尚未设置。有关详细信息，请联系管理员。
                            ]]>
                            </value>
                        </Row>
                        <Row>
                            <name>
                            <![CDATA[
                            PTC.SCA.SCO.ControlsAdvisor.InstructionDescription
                            ]]>
                            </name>
                            <value>
                            <![CDATA[
                            此常规操作说明页面尚未设置。有关详细信息，请联系管理员。
                            ]]>
                            </value>
                        </Row>
                        <Row>
                            <name>
                            <![CDATA[
                            PTC.SCA.SCO.ControlsAdvisor.ValueStreamExists
                            ]]>
                            </name>
                            <value>
                            <![CDATA[
                            值流已存在于指定服务器 {0}，无法创建此服务器。
                            ]]>
                            </value>
                        </Row>
                        <Row>
                            <name>
                            <![CDATA[
                            PTC.SCA.SCO.ControlsAdvisor.LOWERCASE_PATH_WITH_COLON
                            ]]>
                            </name>
                            <value>
                            <![CDATA[
                            路径:
                            ]]>
                            </value>
                        </Row>
                        <Row>
                            <name>
                            <![CDATA[
                            PTC.SCA.SCO.ControlsAdvisor.LOWERCASE_PORT_WITH_COLON
                            ]]>
                            </name>
                            <value>
                            <![CDATA[
                            端口:
                            ]]>
                            </value>
                        </Row>
                        <Row>
                            <name>
                            <![CDATA[
                            PTC.SCA.SCO.ControlsAdvisor.LOWERCASE_HOST_WITH_COLON
                            ]]>
                            </name>
                            <value>
                            <![CDATA[
                            主机:
                            ]]>
                            </value>
                        </Row>
                        <Row>
                            <name>
                            <![CDATA[
                            PTC.SCA.SCO.ControlsAdvisor.APPKEY_WITH_COLON
                            ]]>
                            </name>
                            <value>
                            <![CDATA[
                            应用密钥:
                            ]]>
                            </value>
                        </Row>
                        <Row>
                            <name>
                            <![CDATA[
                            PTC.SCA.SCO.ControlsAdvisor.LOWERCASE_NAME_WITH_COLON
                            ]]>
                            </name>
                            <value>
                            <![CDATA[
                            名称:
                            ]]>
                            </value>
                        </Row>
                        <Row>
                            <name>
                            <![CDATA[
                            PTC.SCA.SCO.ControlsAdvisor.NITestStandLastShift
                            ]]>
                            </name>
                            <value>
                            <![CDATA[
                            上一班次
                            ]]>
                            </value>
                        </Row>
                        <Row>
                            <name>
                            <![CDATA[
                            PTC.SCA.SCO.ControlsAdvisor.NITestStandCurrentUtilization
                            ]]>
                            </name>
                            <value>
                            <![CDATA[
                            当前利用情况
                            ]]>
                            </value>
                        </Row>
                        <Row>
                            <name>
                            <![CDATA[
                            PTC.SCA.SCO.ControlsAdvisor.NITestStandStation.WithColon
                            ]]>
                            </name>
                            <value>
                            <![CDATA[
                            站点:
                            ]]>
                            </value>
                        </Row>
                        <Row>
                            <name>
                            <![CDATA[
                            PTC.SCA.SCO.ControlsAdvisor.NITestStandStation
                            ]]>
                            </name>
                            <value>
                            <![CDATA[
                            站点
                            ]]>
                            </value>
                        </Row>
                        <Row>
                            <name>
                            <![CDATA[
                            PTC.SCA.SCO.ControlsAdvisor.NITestStandSequence.WithColon
                            ]]>
                            </name>
                            <value>
                            <![CDATA[
                            序列:
                            ]]>
                            </value>
                        </Row>
                        <Row>
                            <name>
                            <![CDATA[
                            PTC.SCA.SCO.ControlsAdvisor.NITestStandSequence
                            ]]>
                            </name>
                            <value>
                            <![CDATA[
                            序列
                            ]]>
                            </value>
                        </Row>
                        <Row>
                            <name>
                            <![CDATA[
                            PTC.SCA.SCO.ControlsAdvisor.NITestStandDuration.WithColon
                            ]]>
                            </name>
                            <value>
                            <![CDATA[
                            持续时间:
                            ]]>
                            </value>
                        </Row>
                        <Row>
                            <name>
                            <![CDATA[
                            PTC.SCA.SCO.ControlsAdvisor.NITestStandDuration
                            ]]>
                            </name>
                            <value>
                            <![CDATA[
                            持续时间
                            ]]>
                            </value>
                        </Row>
                        <Row>
                            <name>
                            <![CDATA[
                            PTC.SCA.SCO.ControlsAdvisor.NITestStandLastStep.WithColon
                            ]]>
                            </name>
                            <value>
                            <![CDATA[
                            上一步骤:
                            ]]>
                            </value>
                        </Row>
                        <Row>
                            <name>
                            <![CDATA[
                            PTC.SCA.SCO.ControlsAdvisor.NITestStandResult.WithColon
                            ]]>
                            </name>
                            <value>
                            <![CDATA[
                            结果:
                            ]]>
                            </value>
                        </Row>
                        <Row>
                            <name>
                            <![CDATA[
                            PTC.SCA.SCO.ControlsAdvisor.NITestStandResult
                            ]]>
                            </name>
                            <value>
                            <![CDATA[
                            结果
                            ]]>
                            </value>
                        </Row>
                        <Row>
                            <name>
                            <![CDATA[
                            PTC.SCA.SCO.ControlsAdvisor.NITestStandSequenceResult
                            ]]>
                            </name>
                            <value>
                            <![CDATA[
                            序列结果
                            ]]>
                            </value>
                        </Row>
                        <Row>
                            <name>
                            <![CDATA[
                            PTC.SCA.SCO.ControlsAdvisor.NITestStandLastSequenceRun
                            ]]>
                            </name>
                            <value>
                            <![CDATA[
                            上次序列运行
                            ]]>
                            </value>
                        </Row>
                        <Row>
                            <name>
                            <![CDATA[
                            PTC.SCA.SCO.ControlsAdvisor.NITestStandStartTime
                            ]]>
                            </name>
                            <value>
                            <![CDATA[
                            开始时间
                            ]]>
                            </value>
                        </Row>
                        <Row>
                            <name>
                            <![CDATA[
                            PTC.SCA.SCO.ControlsAdvisor.NITestStandReasonForFailure
                            ]]>
                            </name>
                            <value>
                            <![CDATA[
                            失败原因
                            ]]>
                            </value>
                        </Row>
                        <Row>
                            <name>
                            <![CDATA[
                            PTC.SCA.SCO.ControlsAdvisor.NITestStandRunning
                            ]]>
                            </name>
                            <value>
                            <![CDATA[
                            正在运行
                            ]]>
                            </value>
                        </Row>
                        <Row>
                            <name>
                            <![CDATA[
                            PTC.SCA.SCO.ControlsAdvisor.NITestStandIdle
                            ]]>
                            </name>
                            <value>
                            <![CDATA[
                            空闲
                            ]]>
                            </value>
                        </Row>
                        <Row>
                            <name>
                            <![CDATA[
                            PTC.SCA.SCO.ControlsAdvisor.NITestStandTestHistory
                            ]]>
                            </name>
                            <value>
                            <![CDATA[
                            测试历史记录 (过去 6 个序列)
                            ]]>
                            </value>
                        </Row>
                        <Row>
                            <name>
                            <![CDATA[
                            PTC.SCA.SCO.ControlsAdvisor.TrendNumberOfTestsRun
                            ]]>
                            </name>
                            <value>
                            <![CDATA[
                            趋势: 测试运行次数
                            ]]>
                            </value>
                        </Row>
                        <Row>
                            <name>
                            <![CDATA[
                            PTC.SCA.SCO.ControlsAdvisor.TestHistoryDetails
                            ]]>
                            </name>
                            <value>
                            <![CDATA[
                            测试历史记录详情
                            ]]>
                            </value>
                        </Row>
                        <Row>
                            <name>
                            <![CDATA[
                            PTC.SCA.SCO.ControlsAdvisor.NITestStandTestHistoryTrendName
                            ]]>
                            </name>
                            <value>
                            <![CDATA[
                            测试序列运行
                            ]]>
                            </value>
                        </Row>
                        <Row>
                            <name>
                            <![CDATA[
                            PTC.SCA.SCO.ControlsAdvisor.AppKeyUsername
                            ]]>
                            </name>
                            <value>
                            <![CDATA[
                            应用程序密钥用户名 *
                            ]]>
                            </value>
                        </Row>
                        <Row>
                            <name>
                            <![CDATA[
                            PTC.SCA.SCO.ControlsAdvisor.AppKeyExpDate
                            ]]>
                            </name>
                            <value>
                            <![CDATA[
                            应用程序密钥到期日期 *
                            ]]>
                            </value>
                        </Row>
                    </Rows>
                </ConfigurationTable>
            </ConfigurationTables>
        </LocalizationTable>
    </LocalizationTables>
</Entities>
