<?xml version="1.0" encoding="UTF-8"?>
<Entities build="latest" majorVersion="0" minorVersion="0" modelPersistenceProviderPackage="PostgresPersistenceProviderPackage" revision="0" schemaVersion="1040" universal="">
  <Things>
    <Thing description="" documentationContent="" effectiveThingPackage="TimerThing" enabled="true" homeMashup="" identifier="" lastModifiedDate="2018-11-09T13:37:44.878-05:00" name="TerminateInactiveSessionsTimer" projectName="" published="false" tags="" thingTemplate="Timer" valueStream="">
      <ConfigurationTables>
        <ConfigurationTable description="General Settings" isMultiRow="false" name="Settings" ordinal="0">
          <DataShape>
            <FieldDefinitions>
              <FieldDefinition aspect.defaultValue="true" baseType="BOOLEAN" description="Automatically enable timer on startup" name="enabled" ordinal="0" />
              <FieldDefinition baseType="USERNAME" description="User context in which to run event handlers" name="runAsUser" ordinal="0" />
              <FieldDefinition aspect.defaultValue="60000.0" baseType="NUMBER" description="Update rate" name="updateRate" ordinal="0" />
            </FieldDefinitions>
          </DataShape>
          <Rows>
            <Row>
              <enabled>true</enabled>
              <runAsUser>Administrator</runAsUser>
              <updateRate>60000.0</updateRate>
            </Row>
          </Rows>
        </ConfigurationTable>
      </ConfigurationTables>
      <ThingShape>
        <Subscriptions>
          <Subscription description="" enabled="true" eventName="Timer" name="TerminateInactiveSessionsSubscription" source="" sourceProperty="" sourceType="Thing">
            <ServiceImplementation description="" handlerName="Script" name="TerminateInactiveSessionsSubscription">
              <ConfigurationTables>
                <ConfigurationTable description="" isMultiRow="false" name="Script" ordinal="0">
                  <DataShape>
                    <FieldDefinitions>
                      <FieldDefinition baseType="STRING" description="code" name="code" ordinal="0" />
                    </FieldDefinitions>
                  </DataShape>
                  <Rows>
                    <Row>
                      <code><![CDATA[Subsystems["RemoteAccessSubsystem"].TerminateInactiveSessions();]]></code>
                    </Row>
                  </Rows>
                </ConfigurationTable>
              </ConfigurationTables>
            </ServiceImplementation>
          </Subscription>
        </Subscriptions>
      </ThingShape>
    </Thing>
  </Things>
</Entities>