<?xml version="1.0" encoding="UTF-8"?>
<Entities
 build="b50"
 majorVersion="7"
 minorVersion="3"
 modelPersistenceProviderPackage="NeoPersistenceProviderPackage"
 revision="0"
 schemaVersion="931">
    <DataShapes>
        <DataShape
         aspect.isEditableExtensionObject="false"
         baseDataShape=""
         description="***DEPRECATED-J*** This data shape will be deleted in a future release. Data shape for resources provided by PTC.Factory.StatusExpressionResourceProvider {PTC.Factory.StatusExpressionDataShape}"
         documentationContent=""
         homeMashup=""
         lastModifiedDate="2017-02-06T16:01:28.472-05:00"
         name="PTC.Factory.StatusExpressionDataShape"
         projectName="PTC.SCA.SCO.Status.Model"
         tags="PTC:sca-sco;PTC:DataShape;PTC:sca-sco-status-model">
            <avatar></avatar>
            <DesignTimePermissions>
                <Create></Create>
                <Read></Read>
                <Update></Update>
                <Delete></Delete>
                <Metadata></Metadata>
            </DesignTimePermissions>
            <RunTimePermissions></RunTimePermissions>
            <VisibilityPermissions>
                <Visibility>
                    <Principal
                     isPermitted="true"
                     name="PTC.Factory.MachineVisibility"
                     type="Organization"></Principal>
                </Visibility>
            </VisibilityPermissions>
            <ConfigurationTables></ConfigurationTables>
            <FieldDefinitions>
                <FieldDefinition
                 baseType="THINGTEMPLATENAME"
                 description="AssetType"
                 name="AssetType"
                 ordinal="0"></FieldDefinition>
                <FieldDefinition
                 aspect.defaultValue="70"
                 aspect.maximumValue="999"
                 aspect.minimumValue="0"
                 aspect.units="%"
                 baseType="INTEGER"
                 description=""
                 name="availability_MaxThreshold"
                 ordinal="0"></FieldDefinition>
                <FieldDefinition
                 aspect.defaultValue="30"
                 aspect.maximumValue="999"
                 aspect.minimumValue="0"
                 aspect.units="%"
                 baseType="INTEGER"
                 description=""
                 name="availability_MinThreshold"
                 ordinal="0"></FieldDefinition>
                <FieldDefinition
                 baseType="USERNAME"
                 description="CreatedBy"
                 name="CreatedBy"
                 ordinal="0"></FieldDefinition>
                <FieldDefinition
                 baseType="DATETIME"
                 description=""
                 name="CreateTimestamp"
                 ordinal="0"></FieldDefinition>
                <FieldDefinition
                 baseType="STRING"
                 description="DetailsPageLink"
                 name="DetailsPageLink"
                 ordinal="0"></FieldDefinition>
                <FieldDefinition
                 baseType="STRING"
                 description=""
                 name="EXP_E_goodCount"
                 ordinal="0"></FieldDefinition>
                <FieldDefinition
                 baseType="STRING"
                 description=""
                 name="EXP_E_idealRunRate"
                 ordinal="0"></FieldDefinition>
                <FieldDefinition
                 baseType="STRING"
                 description=""
                 name="EXP_E_totalCount"
                 ordinal="0"></FieldDefinition>
                <FieldDefinition
                 baseType="STRING"
                 description=""
                 name="Id"
                 ordinal="0"></FieldDefinition>
                <FieldDefinition
                 baseType="IMAGE"
                 description="Image"
                 name="Image"
                 ordinal="0"></FieldDefinition>
                <FieldDefinition
                 baseType="BOOLEAN"
                 description="IsActive"
                 name="IsActive"
                 ordinal="0"></FieldDefinition>
                <FieldDefinition
                 baseType="BOOLEAN"
                 description="IsConnected"
                 name="IsConnected"
                 ordinal="0"></FieldDefinition>
                <FieldDefinition
                 baseType="DATETIME"
                 description="LastConnection"
                 name="LastConnection"
                 ordinal="0"></FieldDefinition>
                <FieldDefinition
                 baseType="STRING"
                 description="Name"
                 name="Name"
                 ordinal="0"></FieldDefinition>
                <FieldDefinition
                 aspect.defaultValue="70"
                 aspect.maximumValue="999"
                 aspect.minimumValue="0"
                 aspect.units="%"
                 baseType="INTEGER"
                 description=""
                 name="oEE_MaxThreshold"
                 ordinal="0"></FieldDefinition>
                <FieldDefinition
                 aspect.defaultValue="30"
                 aspect.maximumValue="999"
                 aspect.minimumValue="0"
                 aspect.units="%"
                 baseType="INTEGER"
                 description=""
                 name="oEE_MinThreshold"
                 ordinal="0"></FieldDefinition>
                <FieldDefinition
                 aspect.defaultValue="70"
                 aspect.maximumValue="999"
                 aspect.minimumValue="0"
                 aspect.units="%"
                 baseType="INTEGER"
                 description=""
                 name="performance_MaxThreshold"
                 ordinal="0"></FieldDefinition>
                <FieldDefinition
                 aspect.defaultValue="30"
                 aspect.maximumValue="999"
                 aspect.minimumValue="0"
                 aspect.units="%"
                 baseType="INTEGER"
                 description=""
                 name="performance_MinThreshold"
                 ordinal="0"></FieldDefinition>
                <FieldDefinition
                 aspect.defaultValue="70"
                 aspect.maximumValue="999"
                 aspect.minimumValue="0"
                 aspect.units="%"
                 baseType="INTEGER"
                 description=""
                 name="quality_MaxThreshold"
                 ordinal="0"></FieldDefinition>
                <FieldDefinition
                 aspect.defaultValue="30"
                 aspect.maximumValue="999"
                 aspect.minimumValue="0"
                 aspect.units="%"
                 baseType="INTEGER"
                 description=""
                 name="quality_MinThreshold"
                 ordinal="0"></FieldDefinition>
                <FieldDefinition
                 baseType="USERNAME"
                 description="UpdatedBy"
                 name="UpdatedBy"
                 ordinal="0"></FieldDefinition>
                <FieldDefinition
                 baseType="DATETIME"
                 description="UpdateTimestamp"
                 name="UpdateTimestamp"
                 ordinal="0"></FieldDefinition>
            </FieldDefinitions>
        </DataShape>
    </DataShapes>
</Entities>
