<?xml version="1.0" encoding="UTF-8"?>
<Entities
 build="b6919"
 majorVersion="0"
 minorVersion="0"
 modelPersistenceProviderPackage="PostgresPersistenceProviderPackage"
 revision="0"
 schemaVersion="1050"
 universal="password">
    <DataShapes>
        <DataShape
         aspect.isEditableExtensionObject="false"
         aspect.isExtension="true"
         baseDataShape=""
         description="A wrapper data shape with a boolean field and message (if any)"
         documentationContent=""
         homeMashup=""
         lastModifiedDate="2019-06-04T09:26:15.953-04:00"
         name="PTC.SCA.SCO.MessageResponse"
         projectName="PTC.SCA.SCO.OperatorAdvisor.Model"
         tags="PTC:sca-sco;PTC:DataShape;PTC:sca-sco-operatoradvisor-model">
            <avatar></avatar>
            <DesignTimePermissions>
                <Create></Create>
                <Read></Read>
                <Update></Update>
                <Delete></Delete>
                <Metadata></Metadata>
            </DesignTimePermissions>
            <RunTimePermissions></RunTimePermissions>
            <VisibilityPermissions>
                <Visibility></Visibility>
            </VisibilityPermissions>
            <ConfigurationTableDefinitions></ConfigurationTableDefinitions>
            <ConfigurationTables></ConfigurationTables>
            <FieldDefinitions>
                <FieldDefinition
                 aspect.isPrimaryKey="false"
                 baseType="STRING"
                 description=""
                 name="Message"
                 ordinal="4"></FieldDefinition>
                <FieldDefinition
                 aspect.isPrimaryKey="false"
                 baseType="BOOLEAN"
                 description=""
                 name="Successful"
                 ordinal="3"></FieldDefinition>
            </FieldDefinitions>
        </DataShape>
    </DataShapes>
</Entities>
