<?xml version="1.0" encoding="UTF-8"?>
<Entities
 build="b6955"
 majorVersion="0"
 minorVersion="0"
 modelPersistenceProviderPackage="PostgresPersistenceProviderPackage"
 revision="0"
 schemaVersion="1050"
 universal="password">
    <DataShapes>
        <DataShape
         aspect.isEditableExtensionObject="false"
         aspect.isExtension="true"
         baseDataShape=""
         description="Datashape to have navigation details for Shift And Crew Launch Point"
         documentationContent=""
         homeMashup=""
         lastModifiedDate="2019-07-10T10:03:57.839-04:00"
         name="PTC.SCA.SCO.HubTileDetails"
         projectName="PTC.SCA.SCO.Shift.Model"
         tags="PTC:sca-sco;PTC:DataShape;PTC:sca-sco-shift-model">
            <avatar></avatar>
            <DesignTimePermissions>
                <Create></Create>
                <Read></Read>
                <Update></Update>
                <Delete></Delete>
                <Metadata></Metadata>
            </DesignTimePermissions>
            <RunTimePermissions></RunTimePermissions>
            <VisibilityPermissions>
                <Visibility></Visibility>
            </VisibilityPermissions>
            <ConfigurationTableDefinitions></ConfigurationTableDefinitions>
            <ConfigurationTables></ConfigurationTables>
            <FieldDefinitions>
                <FieldDefinition
                 aspect.isPrimaryKey="false"
                 baseType="IMAGELINK"
                 description="Image icon link from media entities"
                 name="ImageLink"
                 ordinal="2"></FieldDefinition>
                <FieldDefinition
                 aspect.isPrimaryKey="false"
                 baseType="STRING"
                 description="Image title for Image icon that will be displayed on each tile on the hub"
                 name="ImageTitle"
                 ordinal="3"></FieldDefinition>
                <FieldDefinition
                 aspect.isPrimaryKey="false"
                 baseType="STRING"
                 description=""
                 name="MashupName"
                 ordinal="4"></FieldDefinition>
                <FieldDefinition
                 aspect.isPrimaryKey="true"
                 aspect.minimumValue="1"
                 baseType="INTEGER"
                 description="Position of tile from left to right, top to bottom."
                 name="Position"
                 ordinal="5"></FieldDefinition>
            </FieldDefinitions>
        </DataShape>
    </DataShapes>
</Entities>
