<?xml version="1.0" encoding="UTF-8"?>
<Entities
 build="b1213"
 majorVersion="8"
 minorVersion="4"
 modelPersistenceProviderPackage="PostgresPersistenceProviderPackage"
 revision="0"
 schemaVersion="1040"
 universal="">
    <DataShapes>
        <DataShape
         aspect.isEditableExtensionObject="false"
         aspect.isExtension="true"
         baseDataShape=""
         description="DataShape for EquipmentTypeSettings Configuration table in PTC.Factory.LaunchPointConfiguration and related services."
         documentationContent=""
         homeMashup=""
         lastModifiedDate="2018-10-22T10:58:08.416-04:00"
         name="PTC.SCA.SCO.EquipmentTypeSettingsDataShape"
         projectName="PTC.SCA.SCO.Equipment.Model"
         tags="PTC:sca-sco;PTC:DataShape;PTC:sca-sco-equipment-model">
            <avatar></avatar>
            <DesignTimePermissions>
                <Create></Create>
                <Read></Read>
                <Update></Update>
                <Delete></Delete>
                <Metadata></Metadata>
            </DesignTimePermissions>
            <RunTimePermissions></RunTimePermissions>
            <VisibilityPermissions>
                <Visibility></Visibility>
            </VisibilityPermissions>
            <ConfigurationTableDefinitions></ConfigurationTableDefinitions>
            <ConfigurationTables></ConfigurationTables>
            <FieldDefinitions>
                <FieldDefinition
                 aspect.isPrimaryKey="false"
                 baseType="MENUNAME"
                 description="Configuration menu shown in Configuration and Setup for the equipment type"
                 name="ConfigurationMenu"
                 ordinal="6"></FieldDefinition>
                <FieldDefinition
                 aspect.defaultValue="true"
                 aspect.isPrimaryKey="false"
                 baseType="BOOLEAN"
                 description="Whether the alerts for the equipment type is enabled"
                 name="EnableTemplateAlerts"
                 ordinal="8"></FieldDefinition>
                <FieldDefinition
                 aspect.defaultValue="true"
                 aspect.isPrimaryKey="false"
                 baseType="BOOLEAN"
                 description="Whether the creation of the equipment type is enabled"
                 name="EnableCreation"
                 ordinal="7"></FieldDefinition>
                <FieldDefinition
                 aspect.isPrimaryKey="true"
                 baseType="STRING"
                 description="Equipment type internal key"
                 name="EquipmentType"
                 ordinal="1"></FieldDefinition>
                <FieldDefinition
                 aspect.isPrimaryKey="false"
                 baseType="STRING"
                 description="Localization token name for the equipment type"
                 name="LocalizationToken"
                 ordinal="5"></FieldDefinition>
                <FieldDefinition
                 aspect.isPrimaryKey="false"
                 baseType="THINGNAME"
                 description="Resource provider Thing for the equipment type"
                 name="ResourceProvider"
                 ordinal="4"></FieldDefinition>
                <FieldDefinition
                 aspect.isPrimaryKey="false"
                 baseType="THINGTEMPLATENAME"
                 description="ThingTemplate for the equipment type"
                 name="ThingTemplate"
                 ordinal="3"></FieldDefinition>
                <FieldDefinition
                 aspect.isPrimaryKey="false"
                 baseType="STRING"
                 description="The EquipmentType from which this EquipmentType derives from"
                 name="DerivesFrom"
                 ordinal="2"></FieldDefinition>
            </FieldDefinitions>
        </DataShape>
    </DataShapes>
</Entities>
