<?xml version="1.0" encoding="UTF-8"?>
<Entities
 build="b6937"
 majorVersion="0"
 minorVersion="0"
 modelPersistenceProviderPackage="PostgresPersistenceProviderPackage"
 revision="0"
 schemaVersion="1050"
 universal="password">
    <DataShapes>
        <DataShape
         aspect.isEditableExtensionObject="true"
         aspect.isExtension="true"
         baseDataShape=""
         description="Data Shape containing the additional properties for a Schedule {PTC.SCA.SCO.ShiftSchedule_AP}"
         documentationContent=""
         homeMashup=""
         lastModifiedDate="2019-06-05T10:32:47.885-04:00"
         name="PTC.SCA.SCO.ShiftSchedule_AP"
         projectName="PTC.SCA.SCO.Shift.Model"
         tags="PTC:sca-sco;PTC:DataShape;PTC:sca-sco-shift-model">
            <avatar></avatar>
            <DesignTimePermissions>
                <Create></Create>
                <Read></Read>
                <Update></Update>
                <Delete></Delete>
                <Metadata></Metadata>
            </DesignTimePermissions>
            <RunTimePermissions></RunTimePermissions>
            <VisibilityPermissions>
                <Visibility>
                    <Principal
                     isPermitted="true"
                     name="PTC.Factory.MachineVisibility"
                     type="Organization"></Principal>
                </Visibility>
            </VisibilityPermissions>
            <ConfigurationTableDefinitions></ConfigurationTableDefinitions>
            <ConfigurationTables></ConfigurationTables>
            <FieldDefinitions>
                <FieldDefinition
                 aspect.isPrimaryKey="true"
                 baseType="LONG"
                 description=""
                 name="UID"
                 ordinal="1"></FieldDefinition>
            </FieldDefinitions>
        </DataShape>
    </DataShapes>
</Entities>
