<?xml version="1.0" encoding="UTF-8"?>
<Entities
 build="b1962"
 majorVersion="8"
 minorVersion="4"
 modelPersistenceProviderPackage="PostgresPersistenceProviderPackage"
 revision="0"
 schemaVersion="1040"
 universal="password">
    <DataShapes>
        <DataShape
         aspect.isEditableExtensionObject="false"
         aspect.isExtension="true"
         baseDataShape=""
         description="Property Details {PTC.SCA.SCO.PropertyDetailsDataShape}"
         documentationContent=""
         homeMashup=""
         lastModifiedDate="2019-01-14T18:44:54.037-05:00"
         name="PTC.SCA.SCO.PropertyDetailsDataShape"
         projectName="PTC.SCA.SCO.Asset.Model"
         tags="PTC:sca-sco;PTC:DataShape;PTC:sca-sco-asset-model">
            <avatar></avatar>
            <DesignTimePermissions>
                <Create></Create>
                <Read>
                    <Principal
                     isPermitted="true"
                     name="Controls Engineer"
                     type="Group"></Principal>
                </Read>
                <Update>
                    <Principal
                     isPermitted="true"
                     name="Controls Engineer"
                     type="Group"></Principal>
                </Update>
                <Delete>
                    <Principal
                     isPermitted="true"
                     name="Controls Engineer"
                     type="Group"></Principal>
                </Delete>
                <Metadata></Metadata>
            </DesignTimePermissions>
            <RunTimePermissions>
                <Permissions
                 resourceName="*">
                    <PropertyRead>
                        <Principal
                         isPermitted="true"
                         name="Controls Engineer"
                         type="Group"></Principal>
                    </PropertyRead>
                    <PropertyWrite>
                        <Principal
                         isPermitted="true"
                         name="Controls Engineer"
                         type="Group"></Principal>
                    </PropertyWrite>
                    <ServiceInvoke>
                        <Principal
                         isPermitted="true"
                         name="Controls Engineer"
                         type="Group"></Principal>
                    </ServiceInvoke>
                    <EventInvoke>
                        <Principal
                         isPermitted="true"
                         name="Controls Engineer"
                         type="Group"></Principal>
                    </EventInvoke>
                    <EventSubscribe>
                        <Principal
                         isPermitted="true"
                         name="Controls Engineer"
                         type="Group"></Principal>
                    </EventSubscribe>
                </Permissions>
            </RunTimePermissions>
            <VisibilityPermissions>
                <Visibility>
                    <Principal
                     isPermitted="true"
                     name="PTC.Factory.MachineVisibility"
                     type="Organization"></Principal>
                </Visibility>
            </VisibilityPermissions>
            <ConfigurationTableDefinitions></ConfigurationTableDefinitions>
            <ConfigurationTables></ConfigurationTables>
            <FieldDefinitions>
                <FieldDefinition
                 baseType="BOOLEAN"
                 description="Boolean that indicates if the property is bounded to a Thing."
                 name="bound"
                 ordinal="5"></FieldDefinition>
                <FieldDefinition
                 baseType="STRING"
                 description="Name of the remote thing that it is currently bounded."
                 name="boundThingName"
                 ordinal="11"></FieldDefinition>
                <FieldDefinition
                 baseType="STRING"
                 description="Connection type of the bounded property"
                 name="connectionType"
                 ordinal="10"></FieldDefinition>
                <FieldDefinition
                 aspect.defaultValue="false"
                 aspect.isPrimaryKey="false"
                 baseType="BOOLEAN"
                 description="Indicates if the property is inherited from the base Template or a ThingShape"
                 name="isInherited"
                 ordinal="15"></FieldDefinition>
                <FieldDefinition
                 aspect.defaultValue="false"
                 aspect.isPrimaryKey="false"
                 baseType="BOOLEAN"
                 description=""
                 name="isInheritedBinding"
                 ordinal="17"></FieldDefinition>
                <FieldDefinition
                 aspect.isPrimaryKey="false"
                 baseType="BOOLEAN"
                 description="Indicates if the property is logged"
                 name="isLogged"
                 ordinal="14"></FieldDefinition>
                <FieldDefinition
                 baseType="BOOLEAN"
                 description="Boolean value used to determine if a property is used in any of the following: status, alert, or trend."
                 name="isPropertyUsed"
                 ordinal="8"></FieldDefinition>
                <FieldDefinition
                 aspect.isPrimaryKey="false"
                 baseType="BOOLEAN"
                 description="Indicates if the property is read-only or not"
                 name="isReadOnly"
                 ordinal="16"></FieldDefinition>
                <FieldDefinition
                 baseType="DATETIME"
                 description="Date and time representing the last time this property was updated."
                 name="lastUpdateTime"
                 ordinal="7"></FieldDefinition>
                <FieldDefinition
                 aspect.isPrimaryKey="true"
                 baseType="STRING"
                 description="Name of the property defined in the Manufacturing applications."
                 name="name"
                 ordinal="1"></FieldDefinition>
                <FieldDefinition
                 baseType="STRING"
                 description="Either bound or static (Bound | Static)"
                 name="propertyType"
                 ordinal="3"></FieldDefinition>
                <FieldDefinition
                 baseType="STRING"
                 description="Defines where the property is being used in. Either in Alerts, Trends, or Status Expressions."
                 name="propertyUsedIn"
                 ordinal="9"></FieldDefinition>
                <FieldDefinition
                 aspect.isPrimaryKey="false"
                 baseType="STRING"
                 description=""
                 name="Quality"
                 ordinal="13"></FieldDefinition>
                <FieldDefinition
                 baseType="STRING"
                 description="Name of the tag associated to this property."
                 name="tagName"
                 ordinal="6"></FieldDefinition>
                <FieldDefinition
                 baseType="STRING"
                 description="Thingworx BaseType"
                 name="type"
                 ordinal="4"></FieldDefinition>
                <FieldDefinition
                 baseType="STRING"
                 description="Value of units assigned to the property."
                 name="units"
                 ordinal="12"></FieldDefinition>
                <FieldDefinition
                 baseType="STRING"
                 description="Value of the property in string format"
                 name="value"
                 ordinal="2"></FieldDefinition>
            </FieldDefinitions>
        </DataShape>
    </DataShapes>
</Entities>
