<?xml version="1.0" encoding="UTF-8"?>
<Entities
 build="b99"
 majorVersion="8"
 minorVersion="2"
 modelPersistenceProviderPackage="PostgresPersistenceProviderPackage"
 revision="1"
 schemaVersion="1020"
 universal="">
    <DataShapes>
        <DataShape
         aspect.isEditableExtensionObject="false"
         aspect.isExtension="true"
         baseDataShape=""
         description="Data shape for Text Delivery configuration {PTC.SCA.Common.AlertNotification.TextDeliveryDataShape}"
         documentationContent=""
         homeMashup=""
         lastModifiedDate="2018-02-04T22:12:05.506-05:00"
         name="PTC.SCA.Common.AlertNotification.TextDeliveryDataShape"
         projectName="PTC.SCA.SCO.Alert.Model"
         tags="PTC:sca-sco;PTC:DataShape;PTC:sca-sco-alert-model">
            <avatar></avatar>
            <DesignTimePermissions>
                <Create></Create>
                <Read></Read>
                <Update></Update>
                <Delete></Delete>
                <Metadata></Metadata>
            </DesignTimePermissions>
            <RunTimePermissions></RunTimePermissions>
            <VisibilityPermissions>
                <Visibility></Visibility>
            </VisibilityPermissions>
            <ConfigurationTables></ConfigurationTables>
            <FieldDefinitions>
                <FieldDefinition
                 baseType="STRING"
                 description=""
                 name="phoneRegisteredWithTwilio"
                 ordinal="1"></FieldDefinition>
                <FieldDefinition
                 baseType="PASSWORD"
                 description=""
                 name="twilioAccountSID"
                 ordinal="2"></FieldDefinition>
                <FieldDefinition
                 baseType="BOOLEAN"
                 description="A flag indicates if the twilio account SID has changed"
                 name="twilioAccountSIDChanged"
                 ordinal="5"></FieldDefinition>
                <FieldDefinition
                 baseType="PASSWORD"
                 description=""
                 name="twilioAuthToken"
                 ordinal="3"></FieldDefinition>
                <FieldDefinition
                 baseType="BOOLEAN"
                 description="A flag indicates if the twilio account token has changed"
                 name="twilioAuthTokenChanged"
                 ordinal="4"></FieldDefinition>
            </FieldDefinitions>
        </DataShape>
    </DataShapes>
</Entities>
