<?xml version="1.0" encoding="UTF-8"?>
<Entities
 build="b484"
 majorVersion="7"
 minorVersion="1"
 revision="0"
 schemaVersion="910">
    <DataShapes>
        <DataShape
         aspect.isEditableExtensionObject="false"
         baseDataShape=""
         description=""
         documentationContent="&lt;p&gt;&lt;br&gt;&lt;/p&gt;"
         homeMashup=""
         lastModifiedDate="2016-06-22T13:32:35.074Z"
         name="PTC.SCA.SCO.Asset.AssetDetailSummary"
         projectName="PTC.SCA.SCO.Asset.Model"
         tags="PTC:sca-sco;PTC:DataShape;PTC:sca-sco-asset-model">
            <avatar></avatar>
            <DesignTimePermissions>
                <Create></Create>
                <Read></Read>
                <Update></Update>
                <Delete></Delete>
                <Metadata></Metadata>
            </DesignTimePermissions>
            <RunTimePermissions></RunTimePermissions>
            <VisibilityPermissions>
                <Visibility></Visibility>
            </VisibilityPermissions>
            <ConfigurationTables></ConfigurationTables>
            <FieldDefinitions>
                <FieldDefinition
                 baseType="IMAGE"
                 description=""
                 name="Image"
                 ordinal="3"></FieldDefinition>
                <FieldDefinition
                 aspect.defaultValue="false"
                 baseType="BOOLEAN"
                 description=""
                 name="HasImage"
                 ordinal="2"></FieldDefinition>
                <FieldDefinition
                 aspect.defaultValue="false"
                 baseType="BOOLEAN"
                 description=""
                 name="IsConnected"
                 ordinal="4"></FieldDefinition>
                <FieldDefinition
                 aspect.isPrimaryKey="true"
                 baseType="STRING"
                 description=""
                 name="Name"
                 ordinal="1"></FieldDefinition>
                <FieldDefinition
                 aspect.dataShape="PTC.SCA.SCO.Asset.AssetPropertyValues"
                 baseType="INFOTABLE"
                 description=""
                 name="Properties"
                 ordinal="5"></FieldDefinition>
                <FieldDefinition
                 baseType="INFOTABLE"
                 description=""
                 name="PropertiesFlattened"
                 ordinal="7"></FieldDefinition>
                <FieldDefinition
                 aspect.defaultValue="false"
                 baseType="BOOLEAN"
                 description=""
                 name="HasProperties"
                 ordinal="6"></FieldDefinition>
            </FieldDefinitions>
        </DataShape>
    </DataShapes>
</Entities>
