<?xml version="1.0" encoding="UTF-8"?>
<Entities
 build="b1733"
 majorVersion="8"
 minorVersion="4"
 modelPersistenceProviderPackage="PostgresPersistenceProviderPackage"
 revision="0"
 schemaVersion="1040"
 universal="password">
    <Mashups>
        <Mashup
         aspect.isEditableExtensionObject="false"
         aspect.isExtension="true"
         aspect.isResponsive="true"
         aspect.mashupType="mashup"
         columns="0.0"
         description="Used in PTC.Factory.ManufacturingElementPropertyDetails mashup {PTC.Factory.VariableValueWidget}"
         documentationContent=""
         homeMashup=""
         lastModifiedDate="2018-12-27T15:10:01.859-05:00"
         name="PTC.Factory.VariableValueWidget"
         projectName="PTC.SCA.SCO.Configuration and Setup"
         rows="0.0"
         tags="PTC:sca-sco;PTC:Mashup;PTC:sca-sco-configurationandsetup">
            <avatar></avatar>
            <DesignTimePermissions>
                <Create></Create>
                <Read></Read>
                <Update></Update>
                <Delete></Delete>
                <Metadata></Metadata>
            </DesignTimePermissions>
            <RunTimePermissions></RunTimePermissions>
            <VisibilityPermissions>
                <Visibility>
                    <Principal
                     isPermitted="true"
                     name="PTC.Factory.MachineVisibility:Administration&amp;Configuration"
                     type="OrganizationalUnit"></Principal>
                    <Principal
                     isPermitted="true"
                     name="PTC.Factory.MachineVisibility:AgileReporting"
                     type="OrganizationalUnit"></Principal>
                    <Principal
                     isPermitted="true"
                     name="PTC.Factory.MachineVisibility:AlertsManager"
                     type="OrganizationalUnit"></Principal>
                    <Principal
                     isPermitted="true"
                     name="PTC.Factory.MachineVisibility:Default"
                     type="OrganizationalUnit"></Principal>
                    <Principal
                     isPermitted="true"
                     name="PTC.Factory.MachineVisibility:KEPServerMonitoring"
                     type="OrganizationalUnit"></Principal>
                    <Principal
                     isPermitted="true"
                     name="PTC.Factory.MachineVisibility:PlantStatus"
                     type="OrganizationalUnit"></Principal>
                    <Principal
                     isPermitted="true"
                     name="PTC.Factory.MachineVisibility:Trend&amp;Troubleshooting"
                     type="OrganizationalUnit"></Principal>
                </Visibility>
            </VisibilityPermissions>
            <ConfigurationTableDefinitions></ConfigurationTableDefinitions>
            <ConfigurationTables></ConfigurationTables>
            <ParameterDefinitions>
                <FieldDefinition
                 aspect.bindingDirection="BOTH"
                 aspect.isMandatory="false"
                 aspect.ordinal="0"
                 baseType="STRING"
                 description="base type of the input field"
                 name="baseType"
                 ordinal="0"></FieldDefinition>
                <FieldDefinition
                 aspect.bindingDirection="BOTH"
                 aspect.isMandatory="false"
                 aspect.ordinal="2"
                 baseType="BOOLEAN"
                 description=""
                 name="boolValue"
                 ordinal="0"></FieldDefinition>
                <FieldDefinition
                 aspect.bindingDirection="BOTH"
                 aspect.isMandatory="false"
                 aspect.ordinal="5"
                 baseType="DATETIME"
                 description=""
                 name="dateValue"
                 ordinal="0"></FieldDefinition>
                <FieldDefinition
                 aspect.bindingDirection="BOTH"
                 aspect.isMandatory="false"
                 aspect.ordinal="4"
                 baseType="NUMBER"
                 description=""
                 name="intValue"
                 ordinal="0"></FieldDefinition>
                <FieldDefinition
                 aspect.bindingDirection="IN"
                 aspect.isMandatory="false"
                 aspect.ordinal="8"
                 baseType="BOOLEAN"
                 description="Make the fields inside read only"
                 name="isReadOnly"
                 ordinal="0"></FieldDefinition>
                <FieldDefinition
                 aspect.bindingDirection="BOTH"
                 aspect.isMandatory="false"
                 aspect.ordinal="7"
                 baseType="LONG"
                 description=""
                 name="longValue"
                 ordinal="0"></FieldDefinition>
                <FieldDefinition
                 aspect.bindingDirection="BOTH"
                 aspect.isMandatory="false"
                 aspect.ordinal="3"
                 baseType="NUMBER"
                 description=""
                 name="numValue"
                 ordinal="0"></FieldDefinition>
                <FieldDefinition
                 aspect.bindingDirection="BOTH"
                 aspect.isMandatory="false"
                 aspect.ordinal="6"
                 baseType="STRING"
                 description="Single output as string"
                 name="outputAsString"
                 ordinal="0"></FieldDefinition>
                <FieldDefinition
                 aspect.bindingDirection="BOTH"
                 aspect.isMandatory="false"
                 aspect.ordinal="1"
                 baseType="STRING"
                 description=""
                 name="stringValue"
                 ordinal="0"></FieldDefinition>
            </ParameterDefinitions>
            <Things></Things>
            <ThingShapes></ThingShapes>
            <ThingTemplates></ThingTemplates>
            <mashupContent>
            <![CDATA[
            {
              "CustomMashupCss" : "",
              "Data" : {
                "Session" : {
                  "DataName" : "Session",
                  "EntityName" : "",
                  "EntityType" : "Session",
                  "Id" : "session",
                  "Services" : [ {
                    "APIMethod" : "post",
                    "Characteristic" : "Services",
                    "Id" : "SessionInterface",
                    "Name" : "GetGlobalSessionValues",
                    "Parameters" : { },
                    "RefreshInterval" : 0,
                    "Target" : "GetGlobalSessionValues"
                  } ]
                },
                "UserExtensions" : {
                  "DataName" : "UserExtensions",
                  "EntityName" : "",
                  "EntityType" : "UserExtensions",
                  "Id" : "UserExtensions",
                  "Services" : [ {
                    "APIMethod" : "post",
                    "Characteristic" : "Services",
                    "Id" : "UserExtensionInterface",
                    "Name" : "GetCurrentUserExtensionProperties",
                    "Parameters" : { },
                    "RefreshInterval" : 0,
                    "Target" : "GetCurrentUserExtensionProperties"
                  } ]
                }
              },
              "DataBindings" : [ {
                "Id" : "1fc96c75-2c2e-4b49-8619-b90ae1b24d0d",
                "PropertyMaps" : [ {
                  "SourceProperty" : "baseType",
                  "SourcePropertyBaseType" : "STRING",
                  "TargetProperty" : "baseType",
                  "TargetPropertyBaseType" : ""
                } ],
                "SourceArea" : "Mashup",
                "SourceId" : "mashup-root",
                "SourceSection" : "",
                "TargetArea" : "UI",
                "TargetId" : "Validator-6",
                "TargetSection" : ""
              }, {
                "Id" : "3b6001db-1607-433a-b43b-077813e8c4af",
                "PropertyMaps" : [ {
                  "SourceProperty" : "baseType",
                  "SourcePropertyBaseType" : "STRING",
                  "TargetProperty" : "baseType",
                  "TargetPropertyBaseType" : ""
                } ],
                "SourceArea" : "Mashup",
                "SourceId" : "mashup-root",
                "SourceSection" : "",
                "TargetArea" : "UI",
                "TargetId" : "Validator-7",
                "TargetSection" : ""
              }, {
                "Id" : "ef3b8a0c-d762-4a24-ad65-8c401e22d0b8",
                "PropertyMaps" : [ {
                  "SourceProperty" : "baseType",
                  "SourcePropertyBaseType" : "STRING",
                  "TargetProperty" : "baseType",
                  "TargetPropertyBaseType" : ""
                } ],
                "SourceArea" : "Mashup",
                "SourceId" : "mashup-root",
                "SourceSection" : "",
                "TargetArea" : "UI",
                "TargetId" : "Validator-8",
                "TargetSection" : ""
              }, {
                "Id" : "5c98a461-93b6-4644-8d23-fa90d9f1547f",
                "PropertyMaps" : [ {
                  "SourceProperty" : "baseType",
                  "SourcePropertyBaseType" : "STRING",
                  "TargetProperty" : "baseType",
                  "TargetPropertyBaseType" : ""
                } ],
                "SourceArea" : "Mashup",
                "SourceId" : "mashup-root",
                "SourceSection" : "",
                "TargetArea" : "UI",
                "TargetId" : "Validator-9",
                "TargetSection" : ""
              }, {
                "Id" : "b24a3e3c-31f1-422e-8eff-3b0a3f168130",
                "PropertyMaps" : [ {
                  "SourceProperty" : "Output",
                  "SourcePropertyBaseType" : "BOOLEAN",
                  "TargetProperty" : "Visible",
                  "TargetPropertyBaseType" : ""
                } ],
                "SourceArea" : "UI",
                "SourceId" : "Validator-8",
                "SourceSection" : "",
                "TargetArea" : "UI",
                "TargetId" : "Textbox-3",
                "TargetSection" : ""
              }, {
                "Id" : "fcdd009e-c611-45e8-8a90-dea743fa1dc7",
                "PropertyMaps" : [ {
                  "SourceProperty" : "Output",
                  "SourcePropertyBaseType" : "BOOLEAN",
                  "TargetProperty" : "Visible",
                  "TargetPropertyBaseType" : ""
                } ],
                "SourceArea" : "UI",
                "SourceId" : "Validator-9",
                "SourceSection" : "",
                "TargetArea" : "UI",
                "TargetId" : "NumericEntry-4",
                "TargetSection" : ""
              }, {
                "Id" : "03758200-fd08-464f-87c4-2b1bf4087adf",
                "PropertyMaps" : [ {
                  "SourceProperty" : "Output",
                  "SourcePropertyBaseType" : "BOOLEAN",
                  "TargetProperty" : "Visible",
                  "TargetPropertyBaseType" : ""
                } ],
                "SourceArea" : "UI",
                "SourceId" : "Validator-6",
                "SourceSection" : "",
                "TargetArea" : "UI",
                "TargetId" : "NumericEntry-11",
                "TargetSection" : ""
              }, {
                "Id" : "2703bf7f-dc2e-4a82-8070-ac6b8fc6bd31",
                "PropertyMaps" : [ {
                  "SourceProperty" : "Text",
                  "SourcePropertyBaseType" : "STRING",
                  "TargetProperty" : "stringValue",
                  "TargetPropertyBaseType" : "STRING"
                } ],
                "SourceArea" : "UI",
                "SourceId" : "Textbox-3",
                "SourceSection" : "",
                "TargetArea" : "Mashup",
                "TargetId" : "mashup-root",
                "TargetSection" : ""
              }, {
                "Id" : "bc8edcd5-494b-4729-948e-aa2a37c4ed8f",
                "PropertyMaps" : [ {
                  "SourceProperty" : "Value",
                  "SourcePropertyBaseType" : "NUMBER",
                  "TargetProperty" : "numValue",
                  "TargetPropertyBaseType" : "NUMBER"
                } ],
                "SourceArea" : "UI",
                "SourceId" : "NumericEntry-4",
                "SourceSection" : "",
                "TargetArea" : "Mashup",
                "TargetId" : "mashup-root",
                "TargetSection" : ""
              }, {
                "Id" : "82f9c155-cc63-42a5-8de6-7f4d2a250c72",
                "PropertyMaps" : [ {
                  "SourceProperty" : "Value",
                  "SourcePropertyBaseType" : "NUMBER",
                  "TargetProperty" : "intValue",
                  "TargetPropertyBaseType" : "NUMBER"
                } ],
                "SourceArea" : "UI",
                "SourceId" : "NumericEntry-11",
                "SourceSection" : "",
                "TargetArea" : "Mashup",
                "TargetId" : "mashup-root",
                "TargetSection" : ""
              }, {
                "Id" : "c2ec8394-933b-40c6-a9d3-cafa24c3e37e",
                "PropertyMaps" : [ {
                  "SourceProperty" : "Output",
                  "SourcePropertyBaseType" : "BOOLEAN",
                  "TargetProperty" : "Visible",
                  "TargetPropertyBaseType" : ""
                } ],
                "SourceArea" : "UI",
                "SourceId" : "Validator-7",
                "SourceSection" : "",
                "TargetArea" : "UI",
                "TargetId" : "radiobuttonlist-15",
                "TargetSection" : ""
              }, {
                "Id" : "c1d3164e-7999-4576-aaf5-0d8dd34a5a30",
                "PropertyMaps" : [ {
                  "SourceProperty" : "stringValue",
                  "SourcePropertyBaseType" : "STRING",
                  "TargetProperty" : "Text",
                  "TargetPropertyBaseType" : "STRING"
                } ],
                "SourceArea" : "Mashup",
                "SourceId" : "mashup-root",
                "SourceSection" : "",
                "TargetArea" : "UI",
                "TargetId" : "Textbox-3",
                "TargetSection" : ""
              }, {
                "Id" : "792741b2-348a-42c1-b700-23090cea1865",
                "PropertyMaps" : [ {
                  "SourceProperty" : "boolValue",
                  "SourcePropertyBaseType" : "BOOLEAN",
                  "TargetProperty" : "SelectedValue",
                  "TargetPropertyBaseType" : "STRING"
                } ],
                "SourceArea" : "Mashup",
                "SourceId" : "mashup-root",
                "SourceSection" : "",
                "TargetArea" : "UI",
                "TargetId" : "radiobuttonlist-15",
                "TargetSection" : ""
              }, {
                "Id" : "01431762-3ceb-411e-89bb-a2374dae7bbb",
                "PropertyMaps" : [ {
                  "SourceProperty" : "baseType",
                  "SourcePropertyBaseType" : "STRING",
                  "TargetProperty" : "baseType",
                  "TargetPropertyBaseType" : "STRING"
                } ],
                "SourceArea" : "Mashup",
                "SourceId" : "mashup-root",
                "SourceSection" : "",
                "TargetArea" : "UI",
                "TargetId" : "validator-16",
                "TargetSection" : ""
              }, {
                "Id" : "904c7530-ed63-4319-aeeb-98a51d80cb19",
                "PropertyMaps" : [ {
                  "SourceProperty" : "Output",
                  "SourcePropertyBaseType" : "BOOLEAN",
                  "SourcePropertyType" : "Property",
                  "TargetProperty" : "Visible",
                  "TargetPropertyBaseType" : "BOOLEAN",
                  "TargetPropertyType" : "property"
                } ],
                "SourceArea" : "UI",
                "SourceId" : "validator-16",
                "SourceSection" : "",
                "TargetArea" : "UI",
                "TargetId" : "datetimepicker-17",
                "TargetSection" : ""
              }, {
                "Id" : "0a0ad7d9-b373-4ad8-ab14-3912ca063d3a",
                "PropertyMaps" : [ {
                  "SourceProperty" : "dateValue",
                  "SourcePropertyBaseType" : "DATETIME",
                  "TargetProperty" : "DateTime",
                  "TargetPropertyBaseType" : "DATETIME"
                } ],
                "SourceArea" : "Mashup",
                "SourceId" : "mashup-root",
                "SourceSection" : "",
                "TargetArea" : "UI",
                "TargetId" : "datetimepicker-17",
                "TargetSection" : ""
              }, {
                "Id" : "5df7dd11-0616-4f02-9eb5-93991eacdbce",
                "PropertyMaps" : [ {
                  "SourceProperty" : "DateTime",
                  "SourcePropertyBaseType" : "DATETIME",
                  "TargetProperty" : "dateValue",
                  "TargetPropertyBaseType" : "DATETIME"
                } ],
                "SourceArea" : "UI",
                "SourceId" : "datetimepicker-17",
                "SourceSection" : "",
                "TargetArea" : "Mashup",
                "TargetId" : "mashup-root",
                "TargetSection" : ""
              }, {
                "Id" : "060f2340-098e-4d0a-a597-62a8c0e2af5d",
                "PropertyMaps" : [ {
                  "SourceProperty" : "baseType",
                  "SourcePropertyBaseType" : "STRING",
                  "TargetProperty" : "baseType",
                  "TargetPropertyBaseType" : "STRING"
                } ],
                "SourceArea" : "Mashup",
                "SourceId" : "mashup-root",
                "SourceSection" : "",
                "TargetArea" : "UI",
                "TargetId" : "expression-20",
                "TargetSection" : ""
              }, {
                "Id" : "25945d34-dd40-4d46-ad91-e4bab5af123f",
                "PropertyMaps" : [ {
                  "SourceProperty" : "Output",
                  "SourcePropertyBaseType" : "STRING",
                  "TargetProperty" : "outputAsString",
                  "TargetPropertyBaseType" : "STRING"
                } ],
                "SourceArea" : "UI",
                "SourceId" : "expression-20",
                "SourceSection" : "",
                "TargetArea" : "Mashup",
                "TargetId" : "mashup-root",
                "TargetSection" : ""
              }, {
                "Id" : "72ae2c4e-ec8e-4766-9e35-88f804f7e4ea",
                "PropertyMaps" : [ {
                  "SourceProperty" : "Output",
                  "SourcePropertyBaseType" : "NUMBER",
                  "TargetProperty" : "Value",
                  "TargetPropertyBaseType" : "NUMBER"
                } ],
                "SourceArea" : "UI",
                "SourceId" : "expression-21",
                "SourceSection" : "",
                "TargetArea" : "UI",
                "TargetId" : "NumericEntry-4",
                "TargetSection" : ""
              }, {
                "Id" : "b35b5fba-c2b2-47f4-9c9f-1f466694aac4",
                "PropertyMaps" : [ {
                  "SourceProperty" : "Output",
                  "SourcePropertyBaseType" : "NUMBER",
                  "TargetProperty" : "Value",
                  "TargetPropertyBaseType" : "NUMBER"
                } ],
                "SourceArea" : "UI",
                "SourceId" : "expression-24",
                "SourceSection" : "",
                "TargetArea" : "UI",
                "TargetId" : "NumericEntry-11",
                "TargetSection" : ""
              }, {
                "Id" : "77086840-16bf-41a9-b083-d05e5b279e07",
                "PropertyMaps" : [ {
                  "SourceProperty" : "Value",
                  "SourcePropertyBaseType" : "NUMBER",
                  "TargetProperty" : "myIntVal",
                  "TargetPropertyBaseType" : "STRING"
                } ],
                "SourceArea" : "UI",
                "SourceId" : "NumericEntry-11",
                "SourceSection" : "",
                "TargetArea" : "UI",
                "TargetId" : "expression-20",
                "TargetSection" : ""
              }, {
                "Id" : "3961e47f-b87d-4c68-9113-e86cf1dc5709",
                "PropertyMaps" : [ {
                  "SourceProperty" : "Value",
                  "SourcePropertyBaseType" : "NUMBER",
                  "TargetProperty" : "myNumVal",
                  "TargetPropertyBaseType" : "STRING"
                } ],
                "SourceArea" : "UI",
                "SourceId" : "NumericEntry-4",
                "SourceSection" : "",
                "TargetArea" : "UI",
                "TargetId" : "expression-20",
                "TargetSection" : ""
              }, {
                "Id" : "61b2db99-80c1-4044-ba74-30e48ad8b55f",
                "PropertyMaps" : [ {
                  "SourceProperty" : "DateTime",
                  "SourcePropertyBaseType" : "DATETIME",
                  "TargetProperty" : "myDatesVal",
                  "TargetPropertyBaseType" : "STRING"
                } ],
                "SourceArea" : "UI",
                "SourceId" : "datetimepicker-17",
                "SourceSection" : "",
                "TargetArea" : "UI",
                "TargetId" : "expression-20",
                "TargetSection" : ""
              }, {
                "Id" : "8773714f-641b-485f-9ee2-18522ca59e91",
                "PropertyMaps" : [ {
                  "SourceProperty" : "SelectedValue",
                  "SourcePropertyBaseType" : "STRING",
                  "TargetProperty" : "myBoolVal",
                  "TargetPropertyBaseType" : "STRING"
                } ],
                "SourceArea" : "UI",
                "SourceId" : "radiobuttonlist-15",
                "SourceSection" : "",
                "TargetArea" : "UI",
                "TargetId" : "expression-20",
                "TargetSection" : ""
              }, {
                "Id" : "e253d9a9-76c3-474a-8bf8-f8fd55172495",
                "PropertyMaps" : [ {
                  "SourceProperty" : "Text",
                  "SourcePropertyBaseType" : "STRING",
                  "TargetProperty" : "myStringVal",
                  "TargetPropertyBaseType" : "STRING"
                } ],
                "SourceArea" : "UI",
                "SourceId" : "Textbox-3",
                "SourceSection" : "",
                "TargetArea" : "UI",
                "TargetId" : "expression-20",
                "TargetSection" : ""
              }, {
                "Id" : "c5d51f1c-dfc8-4b15-b5ce-e1316f65675a",
                "PropertyMaps" : [ {
                  "SourceProperty" : "SelectedValue",
                  "SourcePropertyBaseType" : "STRING",
                  "TargetProperty" : "boolValue",
                  "TargetPropertyBaseType" : "BOOLEAN"
                } ],
                "SourceArea" : "UI",
                "SourceId" : "radiobuttonlist-15",
                "SourceSection" : "",
                "TargetArea" : "Mashup",
                "TargetId" : "mashup-root",
                "TargetSection" : ""
              }, {
                "Id" : "11a23e70-0339-4cf0-8493-7fded30722c0",
                "PropertyMaps" : [ {
                  "SourceProperty" : "numValue",
                  "SourcePropertyBaseType" : "NUMBER",
                  "TargetProperty" : "num",
                  "TargetPropertyBaseType" : "NUMBER"
                } ],
                "SourceArea" : "Mashup",
                "SourceId" : "mashup-root",
                "SourceSection" : "",
                "TargetArea" : "UI",
                "TargetId" : "expression-21",
                "TargetSection" : ""
              }, {
                "Id" : "c68928f6-d1e9-40d1-bed3-287898d29ced",
                "PropertyMaps" : [ {
                  "SourceProperty" : "intValue",
                  "SourcePropertyBaseType" : "NUMBER",
                  "TargetProperty" : "num",
                  "TargetPropertyBaseType" : "NUMBER"
                } ],
                "SourceArea" : "Mashup",
                "SourceId" : "mashup-root",
                "SourceSection" : "",
                "TargetArea" : "UI",
                "TargetId" : "expression-24",
                "TargetSection" : ""
              }, {
                "Id" : "29a1e150-c530-4c86-aab0-144f68bd28f2",
                "PropertyMaps" : [ {
                  "SourceProperty" : "baseType",
                  "SourcePropertyBaseType" : "STRING",
                  "TargetProperty" : "baseType",
                  "TargetPropertyBaseType" : "STRING"
                } ],
                "SourceArea" : "Mashup",
                "SourceId" : "mashup-root",
                "SourceSection" : "",
                "TargetArea" : "UI",
                "TargetId" : "validator-27",
                "TargetSection" : ""
              }, {
                "Id" : "3b161b1a-0151-4dea-9faa-b2637533160e",
                "PropertyMaps" : [ {
                  "SourceProperty" : "longValue",
                  "SourcePropertyBaseType" : "LONG",
                  "TargetProperty" : "num",
                  "TargetPropertyBaseType" : "NUMBER"
                } ],
                "SourceArea" : "Mashup",
                "SourceId" : "mashup-root",
                "SourceSection" : "",
                "TargetArea" : "UI",
                "TargetId" : "expression-28",
                "TargetSection" : ""
              }, {
                "Id" : "362d74fc-658e-40e7-86bb-cd9df3229b31",
                "PropertyMaps" : [ {
                  "SourceProperty" : "Output",
                  "SourcePropertyBaseType" : "NUMBER",
                  "TargetProperty" : "Value",
                  "TargetPropertyBaseType" : "NUMBER"
                } ],
                "SourceArea" : "UI",
                "SourceId" : "expression-28",
                "SourceSection" : "",
                "TargetArea" : "UI",
                "TargetId" : "numericentry-25",
                "TargetSection" : ""
              }, {
                "Id" : "761cecc3-cf73-455d-9e93-b46c6b9a67c3",
                "PropertyMaps" : [ {
                  "SourceProperty" : "Output",
                  "SourcePropertyBaseType" : "BOOLEAN",
                  "TargetProperty" : "Visible",
                  "TargetPropertyBaseType" : ""
                } ],
                "SourceArea" : "UI",
                "SourceId" : "validator-27",
                "SourceSection" : "",
                "TargetArea" : "UI",
                "TargetId" : "numericentry-25",
                "TargetSection" : ""
              }, {
                "Id" : "2eee9df0-8c34-47a3-a7a1-56643e8ae3ef",
                "PropertyMaps" : [ {
                  "SourceProperty" : "Value",
                  "SourcePropertyBaseType" : "NUMBER",
                  "TargetProperty" : "myLongVal",
                  "TargetPropertyBaseType" : "STRING"
                } ],
                "SourceArea" : "UI",
                "SourceId" : "numericentry-25",
                "SourceSection" : "",
                "TargetArea" : "UI",
                "TargetId" : "expression-20",
                "TargetSection" : ""
              }, {
                "Id" : "21c95fa9-50b1-4281-8980-f7980bc030b8",
                "PropertyMaps" : [ {
                  "SourceProperty" : "Value",
                  "SourcePropertyBaseType" : "NUMBER",
                  "TargetProperty" : "longValue",
                  "TargetPropertyBaseType" : "LONG"
                } ],
                "SourceArea" : "UI",
                "SourceId" : "numericentry-25",
                "SourceSection" : "",
                "TargetArea" : "Mashup",
                "TargetId" : "mashup-root",
                "TargetSection" : ""
              }, {
                "Id" : "085c978f-2714-4146-8063-590cddb0cd97",
                "PropertyMaps" : [ {
                  "SourceProperty" : "isReadOnly",
                  "SourcePropertyBaseType" : "BOOLEAN",
                  "SourcePropertyType" : "Property",
                  "TargetProperty" : "isReadOnly",
                  "TargetPropertyBaseType" : "BOOLEAN",
                  "TargetPropertyType" : "property"
                } ],
                "SourceArea" : "Mashup",
                "SourceId" : "mashup-root",
                "SourceSection" : "",
                "TargetArea" : "UI",
                "TargetId" : "Validator-9",
                "TargetSection" : ""
              }, {
                "Id" : "18da3d12-8357-434a-8a34-f17c6c694580",
                "PropertyMaps" : [ {
                  "SourceProperty" : "isReadOnly",
                  "SourcePropertyBaseType" : "BOOLEAN",
                  "SourcePropertyType" : "Property",
                  "TargetProperty" : "isReadOnly",
                  "TargetPropertyBaseType" : "BOOLEAN",
                  "TargetPropertyType" : "property"
                } ],
                "SourceArea" : "Mashup",
                "SourceId" : "mashup-root",
                "SourceSection" : "",
                "TargetArea" : "UI",
                "TargetId" : "Validator-8",
                "TargetSection" : ""
              }, {
                "Id" : "630523d0-3e24-4059-b5ce-10f56a22fcba",
                "PropertyMaps" : [ {
                  "SourceProperty" : "boolValue",
                  "SourcePropertyBaseType" : "BOOLEAN",
                  "SourcePropertyType" : "Property",
                  "TargetProperty" : "SelectedValue",
                  "TargetPropertyBaseType" : "STRING",
                  "TargetPropertyType" : "property"
                } ],
                "SourceArea" : "Mashup",
                "SourceId" : "mashup-root",
                "SourceSection" : "",
                "TargetArea" : "UI",
                "TargetId" : "radiobuttonlist-33",
                "TargetSection" : ""
              }, {
                "Id" : "77806c69-db6c-4557-89bb-fd3cef0a49c0",
                "PropertyMaps" : [ {
                  "SourceProperty" : "baseType",
                  "SourcePropertyBaseType" : "STRING",
                  "SourcePropertyType" : "Property",
                  "TargetProperty" : "baseType",
                  "TargetPropertyBaseType" : "STRING",
                  "TargetPropertyType" : "property"
                } ],
                "SourceArea" : "Mashup",
                "SourceId" : "mashup-root",
                "SourceSection" : "",
                "TargetArea" : "UI",
                "TargetId" : "expression-34",
                "TargetSection" : ""
              }, {
                "Id" : "a05d9b60-a481-4d37-b4f1-5bbe7debecaf",
                "PropertyMaps" : [ {
                  "SourceProperty" : "isReadOnly",
                  "SourcePropertyBaseType" : "BOOLEAN",
                  "SourcePropertyType" : "Property",
                  "TargetProperty" : "isReadOnly",
                  "TargetPropertyBaseType" : "BOOLEAN",
                  "TargetPropertyType" : "property"
                } ],
                "SourceArea" : "Mashup",
                "SourceId" : "mashup-root",
                "SourceSection" : "",
                "TargetArea" : "UI",
                "TargetId" : "expression-34",
                "TargetSection" : ""
              }, {
                "Id" : "4e06f193-97bb-46c0-afa8-2b65aa90e214",
                "PropertyMaps" : [ {
                  "SourceProperty" : "Output",
                  "SourcePropertyBaseType" : "BOOLEAN",
                  "SourcePropertyType" : "Property",
                  "TargetProperty" : "Visible",
                  "TargetPropertyBaseType" : "BOOLEAN",
                  "TargetPropertyType" : "property"
                } ],
                "SourceArea" : "UI",
                "SourceId" : "expression-34",
                "SourceSection" : "",
                "TargetArea" : "UI",
                "TargetId" : "radiobuttonlist-33",
                "TargetSection" : ""
              }, {
                "Id" : "41257ab6-34f3-4734-9c33-1149a4299651",
                "PropertyMaps" : [ {
                  "SourceProperty" : "isReadOnly",
                  "SourcePropertyBaseType" : "BOOLEAN",
                  "SourcePropertyType" : "Property",
                  "TargetProperty" : "isReadOnly",
                  "TargetPropertyBaseType" : "BOOLEAN",
                  "TargetPropertyType" : "property"
                } ],
                "SourceArea" : "Mashup",
                "SourceId" : "mashup-root",
                "SourceSection" : "",
                "TargetArea" : "UI",
                "TargetId" : "validator-16",
                "TargetSection" : ""
              }, {
                "Id" : "2b89be56-89db-47fc-a738-daddd5390794",
                "PropertyMaps" : [ {
                  "SourceProperty" : "outputAsString",
                  "SourcePropertyBaseType" : "STRING",
                  "SourcePropertyType" : "Property",
                  "TargetProperty" : "Text",
                  "TargetPropertyBaseType" : "STRING",
                  "TargetPropertyType" : "property"
                } ],
                "SourceArea" : "Mashup",
                "SourceId" : "mashup-root",
                "SourceSection" : "",
                "TargetArea" : "UI",
                "TargetId" : "textbox-44",
                "TargetSection" : ""
              }, {
                "Id" : "3b77942b-afc7-483f-a681-6363dc831757",
                "PropertyMaps" : [ {
                  "SourceProperty" : "baseType",
                  "SourcePropertyBaseType" : "STRING",
                  "SourcePropertyType" : "Property",
                  "TargetProperty" : "baseType",
                  "TargetPropertyBaseType" : "STRING",
                  "TargetPropertyType" : "property"
                } ],
                "SourceArea" : "Mashup",
                "SourceId" : "mashup-root",
                "SourceSection" : "",
                "TargetArea" : "UI",
                "TargetId" : "expression-45",
                "TargetSection" : ""
              }, {
                "Id" : "3371837a-062d-4503-a7e9-0b3a6e524b26",
                "PropertyMaps" : [ {
                  "SourceProperty" : "isReadOnly",
                  "SourcePropertyBaseType" : "BOOLEAN",
                  "SourcePropertyType" : "Property",
                  "TargetProperty" : "isReadOnly",
                  "TargetPropertyBaseType" : "BOOLEAN",
                  "TargetPropertyType" : "property"
                } ],
                "SourceArea" : "Mashup",
                "SourceId" : "mashup-root",
                "SourceSection" : "",
                "TargetArea" : "UI",
                "TargetId" : "Validator-7",
                "TargetSection" : ""
              }, {
                "Id" : "4a3e55a8-7a10-4ed6-82cf-7ed43c5d76ce",
                "PropertyMaps" : [ {
                  "SourceProperty" : "Output",
                  "SourcePropertyBaseType" : "BOOLEAN",
                  "SourcePropertyType" : "Property",
                  "TargetProperty" : "Visible",
                  "TargetPropertyBaseType" : "BOOLEAN",
                  "TargetPropertyType" : "property"
                } ],
                "SourceArea" : "UI",
                "SourceId" : "expression-45",
                "SourceSection" : "",
                "TargetArea" : "UI",
                "TargetId" : "textbox-44",
                "TargetSection" : ""
              }, {
                "Id" : "dd08f64d-bbb7-4dcb-80ff-49e46df5bda3",
                "PropertyMaps" : [ {
                  "SourceProperty" : "isReadOnly",
                  "SourcePropertyBaseType" : "BOOLEAN",
                  "SourcePropertyType" : "Property",
                  "TargetProperty" : "isReadOnly",
                  "TargetPropertyBaseType" : "BOOLEAN",
                  "TargetPropertyType" : "property"
                } ],
                "SourceArea" : "Mashup",
                "SourceId" : "mashup-root",
                "SourceSection" : "",
                "TargetArea" : "UI",
                "TargetId" : "expression-45",
                "TargetSection" : ""
              } ],
              "DesignTimePermissions" : {
                "Create" : [ ],
                "Delete" : [ ],
                "Metadata" : [ ],
                "Read" : [ ],
                "Update" : [ ]
              },
              "Events" : [ {
                "EventHandlerArea" : "UI",
                "EventHandlerId" : "Validator-7",
                "EventHandlerService" : "Evaluate",
                "EventTriggerArea" : "Mashup",
                "EventTriggerEvent" : "baseTypeChanged",
                "EventTriggerId" : "mashup-root",
                "EventTriggerSection" : "",
                "Id" : "254c18af-8680-42d6-b0f3-354cfa8ca1cd"
              }, {
                "EventHandlerArea" : "UI",
                "EventHandlerId" : "Validator-8",
                "EventHandlerService" : "Evaluate",
                "EventTriggerArea" : "Mashup",
                "EventTriggerEvent" : "baseTypeChanged",
                "EventTriggerId" : "mashup-root",
                "EventTriggerSection" : "",
                "Id" : "4f129e46-201f-4d37-af12-3299be1b3899"
              }, {
                "EventHandlerArea" : "UI",
                "EventHandlerId" : "Validator-9",
                "EventHandlerService" : "Evaluate",
                "EventTriggerArea" : "Mashup",
                "EventTriggerEvent" : "baseTypeChanged",
                "EventTriggerId" : "mashup-root",
                "EventTriggerSection" : "",
                "Id" : "372b1266-f21c-4471-812c-bdd1a299874f"
              }, {
                "EventHandlerArea" : "UI",
                "EventHandlerId" : "Validator-6",
                "EventHandlerService" : "Evaluate",
                "EventTriggerArea" : "Mashup",
                "EventTriggerEvent" : "baseTypeChanged",
                "EventTriggerId" : "mashup-root",
                "EventTriggerSection" : "",
                "Id" : "dde190d1-3339-4fb8-8b61-4f86a8e7a1c4"
              }, {
                "EventHandlerArea" : "UI",
                "EventHandlerId" : "Validator-7",
                "EventHandlerService" : "Evaluate",
                "EventTriggerArea" : "Mashup",
                "EventTriggerEvent" : "Loaded",
                "EventTriggerId" : "mashup-root",
                "EventTriggerSection" : "",
                "Id" : "290f8cdf-885b-4691-83fd-fdf1a89719f9"
              }, {
                "EventHandlerArea" : "UI",
                "EventHandlerId" : "Validator-8",
                "EventHandlerService" : "Evaluate",
                "EventTriggerArea" : "Mashup",
                "EventTriggerEvent" : "Loaded",
                "EventTriggerId" : "mashup-root",
                "EventTriggerSection" : "",
                "Id" : "cfd109f9-bd27-42b3-a2c9-a3023c7a96e5"
              }, {
                "EventHandlerArea" : "UI",
                "EventHandlerId" : "Validator-9",
                "EventHandlerService" : "Evaluate",
                "EventTriggerArea" : "Mashup",
                "EventTriggerEvent" : "Loaded",
                "EventTriggerId" : "mashup-root",
                "EventTriggerSection" : "",
                "Id" : "52ceb0e7-4e9b-4df0-a8cd-d8dc1f06751d"
              }, {
                "EventHandlerArea" : "UI",
                "EventHandlerId" : "Validator-6",
                "EventHandlerService" : "Evaluate",
                "EventTriggerArea" : "Mashup",
                "EventTriggerEvent" : "Loaded",
                "EventTriggerId" : "mashup-root",
                "EventTriggerSection" : "",
                "Id" : "f1646e20-0387-4206-8eca-8749a27d5d4b"
              }, {
                "EventHandlerArea" : "UI",
                "EventHandlerId" : "validator-16",
                "EventHandlerService" : "Evaluate",
                "EventTriggerArea" : "Mashup",
                "EventTriggerEvent" : "Loaded",
                "EventTriggerId" : "mashup-root",
                "EventTriggerSection" : "",
                "Id" : "67296c6f-b8ec-4d95-9ebd-bdfcbc89b98d"
              }, {
                "EventHandlerArea" : "UI",
                "EventHandlerId" : "validator-16",
                "EventHandlerService" : "Evaluate",
                "EventTriggerArea" : "Mashup",
                "EventTriggerEvent" : "baseTypeChanged",
                "EventTriggerId" : "mashup-root",
                "EventTriggerSection" : "",
                "Id" : "b6bbc155-b6d8-4d5f-9ad9-30537be48712"
              }, {
                "EventHandlerArea" : "UI",
                "EventHandlerId" : "expression-20",
                "EventHandlerService" : "Evaluate",
                "EventTriggerArea" : "Mashup",
                "EventTriggerEvent" : "baseTypeChanged",
                "EventTriggerId" : "mashup-root",
                "EventTriggerSection" : "",
                "Id" : "9208bf8a-0d5d-480d-9cde-ad12ccdf2832"
              }, {
                "EventHandlerArea" : "UI",
                "EventHandlerId" : "expression-21",
                "EventHandlerService" : "Evaluate",
                "EventTriggerArea" : "UI",
                "EventTriggerEvent" : "Changed",
                "EventTriggerId" : "NumericEntry-4",
                "EventTriggerSection" : "",
                "Id" : "e3416298-1fa1-4331-a25f-bc9f03defa34"
              }, {
                "EventHandlerArea" : "UI",
                "EventHandlerId" : "expression-24",
                "EventHandlerService" : "Evaluate",
                "EventTriggerArea" : "UI",
                "EventTriggerEvent" : "Changed",
                "EventTriggerId" : "NumericEntry-11",
                "EventTriggerSection" : "",
                "Id" : "8431fc79-85d4-4919-9901-52b00d8250e8"
              }, {
                "EventHandlerArea" : "UI",
                "EventHandlerId" : "expression-28",
                "EventHandlerService" : "Evaluate",
                "EventTriggerArea" : "UI",
                "EventTriggerEvent" : "Changed",
                "EventTriggerId" : "numericentry-25",
                "EventTriggerSection" : "",
                "Id" : "90c53e49-71bb-475e-9663-9de3efc0f039"
              }, {
                "EventHandlerArea" : "UI",
                "EventHandlerId" : "validator-27",
                "EventHandlerService" : "Evaluate",
                "EventTriggerArea" : "Mashup",
                "EventTriggerEvent" : "Loaded",
                "EventTriggerId" : "mashup-root",
                "EventTriggerSection" : "",
                "Id" : "8deb8a96-d859-46ef-b3da-76ca5636cca0"
              }, {
                "EventHandlerArea" : "UI",
                "EventHandlerId" : "validator-27",
                "EventHandlerService" : "Evaluate",
                "EventTriggerArea" : "Mashup",
                "EventTriggerEvent" : "baseTypeChanged",
                "EventTriggerId" : "mashup-root",
                "EventTriggerSection" : "",
                "Id" : "078f2dd6-8021-4e92-94db-8f1480bb0b82"
              }, {
                "EventHandlerArea" : "UI",
                "EventHandlerId" : "Validator-8",
                "EventHandlerService" : "Evaluate",
                "EventTriggerArea" : "Mashup",
                "EventTriggerEvent" : "isReadOnlyChanged",
                "EventTriggerId" : "mashup-root",
                "EventTriggerSection" : "",
                "Id" : "b64f1731-469d-48e8-81a6-79b02ac21e42"
              }, {
                "EventHandlerArea" : "UI",
                "EventHandlerId" : "expression-34",
                "EventHandlerService" : "Evaluate",
                "EventTriggerArea" : "Mashup",
                "EventTriggerEvent" : "isReadOnlyChanged",
                "EventTriggerId" : "mashup-root",
                "EventTriggerSection" : "",
                "Id" : "f5fc6076-c53c-4e79-8351-d1c94958cf27"
              }, {
                "EventHandlerArea" : "UI",
                "EventHandlerId" : "expression-34",
                "EventHandlerService" : "Evaluate",
                "EventTriggerArea" : "Mashup",
                "EventTriggerEvent" : "Loaded",
                "EventTriggerId" : "mashup-root",
                "EventTriggerSection" : "",
                "Id" : "8b819ffd-1e54-4462-89f0-827511298023"
              }, {
                "EventHandlerArea" : "UI",
                "EventHandlerId" : "expression-34",
                "EventHandlerService" : "Evaluate",
                "EventTriggerArea" : "Mashup",
                "EventTriggerEvent" : "baseTypeChanged",
                "EventTriggerId" : "mashup-root",
                "EventTriggerSection" : "",
                "Id" : "2c5aeb6d-2b8f-445a-90df-75fe50bdf77a"
              }, {
                "EventHandlerArea" : "UI",
                "EventHandlerId" : "validator-16",
                "EventHandlerService" : "Evaluate",
                "EventTriggerArea" : "Mashup",
                "EventTriggerEvent" : "isReadOnlyChanged",
                "EventTriggerId" : "mashup-root",
                "EventTriggerSection" : "",
                "Id" : "6fa58c80-fec1-4592-a7a3-54059f1fc056"
              }, {
                "EventHandlerArea" : "UI",
                "EventHandlerId" : "expression-45",
                "EventHandlerService" : "Evaluate",
                "EventTriggerArea" : "Mashup",
                "EventTriggerEvent" : "Loaded",
                "EventTriggerId" : "mashup-root",
                "EventTriggerSection" : "",
                "Id" : "633fcb90-69e5-4e8a-bb0f-259dca96f4ce"
              }, {
                "EventHandlerArea" : "UI",
                "EventHandlerId" : "expression-45",
                "EventHandlerService" : "Evaluate",
                "EventTriggerArea" : "Mashup",
                "EventTriggerEvent" : "baseTypeChanged",
                "EventTriggerId" : "mashup-root",
                "EventTriggerSection" : "",
                "Id" : "145f4fd2-8724-4875-90f8-a1f0576dde9e"
              }, {
                "EventHandlerArea" : "UI",
                "EventHandlerId" : "expression-45",
                "EventHandlerService" : "Evaluate",
                "EventTriggerArea" : "Mashup",
                "EventTriggerEvent" : "isReadOnlyChanged",
                "EventTriggerId" : "mashup-root",
                "EventTriggerSection" : "",
                "Id" : "dce525c0-362d-40a4-b624-97c30b9798b1"
              } ],
              "RunTimePermissions" : {
                "permissions" : [ ]
              },
              "UI" : {
                "Properties" : {
                  "AddToDashboardButton" : "SimplePlus",
                  "AddToDashboardButtonStyle" : "DefaultAddToDashboardButtonStyle",
                  "Area" : "Mashup",
                  "BGImage" : "",
                  "BGImageRepeat" : "no-repeat",
                  "BGImageSize" : "auto",
                  "Columns" : 0,
                  "ConfigureGadgetButton" : "SimpleGear",
                  "ConfigureGadgetButtonStyle" : "DefaultConfigureGadgetButtonStyle",
                  "DisplayName" : "Mashup",
                  "EnableParameterEditing" : false,
                  "Height" : 618,
                  "Id" : "mashup-root",
                  "IgnoreWarningsInViewMashup" : false,
                  "IsPrintLayout" : false,
                  "Left" : 0,
                  "MashupToEditGadget" : "DefaultMashupToEditGadget",
                  "MinHeight" : 0,
                  "MinWidth" : 0,
                  "ResponsiveLayout" : true,
                  "Rows" : 0,
                  "ShowDataLoading" : true,
                  "Style" : "DefaultMashupStyle",
                  "StyleTheme" : "Base Theme",
                  "Title" : "",
                  "TitleBar" : false,
                  "TitleBarStyle" : "DefaultTitleBarStyle",
                  "TitleBarText" : "Gadget Title Here",
                  "Top" : 0,
                  "Type" : "mashup",
                  "UseTheme" : false,
                  "UseThemeForHybrids" : false,
                  "Visible" : true,
                  "Width" : 1024,
                  "Z-index" : 10,
                  "__TypeDisplayName" : "Mashup",
                  "_currentParameterDefs" : [ {
                    "Aspects" : {
                      "bindingDirection" : "BOTH",
                      "isMandatory" : false
                    },
                    "BaseType" : "STRING",
                    "DefaultValue" : "",
                    "Description" : "base type of the input field",
                    "ParameterName" : "baseType"
                  }, {
                    "Aspects" : {
                      "bindingDirection" : "BOTH",
                      "isMandatory" : false
                    },
                    "BaseType" : "STRING",
                    "DefaultValue" : "",
                    "Description" : "",
                    "ParameterName" : "stringValue"
                  }, {
                    "Aspects" : {
                      "bindingDirection" : "BOTH",
                      "isMandatory" : false
                    },
                    "BaseType" : "BOOLEAN",
                    "Description" : "",
                    "ParameterName" : "boolValue"
                  }, {
                    "Aspects" : {
                      "bindingDirection" : "BOTH",
                      "isMandatory" : false
                    },
                    "BaseType" : "NUMBER",
                    "DefaultValue" : 0,
                    "Description" : "",
                    "ParameterName" : "numValue"
                  }, {
                    "Aspects" : {
                      "bindingDirection" : "BOTH",
                      "isMandatory" : false
                    },
                    "BaseType" : "NUMBER",
                    "DefaultValue" : 0,
                    "Description" : "",
                    "ParameterName" : "intValue"
                  }, {
                    "Aspects" : {
                      "bindingDirection" : "BOTH",
                      "isMandatory" : false
                    },
                    "BaseType" : "DATETIME",
                    "DefaultValue" : "2018-01-05T05:00:00.000Z",
                    "Description" : "",
                    "ParameterName" : "dateValue"
                  }, {
                    "Aspects" : {
                      "bindingDirection" : "BOTH",
                      "isMandatory" : false
                    },
                    "BaseType" : "STRING",
                    "Description" : "Single output as string",
                    "ParameterName" : "outputAsString"
                  }, {
                    "Aspects" : {
                      "bindingDirection" : "BOTH",
                      "isMandatory" : false
                    },
                    "BaseType" : "LONG",
                    "Description" : "",
                    "ParameterName" : "longValue"
                  }, {
                    "Aspects" : {
                      "bindingDirection" : "IN",
                      "isMandatory" : false
                    },
                    "BaseType" : "BOOLEAN",
                    "Description" : "Make the fields inside read only",
                    "ParameterName" : "isReadOnly"
                  } ],
                  "baseType" : "",
                  "dateValue" : "2018-01-05T05:00:00.000Z",
                  "id_index" : 45,
                  "intValue" : 0,
                  "numValue" : 0,
                  "stringValue" : "",
                  "supportsAutoResize" : true
                },
                "Widgets" : [ {
                  "Properties" : {
                    "Area" : "UI",
                    "DisplayName" : "MainPanel",
                    "Height" : 200,
                    "HideScrollbars" : true,
                    "HorizontalAnchor" : "left",
                    "Id" : "Panel-1",
                    "Left" : 145,
                    "ResponsiveLayout" : true,
                    "ShowDataLoading" : true,
                    "Style" : "DefaultContainerStyle",
                    "Top" : 65,
                    "Type" : "panel",
                    "VerticalAnchor" : "top",
                    "Visible" : true,
                    "Width" : 300,
                    "Z-index" : 10,
                    "__TypeDisplayName" : "Panel"
                  },
                  "Widgets" : [ {
                    "Properties" : {
                      "Area" : "UI",
                      "CursorPosition" : 0,
                      "DefaultTextboxFocusStyle" : "DefaultFocusStyle",
                      "Description" : "",
                      "DisplayName" : "txtStringEntry",
                      "Height" : 24,
                      "Id" : "Textbox-3",
                      "InnerShadow" : false,
                      "Label" : "",
                      "LabelAlignment" : "left",
                      "Left" : 0,
                      "MaskInputCharacters" : false,
                      "PlaceholderText" : "",
                      "ReadOnly" : false,
                      "ResponsiveLayout" : false,
                      "ShowDataLoading" : true,
                      "Style" : "DefaultTextBoxStyle",
                      "TabSequence" : 0,
                      "Text" : "",
                      "TextAlign" : "left",
                      "TextboxLabelStyle" : "DefaultWidgetLabelStyle",
                      "ToolTipField" : "",
                      "ToolTipStyle" : "DefaultTooltipStyle",
                      "Top" : 0,
                      "Type" : "textbox",
                      "Visible" : true,
                      "Width" : 200,
                      "Z-index" : 10,
                      "__TypeDisplayName" : "Textbox",
                      "__supportsLabel" : true,
                      "__supportsTooltip" : true
                    },
                    "Widgets" : [ ]
                  }, {
                    "Properties" : {
                      "AllowDecimals" : true,
                      "AllowNegatives" : true,
                      "Area" : "UI",
                      "ConstrainValue" : false,
                      "DisplayName" : "NumericEntry-Number",
                      "FixedDigits" : 0,
                      "Height" : 24,
                      "Id" : "NumericEntry-4",
                      "InnerShadow" : false,
                      "Label" : "",
                      "LabelAlignment" : "left",
                      "Left" : 0,
                      "Maximum" : 100,
                      "Minimum" : 0,
                      "NumericEntryFocusStyle" : "DefaultFocusStyle",
                      "NumericEntryLabelStyle" : "DefaultWidgetLabelStyle",
                      "ResponsiveLayout" : false,
                      "ShowDataLoading" : true,
                      "Style" : "DefaultTextBoxStyle",
                      "TabSequence" : 0,
                      "ToolTipField" : "",
                      "ToolTipStyle" : "DefaultTooltipStyle",
                      "Top" : 0,
                      "Type" : "numericentry",
                      "UseTheme" : false,
                      "Value" : 0,
                      "ValueAlign" : "left",
                      "Visible" : true,
                      "Width" : 200,
                      "Z-index" : 10,
                      "__TypeDisplayName" : "Numeric Entry",
                      "__supportsLabel" : true,
                      "__supportsTooltip" : true
                    },
                    "Widgets" : [ ]
                  }, {
                    "Properties" : {
                      "Area" : "UI",
                      "AutoEvaluate" : false,
                      "Description" : "",
                      "DisplayName" : "Is Type Boolean?",
                      "Expression" : "!isReadOnly && baseType && baseType.toLowerCase() == 'boolean'",
                      "Height" : 18,
                      "Id" : "Validator-7",
                      "Left" : 335,
                      "Output" : false,
                      "ResponsiveLayout" : false,
                      "ShowDataLoading" : false,
                      "Top" : 5,
                      "Type" : "validator",
                      "Visible" : false,
                      "Width" : 200,
                      "Z-index" : 10,
                      "__TypeDisplayName" : "Validator",
                      "_currentParameterDefs" : [ {
                        "BaseType" : "STRING",
                        "Description" : "",
                        "ParameterName" : "baseType"
                      }, {
                        "BaseType" : "BOOLEAN",
                        "Description" : "",
                        "ParameterName" : "isReadOnly"
                      } ],
                      "editMode" : "edit",
                      "helperType" : "validator",
                      "parameters" : [ {
                        "BaseType" : "STRING",
                        "Description" : "",
                        "ParameterName" : "baseType"
                      }, {
                        "BaseType" : "BOOLEAN",
                        "Description" : "",
                        "ParameterName" : "isReadOnly"
                      } ],
                      "parametersToDelete" : [ ]
                    },
                    "Widgets" : [ ]
                  }, {
                    "Properties" : {
                      "Area" : "UI",
                      "AutoEvaluate" : false,
                      "Description" : "",
                      "DisplayName" : "Is Type String?",
                      "Expression" : "!isReadOnly && baseType && baseType.toLowerCase() == 'string'",
                      "Height" : 23,
                      "Id" : "Validator-8",
                      "Left" : 335,
                      "Output" : false,
                      "ResponsiveLayout" : false,
                      "ShowDataLoading" : false,
                      "Top" : 25,
                      "Type" : "validator",
                      "Visible" : false,
                      "Width" : 170,
                      "Z-index" : 10,
                      "__TypeDisplayName" : "Validator",
                      "_currentParameterDefs" : [ {
                        "BaseType" : "STRING",
                        "Description" : "",
                        "ParameterName" : "baseType"
                      }, {
                        "BaseType" : "BOOLEAN",
                        "Description" : "",
                        "ParameterName" : "isReadOnly"
                      } ],
                      "editMode" : "edit",
                      "helperType" : "validator",
                      "parameters" : [ {
                        "BaseType" : "STRING",
                        "Description" : "",
                        "ParameterName" : "baseType"
                      }, {
                        "BaseType" : "BOOLEAN",
                        "Description" : "",
                        "ParameterName" : "isReadOnly"
                      } ],
                      "parametersToDelete" : [ "isReadyOnly" ]
                    },
                    "Widgets" : [ ]
                  }, {
                    "Properties" : {
                      "Area" : "UI",
                      "AutoEvaluate" : false,
                      "Description" : "",
                      "DisplayName" : "Is Type Number?",
                      "Expression" : "!isReadOnly && baseType && baseType.toLowerCase() == 'number'",
                      "Height" : 23,
                      "Id" : "Validator-9",
                      "Left" : 335,
                      "Output" : false,
                      "ResponsiveLayout" : false,
                      "ShowDataLoading" : false,
                      "Top" : 45,
                      "Type" : "validator",
                      "Visible" : false,
                      "Width" : 200,
                      "Z-index" : 10,
                      "__TypeDisplayName" : "Validator",
                      "_currentParameterDefs" : [ {
                        "BaseType" : "STRING",
                        "Description" : "",
                        "ParameterName" : "baseType"
                      }, {
                        "BaseType" : "BOOLEAN",
                        "Description" : "",
                        "ParameterName" : "isReadOnly"
                      } ],
                      "editMode" : "edit",
                      "helperType" : "validator",
                      "parameters" : [ {
                        "BaseType" : "STRING",
                        "Description" : "",
                        "ParameterName" : "baseType"
                      }, {
                        "BaseType" : "BOOLEAN",
                        "Description" : "",
                        "ParameterName" : "isReadOnly"
                      } ],
                      "parametersToDelete" : [ ]
                    },
                    "Widgets" : [ ]
                  }, {
                    "Properties" : {
                      "Area" : "UI",
                      "AutoEvaluate" : false,
                      "DisplayName" : "Is Type Integer?",
                      "Expression" : "!isReadOnly && baseType && baseType.toLowerCase() == 'integer'",
                      "Height" : 18,
                      "Id" : "Validator-6",
                      "Left" : 335,
                      "Output" : false,
                      "ResponsiveLayout" : false,
                      "ShowDataLoading" : false,
                      "Top" : 65,
                      "Type" : "validator",
                      "Visible" : false,
                      "Width" : 200,
                      "Z-index" : 10,
                      "__TypeDisplayName" : "Validator",
                      "_currentParameterDefs" : [ {
                        "BaseType" : "STRING",
                        "Description" : "",
                        "ParameterName" : "baseType"
                      }, {
                        "BaseType" : "BOOLEAN",
                        "Description" : "",
                        "ParameterName" : "isReadOnly"
                      } ],
                      "editMode" : "edit",
                      "helperType" : "validator",
                      "parameters" : [ {
                        "BaseType" : "STRING",
                        "Description" : "",
                        "ParameterName" : "baseType"
                      }, {
                        "BaseType" : "BOOLEAN",
                        "Description" : "",
                        "ParameterName" : "isReadOnly"
                      } ],
                      "parametersToDelete" : [ ]
                    },
                    "Widgets" : [ ]
                  }, {
                    "Properties" : {
                      "Area" : "UI",
                      "ButtonStates" : "PTC.Factory.BooleanType",
                      "ButtonTextOverflow" : "wrap",
                      "DisplayName" : "radioBooleanEntry",
                      "Height" : 24,
                      "Id" : "radiobuttonlist-15",
                      "Left" : 0,
                      "Orientation" : "horz",
                      "RadioButtonDepressedStyle" : "PTC.Factory.Generic.DialogBoxOptionSelectorSelectedState",
                      "RadioButtonStyle" : "PTC.Factory.Generic.DialogBoxOptionSelectorNormalState",
                      "ReadOnly" : false,
                      "ResponsiveLayout" : false,
                      "ShowDataLoading" : true,
                      "State false Label" : "[[PTC.Factory.False]]",
                      "State true Label" : "[[PTC.Factory.True]]",
                      "ToolTipStyle" : "DefaultTooltipStyle",
                      "Top" : 0,
                      "Type" : "radiobuttonlist",
                      "Visible" : true,
                      "Width" : 200,
                      "Z-index" : 10,
                      "__TypeDisplayName" : "Button Bar",
                      "__supportsTooltip" : true
                    },
                    "Widgets" : [ ]
                  }, {
                    "Properties" : {
                      "Area" : "UI",
                      "AutoEvaluate" : false,
                      "Description" : "",
                      "DisplayName" : "Is value Datetime?",
                      "Expression" : "!isReadOnly && baseType && baseType.toLowerCase() == 'datetime'",
                      "Height" : 18,
                      "Id" : "validator-16",
                      "Left" : 335,
                      "Output" : false,
                      "ResponsiveLayout" : false,
                      "ShowDataLoading" : false,
                      "Top" : 85,
                      "Type" : "validator",
                      "Visible" : false,
                      "Width" : 170,
                      "Z-index" : 10,
                      "__TypeDisplayName" : "Validator",
                      "_currentParameterDefs" : [ {
                        "BaseType" : "STRING",
                        "Description" : "",
                        "ParameterName" : "baseType"
                      }, {
                        "BaseType" : "BOOLEAN",
                        "Description" : "",
                        "ParameterName" : "isReadOnly"
                      } ],
                      "editMode" : "edit",
                      "helperType" : "validator",
                      "parameters" : [ {
                        "BaseType" : "STRING",
                        "Description" : "",
                        "ParameterName" : "baseType"
                      }, {
                        "BaseType" : "BOOLEAN",
                        "Description" : "",
                        "ParameterName" : "isReadOnly"
                      } ],
                      "parametersToDelete" : [ ]
                    },
                    "Widgets" : [ ]
                  }, {
                    "Properties" : {
                      "Area" : "UI",
                      "DateDelimiter" : "-",
                      "DateDisplay" : "short",
                      "DateFormat" : "yyyy-M-dd",
                      "DateFormatToken" : "",
                      "DateOnly" : false,
                      "DateOrder" : "yy-mm-dd",
                      "DecadeView" : false,
                      "Description" : "",
                      "DisplayName" : "DateTimePicker",
                      "DisplaySeconds" : true,
                      "Height" : 25,
                      "Id" : "datetimepicker-17",
                      "InitializeWithCurrentDateTime" : true,
                      "Interval" : 0,
                      "IntervalType" : "h",
                      "Label" : "",
                      "Left" : 0,
                      "ResponsiveLayout" : false,
                      "ShowDataLoading" : true,
                      "Style" : "DefaultDataFilterStyle",
                      "TabSequence" : 0,
                      "TimeFormat" : "hh:mm:ss",
                      "ToolTipField" : "",
                      "ToolTipStyle" : "DefaultTooltipStyle",
                      "Top" : 0,
                      "Type" : "datetimepicker",
                      "Visible" : true,
                      "Width" : 200,
                      "Z-index" : 10,
                      "__TypeDisplayName" : "Date Time Picker",
                      "__supportsLabel" : true,
                      "__supportsTooltip" : true
                    },
                    "Widgets" : [ ]
                  }, {
                    "Properties" : {
                      "AllowDecimals" : false,
                      "AllowNegatives" : true,
                      "Area" : "UI",
                      "ConstrainValue" : true,
                      "Description" : "",
                      "DisplayName" : "NumericEntry-Integer",
                      "FixedDigits" : 0,
                      "Height" : 24,
                      "Id" : "NumericEntry-11",
                      "InnerShadow" : false,
                      "Label" : "",
                      "LabelAlignment" : "left",
                      "Left" : 0,
                      "Maximum" : 2147483647,
                      "Minimum" : -2147483647,
                      "NumericEntryFocusStyle" : "DefaultFocusStyle",
                      "NumericEntryLabelStyle" : "DefaultWidgetLabelStyle",
                      "ResponsiveLayout" : false,
                      "ShowDataLoading" : false,
                      "Style" : "DefaultTextBoxStyle",
                      "TabSequence" : 0,
                      "ToolTipField" : "",
                      "ToolTipStyle" : "DefaultTooltipStyle",
                      "Top" : 0,
                      "Type" : "numericentry",
                      "UseTheme" : false,
                      "Value" : 0,
                      "ValueAlign" : "left",
                      "Visible" : true,
                      "Width" : 200,
                      "Z-index" : 10,
                      "__TypeDisplayName" : "Numeric Entry",
                      "__supportsLabel" : true,
                      "__supportsTooltip" : true
                    },
                    "Widgets" : [ ]
                  }, {
                    "Properties" : {
                      "Area" : "UI",
                      "AutoEvaluate" : true,
                      "DataChangeType" : "ALWAYS",
                      "Description" : "",
                      "DisplayName" : "convertToSingleStringOuput",
                      "Expression" : "switch(baseType.toUpperCase()) { case \"STRING\": (myStringVal)?myStringVal:\"\"; break; case \"BOOLEAN\": (myBoolVal)?myBoolVal:\"\"; break; case \"NUMBER\": (myNumVal)?myNumVal:0; break; case \"LONG\": (myLongVal)?myLongVal:0; break; case \"INTEGER\": (myIntVal)?myIntVal:0; break; case \"DATETIME\": (myDatesVal)?myDatesVal:\"\"; break; default: \"\"; break; }",
                      "FireOnFirstValue" : false,
                      "Height" : 13,
                      "Id" : "expression-20",
                      "Left" : 330,
                      "Output" : "",
                      "OutputBaseType" : "STRING",
                      "ResponsiveLayout" : false,
                      "ShowDataLoading" : false,
                      "Top" : 105,
                      "Type" : "expression",
                      "Visible" : false,
                      "Width" : 170,
                      "Z-index" : 10,
                      "__TypeDisplayName" : "Expression",
                      "_currentParameterDefs" : [ {
                        "BaseType" : "STRING",
                        "Description" : "",
                        "ParameterName" : "myStringVal"
                      }, {
                        "BaseType" : "STRING",
                        "Description" : "",
                        "ParameterName" : "myDatesVal"
                      }, {
                        "BaseType" : "STRING",
                        "Description" : "",
                        "ParameterName" : "myIntVal"
                      }, {
                        "BaseType" : "STRING",
                        "Description" : "",
                        "ParameterName" : "myNumVal"
                      }, {
                        "BaseType" : "STRING",
                        "Description" : "",
                        "ParameterName" : "myBoolVal"
                      }, {
                        "BaseType" : "STRING",
                        "DefaultValue" : "",
                        "Description" : "",
                        "ParameterName" : "baseType"
                      }, {
                        "BaseType" : "STRING",
                        "Description" : "",
                        "ParameterName" : "myLongVal"
                      } ],
                      "baseType" : ""
                    },
                    "Widgets" : [ ]
                  }, {
                    "Properties" : {
                      "Area" : "UI",
                      "AutoEvaluate" : true,
                      "DataChangeType" : "ALWAYS",
                      "DisplayName" : "ifEmptyStringThenZeroForNumber",
                      "Expression" : "(!num)?0:num",
                      "FireOnFirstValue" : false,
                      "Height" : 18,
                      "Id" : "expression-21",
                      "Left" : 530,
                      "OutputBaseType" : "NUMBER",
                      "ResponsiveLayout" : false,
                      "ShowDataLoading" : false,
                      "Top" : 45,
                      "Type" : "expression",
                      "Visible" : false,
                      "Width" : 175,
                      "Z-index" : 10,
                      "__TypeDisplayName" : "Expression",
                      "_currentParameterDefs" : [ {
                        "BaseType" : "NUMBER",
                        "Description" : "string representation of the added number",
                        "ParameterName" : "num"
                      } ]
                    },
                    "Widgets" : [ ]
                  }, {
                    "Properties" : {
                      "Area" : "UI",
                      "AutoEvaluate" : true,
                      "DataChangeType" : "ALWAYS",
                      "DisplayName" : "ifEmptyStringThenZeroForInteger",
                      "Expression" : "(!num)?0:num",
                      "FireOnFirstValue" : false,
                      "Height" : 18,
                      "Id" : "expression-24",
                      "Left" : 530,
                      "OutputBaseType" : "NUMBER",
                      "ResponsiveLayout" : false,
                      "ShowDataLoading" : false,
                      "Top" : 25,
                      "Type" : "expression",
                      "Visible" : false,
                      "Width" : 175,
                      "Z-index" : 10,
                      "__TypeDisplayName" : "Expression",
                      "_currentParameterDefs" : [ {
                        "BaseType" : "NUMBER",
                        "Description" : "string representation of the added number",
                        "ParameterName" : "num"
                      } ]
                    },
                    "Widgets" : [ ]
                  }, {
                    "Properties" : {
                      "AllowDecimals" : false,
                      "AllowNegatives" : true,
                      "Area" : "UI",
                      "ConstrainValue" : true,
                      "CustomClass" : "",
                      "DisplayName" : "NumericEntry-Long",
                      "FixedDigits" : 0,
                      "Height" : 24,
                      "Id" : "numericentry-25",
                      "InnerShadow" : false,
                      "Label" : "",
                      "LabelAlignment" : "left",
                      "Left" : 0,
                      "Maximum" : 9223372036854776000,
                      "Minimum" : -9223372036854776000,
                      "NumericEntryFocusStyle" : "DefaultFocusStyle",
                      "NumericEntryLabelStyle" : "DefaultWidgetLabelStyle",
                      "ResponsiveLayout" : false,
                      "ShowDataLoading" : true,
                      "Style" : "DefaultTextBoxStyle",
                      "TabSequence" : 0,
                      "ToolTipField" : "",
                      "ToolTipStyle" : "DefaultTooltipStyle",
                      "Top" : 0,
                      "Type" : "numericentry",
                      "UseTheme" : false,
                      "Value" : 0,
                      "ValueAlign" : "left",
                      "Visible" : true,
                      "Width" : 200,
                      "Z-index" : 10,
                      "__TypeDisplayName" : "Numeric Entry",
                      "__supportsLabel" : true,
                      "__supportsTooltip" : true
                    },
                    "Widgets" : [ ]
                  }, {
                    "Properties" : {
                      "Area" : "UI",
                      "AutoEvaluate" : false,
                      "DisplayName" : "Is Type Long?",
                      "Expression" : "!isReadOnly && baseType && baseType.toLowerCase() == 'long'",
                      "Height" : 18,
                      "Id" : "validator-27",
                      "Left" : 525,
                      "Output" : false,
                      "ResponsiveLayout" : false,
                      "ShowDataLoading" : false,
                      "Top" : 85,
                      "Type" : "validator",
                      "Visible" : false,
                      "Width" : 200,
                      "Z-index" : 10,
                      "__TypeDisplayName" : "Validator",
                      "_currentParameterDefs" : [ {
                        "BaseType" : "STRING",
                        "Description" : "",
                        "ParameterName" : "baseType"
                      }, {
                        "BaseType" : "BOOLEAN",
                        "Description" : "",
                        "ParameterName" : "isReadOnly"
                      } ],
                      "editMode" : "edit",
                      "helperType" : "validator",
                      "parameters" : [ {
                        "BaseType" : "STRING",
                        "Description" : "",
                        "ParameterName" : "baseType"
                      }, {
                        "BaseType" : "BOOLEAN",
                        "Description" : "",
                        "ParameterName" : "isReadOnly"
                      } ],
                      "parametersToDelete" : [ ]
                    },
                    "Widgets" : [ ]
                  }, {
                    "Properties" : {
                      "Area" : "UI",
                      "AutoEvaluate" : true,
                      "DataChangeType" : "ALWAYS",
                      "DisplayName" : "ifEmptyStringThenZeroForLong",
                      "Expression" : "(!num)?0:num",
                      "FireOnFirstValue" : false,
                      "Height" : 18,
                      "Id" : "expression-28",
                      "Left" : 530,
                      "OutputBaseType" : "NUMBER",
                      "ResponsiveLayout" : false,
                      "ShowDataLoading" : false,
                      "Top" : 65,
                      "Type" : "expression",
                      "Visible" : false,
                      "Width" : 175,
                      "Z-index" : 10,
                      "__TypeDisplayName" : "Expression",
                      "_currentParameterDefs" : [ {
                        "BaseType" : "NUMBER",
                        "Description" : "string representation of the added number",
                        "ParameterName" : "num"
                      } ]
                    },
                    "Widgets" : [ ]
                  }, {
                    "Properties" : {
                      "Area" : "UI",
                      "ButtonStates" : "PTC.Factory.BooleanType",
                      "ButtonTextOverflow" : "wrap",
                      "DisplayName" : "disabledRadioBooleanEntry",
                      "Height" : 24,
                      "Id" : "radiobuttonlist-33",
                      "Left" : 0,
                      "Orientation" : "horz",
                      "RadioButtonDepressedStyle" : "PTC.Factory.Generic.DialogBoxOptionSelectorSelectedState",
                      "RadioButtonStyle" : "PTC.Factory.Generic.DialogBoxOptionSelectorNormalState",
                      "ReadOnly" : true,
                      "ResponsiveLayout" : false,
                      "ShowDataLoading" : true,
                      "State false Label" : "[[PTC.Factory.False]]",
                      "State true Label" : "[[PTC.Factory.True]]",
                      "ToolTipStyle" : "DefaultTooltipStyle",
                      "Top" : 0,
                      "Type" : "radiobuttonlist",
                      "Visible" : true,
                      "Width" : 200,
                      "Z-index" : 10,
                      "__TypeDisplayName" : "Button Bar",
                      "__supportsTooltip" : true
                    },
                    "Widgets" : [ ]
                  }, {
                    "Properties" : {
                      "Area" : "UI",
                      "CursorPosition" : 0,
                      "DefaultTextboxFocusStyle" : "DefaultFocusStyle",
                      "Description" : "",
                      "DisplayName" : "disabledNonBooleanEntry",
                      "Height" : 24,
                      "Id" : "textbox-44",
                      "InnerShadow" : false,
                      "Label" : "",
                      "LabelAlignment" : "left",
                      "Left" : 0,
                      "MaskInputCharacters" : false,
                      "PlaceholderText" : "",
                      "ReadOnly" : true,
                      "ResponsiveLayout" : false,
                      "ShowDataLoading" : true,
                      "Style" : "PTC.Factory.Generic.DialogBoxTextInputFieldDisabled",
                      "TabSequence" : 0,
                      "Text" : "",
                      "TextAlign" : "left",
                      "TextboxLabelStyle" : "DefaultWidgetLabelStyle",
                      "ToolTipField" : "",
                      "ToolTipStyle" : "DefaultTooltipStyle",
                      "Top" : 0,
                      "Type" : "textbox",
                      "Visible" : true,
                      "Width" : 200,
                      "Z-index" : 10,
                      "__TypeDisplayName" : "Textbox",
                      "__supportsLabel" : true,
                      "__supportsTooltip" : true
                    },
                    "Widgets" : [ ]
                  } ]
                }, {
                  "Properties" : {
                    "Area" : "UI",
                    "AutoEvaluate" : false,
                    "DataChangeType" : "ALWAYS",
                    "DisplayName" : "Disable Boolean Entry?",
                    "Expression" : "isReadOnly && baseType && baseType.toLowerCase() == 'boolean'",
                    "FireOnFirstValue" : false,
                    "Height" : 28,
                    "Id" : "expression-34",
                    "Left" : 0,
                    "OutputBaseType" : "BOOLEAN",
                    "ShowDataLoading" : true,
                    "Top" : 0,
                    "Type" : "expression",
                    "Visible" : true,
                    "Width" : 200,
                    "Z-index" : 10,
                    "__TypeDisplayName" : "Expression",
                    "_currentParameterDefs" : [ {
                      "BaseType" : "STRING",
                      "Description" : "",
                      "ParameterName" : "baseType"
                    }, {
                      "BaseType" : "BOOLEAN",
                      "Description" : "",
                      "ParameterName" : "isReadOnly"
                    } ],
                    "editMode" : "edit",
                    "helperType" : "expression",
                    "parameters" : [ {
                      "BaseType" : "STRING",
                      "Description" : "",
                      "ParameterName" : "baseType"
                    }, {
                      "BaseType" : "BOOLEAN",
                      "Description" : "",
                      "ParameterName" : "isReadOnly"
                    } ],
                    "parametersToDelete" : [ ]
                  },
                  "Widgets" : [ ]
                }, {
                  "Properties" : {
                    "Area" : "UI",
                    "AutoEvaluate" : false,
                    "DataChangeType" : "ALWAYS",
                    "DisplayName" : "Disable Non Boolean Entry ?",
                    "Expression" : "isReadOnly && baseType && baseType.toLowerCase() != 'boolean'",
                    "FireOnFirstValue" : false,
                    "Height" : 28,
                    "Id" : "expression-45",
                    "Left" : 0,
                    "OutputBaseType" : "BOOLEAN",
                    "ShowDataLoading" : true,
                    "Top" : 0,
                    "Type" : "expression",
                    "Visible" : true,
                    "Width" : 200,
                    "Z-index" : 10,
                    "__TypeDisplayName" : "Expression",
                    "_currentParameterDefs" : [ {
                      "BaseType" : "STRING",
                      "Description" : "",
                      "ParameterName" : "baseType"
                    }, {
                      "BaseType" : "BOOLEAN",
                      "Description" : "",
                      "ParameterName" : "isReadOnly"
                    } ],
                    "editMode" : "edit",
                    "helperType" : "expression",
                    "parameters" : [ {
                      "BaseType" : "STRING",
                      "Description" : "",
                      "ParameterName" : "baseType"
                    }, {
                      "BaseType" : "BOOLEAN",
                      "Description" : "",
                      "ParameterName" : "isReadOnly"
                    } ],
                    "parametersToDelete" : [ "readOnly" ]
                  },
                  "Widgets" : [ ]
                } ]
              },
              "mashupType" : "mashup"
            }
            ]]>
            </mashupContent>
            <preview></preview>
        </Mashup>
    </Mashups>
</Entities>
