<?xml version="1.0" encoding="UTF-8"?>
<Entities>
    <LocalizationTables>
        <LocalizationTable
         description="zh-TW localization table"
         homeMashup=""
         name="zh-TW"
         tags="PTC:OA">
            <avatar></avatar>
            <DesignTimePermissions>
                <Create></Create>
                <Read></Read>
                <Update></Update>
                <Delete></Delete>
                <Metadata></Metadata>
            </DesignTimePermissions>
            <RunTimePermissions></RunTimePermissions>
            <VisibilityPermissions></VisibilityPermissions>
            <ConfigurationTables>
                <ConfigurationTable
                 description="Localization Tokens"
                 isMultiRow="true"
                 name="LocalizationTokens"
                 ordinal="0">
                    <DataShape>
                        <FieldDefinitions>
                            <FieldDefinition
                             aspect.friendlyName="Translation context"
                             baseType="STRING"
                             description="Translation context"
                             name="context"
                             ordinal="3"></FieldDefinition>
                            <FieldDefinition
                             aspect.friendlyName="Token name"
                             baseType="STRING"
                             description="Token name"
                             name="name"
                             ordinal="0"></FieldDefinition>
                            <FieldDefinition
                             aspect.friendlyName="Token usage"
                             baseType="STRING"
                             description="Token usage"
                             name="usage"
                             ordinal="2"></FieldDefinition>
                            <FieldDefinition
                             aspect.friendlyName="Localized value"
                             baseType="STRING"
                             description="Localized value"
                             name="value"
                             ordinal="1"></FieldDefinition>
                        </FieldDefinitions>
                    </DataShape>
                    <Rows>
                        <Row>
                            <name>
                            <![CDATA[
                            PTC.SCA.SCO.PriorityLabel
                            ]]>
                            </name>
                            <value>
                            <![CDATA[
                            優先性：
                            ]]>
                            </value>
                        </Row>
                        <Row>
                            <name>
                            <![CDATA[
                            PTC.SCA.SCO.TypeLabel
                            ]]>
                            </name>
                            <value>
                            <![CDATA[
                            類型：
                            ]]>
                            </value>
                        </Row>
                        <Row>
                            <name>
                            <![CDATA[
                            PTC.SCA.SCO.LocationLabel
                            ]]>
                            </name>
                            <value>
                            <![CDATA[
                            位置：
                            ]]>
                            </value>
                        </Row>
                        <Row>
                            <name>
                            <![CDATA[
                            PTC.SCA.SCO.StatusLabel
                            ]]>
                            </name>
                            <value>
                            <![CDATA[
                            狀態：
                            ]]>
                            </value>
                        </Row>
                        <Row>
                            <name>
                            <![CDATA[
                            PTC.SCA.SCO.CategoryLabel
                            ]]>
                            </name>
                            <value>
                            <![CDATA[
                            類別：
                            ]]>
                            </value>
                        </Row>
                        <Row>
                            <name>
                            <![CDATA[
                            PTC.SCA.SCO.StartLabel
                            ]]>
                            </name>
                            <value>
                            <![CDATA[
                            開始
                            ]]>
                            </value>
                        </Row>
                        <Row>
                            <name>
                            <![CDATA[
                            PTC.SCA.SCO.FilteredBy
                            ]]>
                            </name>
                            <value>
                            <![CDATA[
                            篩選條件：
                            ]]>
                            </value>
                        </Row>
                        <Row>
                            <name>
                            <![CDATA[
                            PTC.SCA.SCO.SortedBy
                            ]]>
                            </name>
                            <value>
                            <![CDATA[
                            排序條件：
                            ]]>
                            </value>
                        </Row>
                        <Row>
                            <name>
                            <![CDATA[
                            PTC.SCA.SCO.Like
                            ]]>
                            </name>
                            <value>
                            <![CDATA[
                            類似
                            ]]>
                            </value>
                        </Row>
                        <Row>
                            <name>
                            <![CDATA[
                            PTC.SCA.SCO.ListOfJobOrders
                            ]]>
                            </name>
                            <value>
                            <![CDATA[
                            工作訂單
                            ]]>
                            </value>
                        </Row>
                        <Row>
                            <name>
                            <![CDATA[
                            PTC.SCA.SCO.WD.Info.Tab.Name.1
                            ]]>
                            </name>
                            <value>
                            <![CDATA[
                            圖像
                            ]]>
                            </value>
                        </Row>
                        <Row>
                            <name>
                            <![CDATA[
                            PTC.SCA.SCO.WD.Info.Tab.Name.2
                            ]]>
                            </name>
                            <value>
                            <![CDATA[
                            視訊
                            ]]>
                            </value>
                        </Row>
                        <Row>
                            <name>
                            <![CDATA[
                            PTC.SCA.SCO.WD.Info.Tab.Name.3
                            ]]>
                            </name>
                            <value>
                            <![CDATA[
                            CAD
                            ]]>
                            </value>
                        </Row>
                        <Row>
                            <name>
                            <![CDATA[
                            PTC.SCA.SCO.ID
                            ]]>
                            </name>
                            <value>
                            <![CDATA[
                            編號
                            ]]>
                            </value>
                        </Row>
                        <Row>
                            <name>
                            <![CDATA[
                            PTC.SCA.SCO.Description
                            ]]>
                            </name>
                            <value>
                            <![CDATA[
                            類型
                            ]]>
                            </value>
                        </Row>
                        <Row>
                            <name>
                            <![CDATA[
                            PTC.SCA.SCO.WorkType
                            ]]>
                            </name>
                            <value>
                            <![CDATA[
                            類別
                            ]]>
                            </value>
                        </Row>
                        <Row>
                            <name>
                            <![CDATA[
                            PTC.SCA.SCO.StartTime
                            ]]>
                            </name>
                            <value>
                            <![CDATA[
                            計畫開始時間
                            ]]>
                            </value>
                        </Row>
                        <Row>
                            <name>
                            <![CDATA[
                            PTC.SCA.SCO.EndTime
                            ]]>
                            </name>
                            <value>
                            <![CDATA[
                            計畫結束時間
                            ]]>
                            </value>
                        </Row>
                        <Row>
                            <name>
                            <![CDATA[
                            PTC.SCA.SCO.StartTimeLabel
                            ]]>
                            </name>
                            <value>
                            <![CDATA[
                            開始時間：
                            ]]>
                            </value>
                        </Row>
                        <Row>
                            <name>
                            <![CDATA[
                            PTC.SCA.SCO.PlannedStartTimeLabel
                            ]]>
                            </name>
                            <value>
                            <![CDATA[
                            計畫開始時間：
                            ]]>
                            </value>
                        </Row>
                        <Row>
                            <name>
                            <![CDATA[
                            PTC.SCA.SCO.PlannedEndTimeLabel
                            ]]>
                            </name>
                            <value>
                            <![CDATA[
                            計畫結束時間：
                            ]]>
                            </value>
                        </Row>
                        <Row>
                            <name>
                            <![CDATA[
                            PTC.SCA.SCO.EndTimeLabel
                            ]]>
                            </name>
                            <value>
                            <![CDATA[
                            結束時間：
                            ]]>
                            </value>
                        </Row>
                        <Row>
                            <name>
                            <![CDATA[
                            PTC.SCA.SCO.Priority
                            ]]>
                            </name>
                            <value>
                            <![CDATA[
                            優先性
                            ]]>
                            </value>
                        </Row>
                        <Row>
                            <name>
                            <![CDATA[
                            PTC.SCA.SCO.HierarchyScope
                            ]]>
                            </name>
                            <value>
                            <![CDATA[
                            位置
                            ]]>
                            </value>
                        </Row>
                        <Row>
                            <name>
                            <![CDATA[
                            PTC.SCA.SCO.CommandNumber
                            ]]>
                            </name>
                            <value>
                            <![CDATA[
                            指令編號
                            ]]>
                            </value>
                        </Row>
                        <Row>
                            <name>
                            <![CDATA[
                            PTC.SCA.SCO.DispatchStatus
                            ]]>
                            </name>
                            <value>
                            <![CDATA[
                            狀態
                            ]]>
                            </value>
                        </Row>
                        <Row>
                            <name>
                            <![CDATA[
                            PTC.SCA.SCO.CommandRule
                            ]]>
                            </name>
                            <value>
                            <![CDATA[
                            指令規則
                            ]]>
                            </value>
                        </Row>
                        <Row>
                            <name>
                            <![CDATA[
                            PTC.SCA.SCO.PagingWidget.Previous
                            ]]>
                            </name>
                            <value>
                            <![CDATA[
                            上一頁
                            ]]>
                            </value>
                        </Row>
                        <Row>
                            <name>
                            <![CDATA[
                            PTC.SCA.SCO.PagingWidget.Next
                            ]]>
                            </name>
                            <value>
                            <![CDATA[
                            下一頁
                            ]]>
                            </value>
                        </Row>
                        <Row>
                            <name>
                            <![CDATA[
                            PTC.SCA.SCO.PagingWidget.Pages
                            ]]>
                            </name>
                            <value>
                            <![CDATA[
                            頁面
                            ]]>
                            </value>
                        </Row>
                        <Row>
                            <name>
                            <![CDATA[
                            PTC.SCA.SCO.DispatchStatus1
                            ]]>
                            </name>
                            <value>
                            <![CDATA[
                            已分派
                            ]]>
                            </value>
                        </Row>
                        <Row>
                            <name>
                            <![CDATA[
                            PTC.SCA.SCO.DispatchStatus2
                            ]]>
                            </name>
                            <value>
                            <![CDATA[
                            待處理
                            ]]>
                            </value>
                        </Row>
                        <Row>
                            <name>
                            <![CDATA[
                            PTC.SCA.SCO.DispatchStatus3
                            ]]>
                            </name>
                            <value>
                            <![CDATA[
                            已暫停
                            ]]>
                            </value>
                        </Row>
                        <Row>
                            <name>
                            <![CDATA[
                            PTC.SCA.SCO.DispatchStatus4
                            ]]>
                            </name>
                            <value>
                            <![CDATA[
                            已取消
                            ]]>
                            </value>
                        </Row>
                        <Row>
                            <name>
                            <![CDATA[
                            PTC.SCA.SCO.DispatchStatus5
                            ]]>
                            </name>
                            <value>
                            <![CDATA[
                            已延遲
                            ]]>
                            </value>
                        </Row>
                        <Row>
                            <name>
                            <![CDATA[
                            PTC.SCA.SCO.DispatchStatus6
                            ]]>
                            </name>
                            <value>
                            <![CDATA[
                            已完成
                            ]]>
                            </value>
                        </Row>
                        <Row>
                            <name>
                            <![CDATA[
                            PTC.SCA.SCO.WorkType1
                            ]]>
                            </name>
                            <value>
                            <![CDATA[
                            生產
                            ]]>
                            </value>
                        </Row>
                        <Row>
                            <name>
                            <![CDATA[
                            PTC.SCA.SCO.WorkType2
                            ]]>
                            </name>
                            <value>
                            <![CDATA[
                            維護
                            ]]>
                            </value>
                        </Row>
                        <Row>
                            <name>
                            <![CDATA[
                            PTC.SCA.SCO.WorkType3
                            ]]>
                            </name>
                            <value>
                            <![CDATA[
                            品質
                            ]]>
                            </value>
                        </Row>
                        <Row>
                            <name>
                            <![CDATA[
                            PTC.SCA.SCO.WorkType4
                            ]]>
                            </name>
                            <value>
                            <![CDATA[
                            庫存
                            ]]>
                            </value>
                        </Row>
                        <Row>
                            <name>
                            <![CDATA[
                            PTC.SCA.SCO.WorkType5
                            ]]>
                            </name>
                            <value>
                            <![CDATA[
                            混合
                            ]]>
                            </value>
                        </Row>
                        <Row>
                            <name>
                            <![CDATA[
                            PTC.SCA.SCO.Priority1
                            ]]>
                            </name>
                            <value>
                            <![CDATA[
                            極高
                            ]]>
                            </value>
                        </Row>
                        <Row>
                            <name>
                            <![CDATA[
                            PTC.SCA.SCO.Priority2
                            ]]>
                            </name>
                            <value>
                            <![CDATA[
                            高
                            ]]>
                            </value>
                        </Row>
                        <Row>
                            <name>
                            <![CDATA[
                            PTC.SCA.SCO.Priority3
                            ]]>
                            </name>
                            <value>
                            <![CDATA[
                            中
                            ]]>
                            </value>
                        </Row>
                        <Row>
                            <name>
                            <![CDATA[
                            PTC.SCA.SCO.Priority4
                            ]]>
                            </name>
                            <value>
                            <![CDATA[
                            低
                            ]]>
                            </value>
                        </Row>
                        <Row>
                            <name>
                            <![CDATA[
                            PTC.SCA.SCO.ProductionOrderLabel
                            ]]>
                            </name>
                            <value>
                            <![CDATA[
                            生產訂單：
                            ]]>
                            </value>
                        </Row>
                        <Row>
                            <name>
                            <![CDATA[
                            PTC.SCA.SCO.QuantityReqLabel
                            ]]>
                            </name>
                            <value>
                            <![CDATA[
                            所需數量：
                            ]]>
                            </value>
                        </Row>
                        <Row>
                            <name>
                            <![CDATA[
                            PTC.SCA.SCO.QuantityCompleteLabel
                            ]]>
                            </name>
                            <value>
                            <![CDATA[
                            完成數量：
                            ]]>
                            </value>
                        </Row>
                        <Row>
                            <name>
                            <![CDATA[
                            PTC.SCA.SCO.QuantityRemainingLabel
                            ]]>
                            </name>
                            <value>
                            <![CDATA[
                            剩餘數量：
                            ]]>
                            </value>
                        </Row>
                        <Row>
                            <name>
                            <![CDATA[
                            PTC.SCA.SCO.ProductLabel
                            ]]>
                            </name>
                            <value>
                            <![CDATA[
                            產品：
                            ]]>
                            </value>
                        </Row>
                        <Row>
                            <name>
                            <![CDATA[
                            dateTimeFormat_Default
                            ]]>
                            </name>
                            <value>
                            <![CDATA[
                            YYYY-MM-dd HH:mm:ss
                            ]]>
                            </value>
                        </Row>
                        <Row>
                            <name>
                            <![CDATA[
                            PTC.SCA.SCO.PoweredByLabel
                            ]]>
                            </name>
                            <value>
                            <![CDATA[
                            提供者為
                            ]]>
                            </value>
                        </Row>
                        <Row>
                            <name>
                            <![CDATA[
                            PTC.SCA.SCO.WorkDefinitionExecutionStatus8
                            ]]>
                            </name>
                            <value>
                            <![CDATA[
                            執行失敗
                            ]]>
                            </value>
                        </Row>
                        <Row>
                            <name>
                            <![CDATA[
                            PTC.SCA.SCO.WorkDefinitionExecutionStatus7
                            ]]>
                            </name>
                            <value>
                            <![CDATA[
                            執行成功
                            ]]>
                            </value>
                        </Row>
                    </Rows>
                </ConfigurationTable>
            </ConfigurationTables>
        </LocalizationTable>
    </LocalizationTables>
</Entities>
