<?xml version="1.0" encoding="UTF-8"?>
<Entities>
    <LocalizationTables>
        <LocalizationTable
         description="ko localization table"
         homeMashup=""
         name="ko"
         tags="PTC:OA">
            <avatar></avatar>
            <DesignTimePermissions>
                <Create></Create>
                <Read></Read>
                <Update></Update>
                <Delete></Delete>
                <Metadata></Metadata>
            </DesignTimePermissions>
            <RunTimePermissions></RunTimePermissions>
            <VisibilityPermissions></VisibilityPermissions>
            <ConfigurationTables>
                <ConfigurationTable
                 description="Localization Tokens"
                 isMultiRow="true"
                 name="LocalizationTokens"
                 ordinal="0">
                    <DataShape>
                        <FieldDefinitions>
                            <FieldDefinition
                             aspect.friendlyName="Translation context"
                             baseType="STRING"
                             description="Translation context"
                             name="context"
                             ordinal="3"></FieldDefinition>
                            <FieldDefinition
                             aspect.friendlyName="Token name"
                             baseType="STRING"
                             description="Token name"
                             name="name"
                             ordinal="0"></FieldDefinition>
                            <FieldDefinition
                             aspect.friendlyName="Token usage"
                             baseType="STRING"
                             description="Token usage"
                             name="usage"
                             ordinal="2"></FieldDefinition>
                            <FieldDefinition
                             aspect.friendlyName="Localized value"
                             baseType="STRING"
                             description="Localized value"
                             name="value"
                             ordinal="1"></FieldDefinition>
                        </FieldDefinitions>
                    </DataShape>
                    <Rows>
                        <Row>
                            <name>
                            <![CDATA[
                            PTC.SCA.SCO.PriorityLabel
                            ]]>
                            </name>
                            <value>
                            <![CDATA[
                            우선 순위:
                            ]]>
                            </value>
                        </Row>
                        <Row>
                            <name>
                            <![CDATA[
                            PTC.SCA.SCO.TypeLabel
                            ]]>
                            </name>
                            <value>
                            <![CDATA[
                            유형:
                            ]]>
                            </value>
                        </Row>
                        <Row>
                            <name>
                            <![CDATA[
                            PTC.SCA.SCO.LocationLabel
                            ]]>
                            </name>
                            <value>
                            <![CDATA[
                            위치:
                            ]]>
                            </value>
                        </Row>
                        <Row>
                            <name>
                            <![CDATA[
                            PTC.SCA.SCO.StatusLabel
                            ]]>
                            </name>
                            <value>
                            <![CDATA[
                            상태:
                            ]]>
                            </value>
                        </Row>
                        <Row>
                            <name>
                            <![CDATA[
                            PTC.SCA.SCO.CategoryLabel
                            ]]>
                            </name>
                            <value>
                            <![CDATA[
                            범주:
                            ]]>
                            </value>
                        </Row>
                        <Row>
                            <name>
                            <![CDATA[
                            PTC.SCA.SCO.StartLabel
                            ]]>
                            </name>
                            <value>
                            <![CDATA[
                            시작
                            ]]>
                            </value>
                        </Row>
                        <Row>
                            <name>
                            <![CDATA[
                            PTC.SCA.SCO.FilteredBy
                            ]]>
                            </name>
                            <value>
                            <![CDATA[
                            필터 기준:
                            ]]>
                            </value>
                        </Row>
                        <Row>
                            <name>
                            <![CDATA[
                            PTC.SCA.SCO.SortedBy
                            ]]>
                            </name>
                            <value>
                            <![CDATA[
                            정렬 기준:
                            ]]>
                            </value>
                        </Row>
                        <Row>
                            <name>
                            <![CDATA[
                            PTC.SCA.SCO.Like
                            ]]>
                            </name>
                            <value>
                            <![CDATA[
                            좋아요
                            ]]>
                            </value>
                        </Row>
                        <Row>
                            <name>
                            <![CDATA[
                            PTC.SCA.SCO.ListOfJobOrders
                            ]]>
                            </name>
                            <value>
                            <![CDATA[
                            작업 지시서
                            ]]>
                            </value>
                        </Row>
                        <Row>
                            <name>
                            <![CDATA[
                            PTC.SCA.SCO.WD.Info.Tab.Name.1
                            ]]>
                            </name>
                            <value>
                            <![CDATA[
                            이미지
                            ]]>
                            </value>
                        </Row>
                        <Row>
                            <name>
                            <![CDATA[
                            PTC.SCA.SCO.WD.Info.Tab.Name.2
                            ]]>
                            </name>
                            <value>
                            <![CDATA[
                            비디오
                            ]]>
                            </value>
                        </Row>
                        <Row>
                            <name>
                            <![CDATA[
                            PTC.SCA.SCO.WD.Info.Tab.Name.3
                            ]]>
                            </name>
                            <value>
                            <![CDATA[
                            CAD
                            ]]>
                            </value>
                        </Row>
                        <Row>
                            <name>
                            <![CDATA[
                            PTC.SCA.SCO.ID
                            ]]>
                            </name>
                            <value>
                            <![CDATA[
                            번호
                            ]]>
                            </value>
                        </Row>
                        <Row>
                            <name>
                            <![CDATA[
                            PTC.SCA.SCO.Description
                            ]]>
                            </name>
                            <value>
                            <![CDATA[
                            유형
                            ]]>
                            </value>
                        </Row>
                        <Row>
                            <name>
                            <![CDATA[
                            PTC.SCA.SCO.WorkType
                            ]]>
                            </name>
                            <value>
                            <![CDATA[
                            범주
                            ]]>
                            </value>
                        </Row>
                        <Row>
                            <name>
                            <![CDATA[
                            PTC.SCA.SCO.StartTime
                            ]]>
                            </name>
                            <value>
                            <![CDATA[
                            계획된 시작 시간
                            ]]>
                            </value>
                        </Row>
                        <Row>
                            <name>
                            <![CDATA[
                            PTC.SCA.SCO.EndTime
                            ]]>
                            </name>
                            <value>
                            <![CDATA[
                            계획된 종료 시간
                            ]]>
                            </value>
                        </Row>
                        <Row>
                            <name>
                            <![CDATA[
                            PTC.SCA.SCO.StartTimeLabel
                            ]]>
                            </name>
                            <value>
                            <![CDATA[
                            시작 시간:
                            ]]>
                            </value>
                        </Row>
                        <Row>
                            <name>
                            <![CDATA[
                            PTC.SCA.SCO.PlannedStartTimeLabel
                            ]]>
                            </name>
                            <value>
                            <![CDATA[
                            계획된 시작 시간:
                            ]]>
                            </value>
                        </Row>
                        <Row>
                            <name>
                            <![CDATA[
                            PTC.SCA.SCO.PlannedEndTimeLabel
                            ]]>
                            </name>
                            <value>
                            <![CDATA[
                            계획된 종료 시간:
                            ]]>
                            </value>
                        </Row>
                        <Row>
                            <name>
                            <![CDATA[
                            PTC.SCA.SCO.EndTimeLabel
                            ]]>
                            </name>
                            <value>
                            <![CDATA[
                            종료 시간:
                            ]]>
                            </value>
                        </Row>
                        <Row>
                            <name>
                            <![CDATA[
                            PTC.SCA.SCO.Priority
                            ]]>
                            </name>
                            <value>
                            <![CDATA[
                            우선 순위
                            ]]>
                            </value>
                        </Row>
                        <Row>
                            <name>
                            <![CDATA[
                            PTC.SCA.SCO.HierarchyScope
                            ]]>
                            </name>
                            <value>
                            <![CDATA[
                            위치
                            ]]>
                            </value>
                        </Row>
                        <Row>
                            <name>
                            <![CDATA[
                            PTC.SCA.SCO.CommandNumber
                            ]]>
                            </name>
                            <value>
                            <![CDATA[
                            명령 번호
                            ]]>
                            </value>
                        </Row>
                        <Row>
                            <name>
                            <![CDATA[
                            PTC.SCA.SCO.DispatchStatus
                            ]]>
                            </name>
                            <value>
                            <![CDATA[
                            상태
                            ]]>
                            </value>
                        </Row>
                        <Row>
                            <name>
                            <![CDATA[
                            PTC.SCA.SCO.CommandRule
                            ]]>
                            </name>
                            <value>
                            <![CDATA[
                            명령 규칙
                            ]]>
                            </value>
                        </Row>
                        <Row>
                            <name>
                            <![CDATA[
                            PTC.SCA.SCO.PagingWidget.Previous
                            ]]>
                            </name>
                            <value>
                            <![CDATA[
                            이전
                            ]]>
                            </value>
                        </Row>
                        <Row>
                            <name>
                            <![CDATA[
                            PTC.SCA.SCO.PagingWidget.Next
                            ]]>
                            </name>
                            <value>
                            <![CDATA[
                            다음
                            ]]>
                            </value>
                        </Row>
                        <Row>
                            <name>
                            <![CDATA[
                            PTC.SCA.SCO.PagingWidget.Pages
                            ]]>
                            </name>
                            <value>
                            <![CDATA[
                            페이지
                            ]]>
                            </value>
                        </Row>
                        <Row>
                            <name>
                            <![CDATA[
                            PTC.SCA.SCO.DispatchStatus1
                            ]]>
                            </name>
                            <value>
                            <![CDATA[
                            발송됨
                            ]]>
                            </value>
                        </Row>
                        <Row>
                            <name>
                            <![CDATA[
                            PTC.SCA.SCO.DispatchStatus2
                            ]]>
                            </name>
                            <value>
                            <![CDATA[
                            보류 중
                            ]]>
                            </value>
                        </Row>
                        <Row>
                            <name>
                            <![CDATA[
                            PTC.SCA.SCO.DispatchStatus3
                            ]]>
                            </name>
                            <value>
                            <![CDATA[
                            보류됨
                            ]]>
                            </value>
                        </Row>
                        <Row>
                            <name>
                            <![CDATA[
                            PTC.SCA.SCO.DispatchStatus4
                            ]]>
                            </name>
                            <value>
                            <![CDATA[
                            취소됨
                            ]]>
                            </value>
                        </Row>
                        <Row>
                            <name>
                            <![CDATA[
                            PTC.SCA.SCO.DispatchStatus5
                            ]]>
                            </name>
                            <value>
                            <![CDATA[
                            지연됨
                            ]]>
                            </value>
                        </Row>
                        <Row>
                            <name>
                            <![CDATA[
                            PTC.SCA.SCO.DispatchStatus6
                            ]]>
                            </name>
                            <value>
                            <![CDATA[
                            완료됨
                            ]]>
                            </value>
                        </Row>
                        <Row>
                            <name>
                            <![CDATA[
                            PTC.SCA.SCO.WorkType1
                            ]]>
                            </name>
                            <value>
                            <![CDATA[
                            생산
                            ]]>
                            </value>
                        </Row>
                        <Row>
                            <name>
                            <![CDATA[
                            PTC.SCA.SCO.WorkType2
                            ]]>
                            </name>
                            <value>
                            <![CDATA[
                            유지 관리
                            ]]>
                            </value>
                        </Row>
                        <Row>
                            <name>
                            <![CDATA[
                            PTC.SCA.SCO.WorkType3
                            ]]>
                            </name>
                            <value>
                            <![CDATA[
                            품질
                            ]]>
                            </value>
                        </Row>
                        <Row>
                            <name>
                            <![CDATA[
                            PTC.SCA.SCO.WorkType4
                            ]]>
                            </name>
                            <value>
                            <![CDATA[
                            재고
                            ]]>
                            </value>
                        </Row>
                        <Row>
                            <name>
                            <![CDATA[
                            PTC.SCA.SCO.WorkType5
                            ]]>
                            </name>
                            <value>
                            <![CDATA[
                            혼합
                            ]]>
                            </value>
                        </Row>
                        <Row>
                            <name>
                            <![CDATA[
                            PTC.SCA.SCO.Priority1
                            ]]>
                            </name>
                            <value>
                            <![CDATA[
                            매우 높음
                            ]]>
                            </value>
                        </Row>
                        <Row>
                            <name>
                            <![CDATA[
                            PTC.SCA.SCO.Priority2
                            ]]>
                            </name>
                            <value>
                            <![CDATA[
                            높음
                            ]]>
                            </value>
                        </Row>
                        <Row>
                            <name>
                            <![CDATA[
                            PTC.SCA.SCO.Priority3
                            ]]>
                            </name>
                            <value>
                            <![CDATA[
                            중간
                            ]]>
                            </value>
                        </Row>
                        <Row>
                            <name>
                            <![CDATA[
                            PTC.SCA.SCO.Priority4
                            ]]>
                            </name>
                            <value>
                            <![CDATA[
                            낮음
                            ]]>
                            </value>
                        </Row>
                        <Row>
                            <name>
                            <![CDATA[
                            PTC.SCA.SCO.ProductionOrderLabel
                            ]]>
                            </name>
                            <value>
                            <![CDATA[
                            생산 지시서:
                            ]]>
                            </value>
                        </Row>
                        <Row>
                            <name>
                            <![CDATA[
                            PTC.SCA.SCO.QuantityReqLabel
                            ]]>
                            </name>
                            <value>
                            <![CDATA[
                            필요한 수량:
                            ]]>
                            </value>
                        </Row>
                        <Row>
                            <name>
                            <![CDATA[
                            PTC.SCA.SCO.QuantityCompleteLabel
                            ]]>
                            </name>
                            <value>
                            <![CDATA[
                            완료된 수량:
                            ]]>
                            </value>
                        </Row>
                        <Row>
                            <name>
                            <![CDATA[
                            PTC.SCA.SCO.QuantityRemainingLabel
                            ]]>
                            </name>
                            <value>
                            <![CDATA[
                            남은 수량:
                            ]]>
                            </value>
                        </Row>
                        <Row>
                            <name>
                            <![CDATA[
                            PTC.SCA.SCO.ProductLabel
                            ]]>
                            </name>
                            <value>
                            <![CDATA[
                            제품:
                            ]]>
                            </value>
                        </Row>
                        <Row>
                            <name>
                            <![CDATA[
                            dateTimeFormat_Default
                            ]]>
                            </name>
                            <value>
                            <![CDATA[
                            YYYY-MM-dd a h:mm:ss
                            ]]>
                            </value>
                        </Row>
                        <Row>
                            <name>
                            <![CDATA[
                            PTC.SCA.SCO.PoweredByLabel
                            ]]>
                            </name>
                            <value>
                            <![CDATA[
                            제공:
                            ]]>
                            </value>
                        </Row>
                        <Row>
                            <name>
                            <![CDATA[
                            PTC.SCA.SCO.WorkDefinitionExecutionStatus8
                            ]]>
                            </name>
                            <value>
                            <![CDATA[
                            실행 실패
                            ]]>
                            </value>
                        </Row>
                        <Row>
                            <name>
                            <![CDATA[
                            PTC.SCA.SCO.WorkDefinitionExecutionStatus7
                            ]]>
                            </name>
                            <value>
                            <![CDATA[
                            실행 성공
                            ]]>
                            </value>
                        </Row>
                    </Rows>
                </ConfigurationTable>
            </ConfigurationTables>
        </LocalizationTable>
    </LocalizationTables>
</Entities>
