<?xml version="1.0" encoding="UTF-8"?>
<Entities>
    <LocalizationTables>
        <LocalizationTable
         description="de localization table"
         homeMashup=""
         name="de"
         tags="PTC:factory-mv">
            <avatar></avatar>
            <DesignTimePermissions>
                <Create></Create>
                <Read></Read>
                <Update></Update>
                <Delete></Delete>
                <Metadata></Metadata>
            </DesignTimePermissions>
            <RunTimePermissions></RunTimePermissions>
            <VisibilityPermissions>
                <Visibility>
                    <Principal
                     isPermitted="true"
                     name="PTC.Factory.MachineVisibility"
                     type="Organization"></Principal>
                </Visibility>
            </VisibilityPermissions>
            <ConfigurationTables>
                <ConfigurationTable
                 description="Localization Tokens"
                 isMultiRow="true"
                 name="LocalizationTokens"
                 ordinal="0">
                    <DataShape>
                        <FieldDefinitions>
                            <FieldDefinition
                             aspect.friendlyName="Translation context"
                             baseType="STRING"
                             description="Translation context"
                             name="context"
                             ordinal="3"></FieldDefinition>
                            <FieldDefinition
                             aspect.friendlyName="Token name"
                             baseType="STRING"
                             description="Token name"
                             name="name"
                             ordinal="0"></FieldDefinition>
                            <FieldDefinition
                             aspect.friendlyName="Token usage"
                             baseType="STRING"
                             description="Token usage"
                             name="usage"
                             ordinal="2"></FieldDefinition>
                            <FieldDefinition
                             aspect.friendlyName="Localized value"
                             baseType="STRING"
                             description="Localized value"
                             name="value"
                             ordinal="1"></FieldDefinition>
                        </FieldDefinitions>
                    </DataShape>
                    <Rows>
                        <Row>
                            <name>
                            <![CDATA[
                            PTC.Factory.Administration.IncorrectEmailAddress
                            ]]>
                            </name>
                            <value>
                            <![CDATA[
                            Adresse {0} ist ungültig. Gültige E-Mail-Adresse angeben.
                            ]]>
                            </value>
                        </Row>
                        <Row>
                            <name>
                            <![CDATA[
                            PTC.Factory.Administration.EmailAddressExists
                            ]]>
                            </name>
                            <value>
                            <![CDATA[
                            Adresse {0} ist bereits vorhanden. Neue Adresse angeben.
                            ]]>
                            </value>
                        </Row>
                        <Row>
                            <name>
                            <![CDATA[
                            PTC.Factory.Administration.IncorrectPhoneNumber
                            ]]>
                            </name>
                            <value>
                            <![CDATA[
                            Telefonnummer {0} ist ungültig. Gültige Telefonnummer angeben.
                            ]]>
                            </value>
                        </Row>
                        <Row>
                            <name>
                            <![CDATA[
                            PTC.Factory.Administration.DeleteUserLabel
                            ]]>
                            </name>
                            <value>
                            <![CDATA[
                            Möchten Sie {0}, {1} wirklich löschen?
                            ]]>
                            </value>
                        </Row>
                        <Row>
                            <name>
                            <![CDATA[
                            PTC.Factory.DeleteServerMessage
                            ]]>
                            </name>
                            <value>
                            <![CDATA[
                            Möchten Sie die Verbindung {0} wirklich löschen? Wenn Sie die Verbindung löschen, verlieren alle Eigenschaften auf Anlagen, die lokal über die Verbindung gebunden sind, sowie alle referenzierenden Entitäten (z.B. Trends) ihre Datenverbindung. Eigenschaften auf Anlagen, die remote gebunden sind, bleiben verbunden.
                            ]]>
                            </value>
                        </Row>
                        <Row>
                            <name>
                            <![CDATA[
                            PTC.Factory.DeleteAggregateServerMessage
                            ]]>
                            </name>
                            <value>
                            <![CDATA[
                            Wenn Sie diesen Aggregator löschen, werden alle verbundenen Legacy- und Nicht Kepware OPC-Server aus der Verbindungsliste entfernt. Außerdem verlieren alle Entitäten (Assets, Trends, etc.), welche den Server referenzieren, ihre Datenverbindung.
                            ]]>
                            </value>
                        </Row>
                        <Row>
                            <name>
                            <![CDATA[
                            PTC.Factory.Administration.DELETE_USER.TITLE
                            ]]>
                            </name>
                            <value>
                            <![CDATA[
                            BENUTZER LÖSCHEN
                            ]]>
                            </value>
                        </Row>
                        <Row>
                            <name>
                            <![CDATA[
                            PTC.Factory.Administration.CREATE_USER.TITLE
                            ]]>
                            </name>
                            <value>
                            <![CDATA[
                            BENUTZER ERSTELLEN
                            ]]>
                            </value>
                        </Row>
                        <Row>
                            <name>
                            <![CDATA[
                            PTC.Factory.Administration.EDIT_USER.TITLE
                            ]]>
                            </name>
                            <value>
                            <![CDATA[
                            BENUTZER BEARBEITEN
                            ]]>
                            </value>
                        </Row>
                        <Row>
                            <name>
                            <![CDATA[
                            PTC.Factory.DeleteConnectionTitle
                            ]]>
                            </name>
                            <value>
                            <![CDATA[
                            VERBINDUNG LÖSCHEN
                            ]]>
                            </value>
                        </Row>
                        <Row>
                            <name>
                            <![CDATA[
                            PTC.Factory.UserManager.Title
                            ]]>
                            </name>
                            <value>
                            <![CDATA[
                            BENUTZER UND ZUGRIFFSSTEUERUNG
                            ]]>
                            </value>
                        </Row>
                        <Row>
                            <name>
                            <![CDATA[
                            PTC.Factory.Administration.DELETE_USER.TOOLTIP
                            ]]>
                            </name>
                            <value>
                            <![CDATA[
                            Benutzer löschen
                            ]]>
                            </value>
                        </Row>
                        <Row>
                            <name>
                            <![CDATA[
                            PTC.Factory.Administration.NEW_USER.TOOLTIP
                            ]]>
                            </name>
                            <value>
                            <![CDATA[
                            Benutzer erstellen
                            ]]>
                            </value>
                        </Row>
                        <Row>
                            <name>
                            <![CDATA[
                            PTC.Factory.Administration.EDIT_USER.TOOLTIP
                            ]]>
                            </name>
                            <value>
                            <![CDATA[
                            Benutzer bearbeiten
                            ]]>
                            </value>
                        </Row>
                        <Row>
                            <name>
                            <![CDATA[
                            PTC.Factory.Administration.User
                            ]]>
                            </name>
                            <value>
                            <![CDATA[
                            Benutzer
                            ]]>
                            </value>
                        </Row>
                        <Row>
                            <name>
                            <![CDATA[
                            PTC.Factory.Administration.Contact Information
                            ]]>
                            </name>
                            <value>
                            <![CDATA[
                            Kontaktinformationen
                            ]]>
                            </value>
                        </Row>
                        <Row>
                            <name>
                            <![CDATA[
                            PTC.Factory.Administration.Security
                            ]]>
                            </name>
                            <value>
                            <![CDATA[
                            Sicherheit
                            ]]>
                            </value>
                        </Row>
                        <Row>
                            <name>
                            <![CDATA[
                            PTC.Factory.Administration.Role Assignment
                            ]]>
                            </name>
                            <value>
                            <![CDATA[
                            Rollenzuweisung
                            ]]>
                            </value>
                        </Row>
                        <Row>
                            <name>
                            <![CDATA[
                            PTC.Factory.Administration.First Name
                            ]]>
                            </name>
                            <value>
                            <![CDATA[
                            Vorname
                            ]]>
                            </value>
                        </Row>
                        <Row>
                            <name>
                            <![CDATA[
                            PTC.Factory.Administration.Last Name
                            ]]>
                            </name>
                            <value>
                            <![CDATA[
                            Nachname
                            ]]>
                            </value>
                        </Row>
                        <Row>
                            <name>
                            <![CDATA[
                            PTC.Factory.Administration.Name
                            ]]>
                            </name>
                            <value>
                            <![CDATA[
                            Benutzername
                            ]]>
                            </value>
                        </Row>
                        <Row>
                            <name>
                            <![CDATA[
                            PTC.Factory.Administration.First Name.input
                            ]]>
                            </name>
                            <value>
                            <![CDATA[
                            Vorname *
                            ]]>
                            </value>
                        </Row>
                        <Row>
                            <name>
                            <![CDATA[
                            PTC.Factory.Administration.Last Name.input
                            ]]>
                            </name>
                            <value>
                            <![CDATA[
                            Nachname *
                            ]]>
                            </value>
                        </Row>
                        <Row>
                            <name>
                            <![CDATA[
                            PTC.Factory.Administration.Name.input
                            ]]>
                            </name>
                            <value>
                            <![CDATA[
                            Benutzername *
                            ]]>
                            </value>
                        </Row>
                        <Row>
                            <name>
                            <![CDATA[
                            PTC.Factory.Administration.Password.input
                            ]]>
                            </name>
                            <value>
                            <![CDATA[
                            Passwort *
                            ]]>
                            </value>
                        </Row>
                        <Row>
                            <name>
                            <![CDATA[
                            PTC.Factory.Administration.Confirm Password.input
                            ]]>
                            </name>
                            <value>
                            <![CDATA[
                            Passwort bestätigen *
                            ]]>
                            </value>
                        </Row>
                        <Row>
                            <name>
                            <![CDATA[
                            PTC.Factory.Administration.EmailInput
                            ]]>
                            </name>
                            <value>
                            <![CDATA[
                            E-Mail *
                            ]]>
                            </value>
                        </Row>
                        <Row>
                            <name>
                            <![CDATA[
                            PTC.Factory.Administration.Email
                            ]]>
                            </name>
                            <value>
                            <![CDATA[
                            E-Mail
                            ]]>
                            </value>
                        </Row>
                        <Row>
                            <name>
                            <![CDATA[
                            PTC.Factory.Administration.Mobile Phone
                            ]]>
                            </name>
                            <value>
                            <![CDATA[
                            Telefon (mobil)
                            ]]>
                            </value>
                        </Row>
                        <Row>
                            <name>
                            <![CDATA[
                            PTC.Factory.Administration.SMS Address
                            ]]>
                            </name>
                            <value>
                            <![CDATA[
                            SMS-Adresse
                            ]]>
                            </value>
                        </Row>
                        <Row>
                            <name>
                            <![CDATA[
                            PTC.Factory.Administration.WorkPhoneInput
                            ]]>
                            </name>
                            <value>
                            <![CDATA[
                            Telefon (Arbeit) *
                            ]]>
                            </value>
                        </Row>
                        <Row>
                            <name>
                            <![CDATA[
                            PTC.Factory.Administration.WorkPhone
                            ]]>
                            </name>
                            <value>
                            <![CDATA[
                            Telefon (Arbeit)
                            ]]>
                            </value>
                        </Row>
                        <Row>
                            <name>
                            <![CDATA[
                            PTC.Factory.Administration.Notification Preference
                            ]]>
                            </name>
                            <value>
                            <![CDATA[
                            Benachrichtigungseinstellung
                            ]]>
                            </value>
                        </Row>
                        <Row>
                            <name>
                            <![CDATA[
                            PTC.Factory.Administration.SMS
                            ]]>
                            </name>
                            <value>
                            <![CDATA[
                            SMS
                            ]]>
                            </value>
                        </Row>
                        <Row>
                            <name>
                            <![CDATA[
                            PTC.Factory.Administration.groupName
                            ]]>
                            </name>
                            <value>
                            <![CDATA[
                            Zugewiesene Rolle
                            ]]>
                            </value>
                        </Row>
                        <Row>
                            <name>
                            <![CDATA[
                            PTC.Factory.Administration.Password
                            ]]>
                            </name>
                            <value>
                            <![CDATA[
                            Passwort
                            ]]>
                            </value>
                        </Row>
                        <Row>
                            <name>
                            <![CDATA[
                            PTC.Factory.Administration.Language
                            ]]>
                            </name>
                            <value>
                            <![CDATA[
                            Sprache
                            ]]>
                            </value>
                        </Row>
                        <Row>
                            <name>
                            <![CDATA[
                            PTC.Factory.Administration.WarningDeleteYourSelfNotAllowed
                            ]]>
                            </name>
                            <value>
                            <![CDATA[
                            Achtung: Sie dürfen sich nicht selbst löschen.
                            ]]>
                            </value>
                        </Row>
                        <Row>
                            <name>
                            <![CDATA[
                            PTC.Factory.Administration.WarningUserAlreadyExist
                            ]]>
                            </name>
                            <value>
                            <![CDATA[
                            Achtung: Dieser Benutzername kann nicht verwendet werden, da er bereits vorhanden ist.
                            ]]>
                            </value>
                        </Row>
                        <Row>
                            <name>
                            <![CDATA[
                            PTC.Factory.Administration.WarningPasswordTooShort
                            ]]>
                            </name>
                            <value>
                            <![CDATA[
                            Achtung: Das Passwort muss mindestens {0} Zeichen enthalten.
                            ]]>
                            </value>
                        </Row>
                        <Row>
                            <name>
                            <![CDATA[
                            PTC.Factory.Administration.CreateUserInfoMissing
                            ]]>
                            </name>
                            <value>
                            <![CDATA[
                            Achtung: Die Felder Benutzername, Vorname, Nachname, E-Mail, Telefon (Arbeit), Passwort und Passwort bestätigen sind erforderlich.
                            ]]>
                            </value>
                        </Row>
                        <Row>
                            <name>
                            <![CDATA[
                            PTC.Factory.Administration.EditUserInfoMissing
                            ]]>
                            </name>
                            <value>
                            <![CDATA[
                            Achtung: Die Felder Benutzername, Vorname, Nachname, E-Mail und Telefon (Arbeit) sind erforderlich.
                            ]]>
                            </value>
                        </Row>
                        <Row>
                            <name>
                            <![CDATA[
                            PTC.Factory.Administration.PasswordNotMatching
                            ]]>
                            </name>
                            <value>
                            <![CDATA[
                            Achtung: Die Felder "Passwort" und "Passwort bestätigen" müssen übereinstimmen.
                            ]]>
                            </value>
                        </Row>
                        <Row>
                            <name>
                            <![CDATA[
                            PTC.Factory.Administration.UserInfoMaxSizeExceeded
                            ]]>
                            </name>
                            <value>
                            <![CDATA[
                            Achtung: Die maximale Eingabelänge für jedes Feld beträgt 255 Zeichen.
                            ]]>
                            </value>
                        </Row>
                        <Row>
                            <name>
                            <![CDATA[
                            PTC.Factory.Administration.RemoveControlsEngineerNotAllowed
                            ]]>
                            </name>
                            <value>
                            <![CDATA[
                            Achtung: Sie dürfen sich aus der Rolle "Ingenieur für Kontrollen" nicht entfernen.
                            ]]>
                            </value>
                        </Row>
                        <Row>
                            <name>
                            <![CDATA[
                            PTC.Factory.Administration.MobilePhoneFieldIfMobilePreferenceSelected
                            ]]>
                            </name>
                            <value>
                            <![CDATA[
                            Mobiltelefonnummer für SMS-Benachrichtigung eingeben.
                            ]]>
                            </value>
                        </Row>
                        <Row>
                            <name>
                            <![CDATA[
                            PTC.Factory.Administration.NoSystemInfo
                            ]]>
                            </name>
                            <value>
                            <![CDATA[
                            Systeminformationen können nicht abgerufen werden
                            ]]>
                            </value>
                        </Row>
                        <Row>
                            <name>
                            <![CDATA[
                            PTC.Factory.ConnectionStatus
                            ]]>
                            </name>
                            <value>
                            <![CDATA[
                            Verbindungsstatus
                            ]]>
                            </value>
                        </Row>
                        <Row>
                            <name>
                            <![CDATA[
                            PTC.SCA.SCO.ConnectionPublishFloor_ms
                            ]]>
                            </name>
                            <value>
                            <![CDATA[
                            Basiswert für die Publizierung der Verbindung (ms)
                            ]]>
                            </value>
                        </Row>
                        <Row>
                            <name>
                            <![CDATA[
                            PTC.SCA.SCO.ConnectionPublishFloor
                            ]]>
                            </name>
                            <value>
                            <![CDATA[
                            Basiswert für die Publizierung der Verbindung
                            ]]>
                            </value>
                        </Row>
                        <Row>
                            <name>
                            <![CDATA[
                            PTC.SCA.SCO.ms
                            ]]>
                            </name>
                            <value>
                            <![CDATA[
                            ms
                            ]]>
                            </value>
                        </Row>
                        <Row>
                            <name>
                            <![CDATA[
                            PTC.Factory.Tags.Tag Name
                            ]]>
                            </name>
                            <value>
                            <![CDATA[
                            Tag-Name
                            ]]>
                            </value>
                        </Row>
                        <Row>
                            <name>
                            <![CDATA[
                            PTC.Factory.Tags.Source
                            ]]>
                            </name>
                            <value>
                            <![CDATA[
                            Quelle
                            ]]>
                            </value>
                        </Row>
                        <Row>
                            <name>
                            <![CDATA[
                            PTC.Factory.Tags.Select Server
                            ]]>
                            </name>
                            <value>
                            <![CDATA[
                            Server auswählen
                            ]]>
                            </value>
                        </Row>
                        <Row>
                            <name>
                            <![CDATA[
                            PTC.Factory.Tags.Server Structure
                            ]]>
                            </name>
                            <value>
                            <![CDATA[
                            Serverstruktur
                            ]]>
                            </value>
                        </Row>
                        <Row>
                            <name>
                            <![CDATA[
                            PTC.Factory.DeleteConnectionLabel
                            ]]>
                            </name>
                            <value>
                            <![CDATA[
                            Verbindung löschen
                            ]]>
                            </value>
                        </Row>
                        <Row>
                            <name>
                            <![CDATA[
                            PTC.Factory.EditConnectionPopupLabel
                            ]]>
                            </name>
                            <value>
                            <![CDATA[
                            VERBINDUNG BEARBEITEN
                            ]]>
                            </value>
                        </Row>
                        <Row>
                            <name>
                            <![CDATA[
                            PTC.Factory.SelectTagLimit
                            ]]>
                            </name>
                            <value>
                            <![CDATA[
                            Bis zu 5 auswählen
                            ]]>
                            </value>
                        </Row>
                        <Row>
                            <name>
                            <![CDATA[
                            PTC.Factory.LabelForRoles
                            ]]>
                            </name>
                            <value>
                            <![CDATA[
                            Rollen
                            ]]>
                            </value>
                        </Row>
                        <Row>
                            <name>
                            <![CDATA[
                            PTC.Factory.DataRates
                            ]]>
                            </name>
                            <value>
                            <![CDATA[
                            Datenraten
                            ]]>
                            </value>
                        </Row>
                        <Row>
                            <name>
                            <![CDATA[
                            PTC.Factory.ChangePassword
                            ]]>
                            </name>
                            <value>
                            <![CDATA[
                            Passwort ändern
                            ]]>
                            </value>
                        </Row>
                        <Row>
                            <name>
                            <![CDATA[
                            PTC.Factory.Export.ExportConfigurationAndData
                            ]]>
                            </name>
                            <value>
                            <![CDATA[
                            Konfiguration und Daten exportieren
                            ]]>
                            </value>
                        </Row>
                        <Row>
                            <name>
                            <![CDATA[
                            PTC.Factory.Export.ExportConfigurationTitle
                            ]]>
                            </name>
                            <value>
                            <![CDATA[
                            KONFIGURATION UND DATEN EXPORTIEREN
                            ]]>
                            </value>
                        </Row>
                        <Row>
                            <name>
                            <![CDATA[
                            PTC.Factory.Export.IncludeData
                            ]]>
                            </name>
                            <value>
                            <![CDATA[
                            Daten einschließen
                            ]]>
                            </value>
                        </Row>
                        <Row>
                            <name>
                            <![CDATA[
                            PTC.Factory.Export.ExportLabel
                            ]]>
                            </name>
                            <value>
                            <![CDATA[
                            Exportieren
                            ]]>
                            </value>
                        </Row>
                        <Row>
                            <name>
                            <![CDATA[
                            PTC.Factory.Export.DownloadLinkLabel
                            ]]>
                            </name>
                            <value>
                            <![CDATA[
                            Downloadlink
                            ]]>
                            </value>
                        </Row>
                        <Row>
                            <name>
                            <![CDATA[
                            PTC.Factory.Export.DownloadMessage
                            ]]>
                            </name>
                            <value>
                            <![CDATA[
                            Erfolgreicher Export. Zum Herunterladen hier klicken:
                            ]]>
                            </value>
                        </Row>
                        <Row>
                            <name>
                            <![CDATA[
                            PTC.Factory.Export.ExportConfirmationTitle
                            ]]>
                            </name>
                            <value>
                            <![CDATA[
                            EXPORTIEREN?
                            ]]>
                            </value>
                        </Row>
                        <Row>
                            <name>
                            <![CDATA[
                            PTC.Factory.Export.ExportConfirmationMessage
                            ]]>
                            </name>
                            <value>
                            <![CDATA[
                            Der Export kann einige Zeit dauern und die Leistung beeinträchtigen. Sie können diese Seite verlassen. Der Exportprozess wird im Hintergrund fortgesetzt und nach dem Abschluss wird ein Downloadlink angezeigt.
                            ]]>
                            </value>
                        </Row>
                        <Row>
                            <name>
                            <![CDATA[
                            PTC.Factory.Export.ExportSuccessMessage
                            ]]>
                            </name>
                            <value>
                            <![CDATA[
                            Export erfolgreich abgeschlossen.
                            ]]>
                            </value>
                        </Row>
                        <Row>
                            <name>
                            <![CDATA[
                            PTC.Factory.Export.ExportDoneWithErrorMessage
                            ]]>
                            </name>
                            <value>
                            <![CDATA[
                            Export wurde mit Fehlern abgeschlossen.
                            ]]>
                            </value>
                        </Row>
                        <Row>
                            <name>
                            <![CDATA[
                            PTC.Factory.Export.CheckLogMessage
                            ]]>
                            </name>
                            <value>
                            <![CDATA[
                            Protokoll prüfen für den Status von {0}
                            ]]>
                            </value>
                        </Row>
                        <Row>
                            <name>
                            <![CDATA[
                            PTC.Factory.Export.TaskPrefix
                            ]]>
                            </name>
                            <value>
                            <![CDATA[
                            Aufgabe-
                            ]]>
                            </value>
                        </Row>
                        <Row>
                            <name>
                            <![CDATA[
                            PTC.Factory.Import.StartMessage
                            ]]>
                            </name>
                            <value>
                            <![CDATA[
                            Entitäts- und Datenimport wurde für die Verarbeitung eingereicht. Protokoll prüfen für den Abschlussstatus von {0}
                            ]]>
                            </value>
                        </Row>
                        <Row>
                            <name>
                            <![CDATA[
                            PTC.Factory.Import.EndMessage
                            ]]>
                            </name>
                            <value>
                            <![CDATA[
                            Entitäts- und Datenimport wurde abgeschlossen.
                            ]]>
                            </value>
                        </Row>
                        <Row>
                            <name>
                            <![CDATA[
                            PTC.Factory.Import.CheckLogMessage
                            ]]>
                            </name>
                            <value>
                            <![CDATA[
                            Protokoll prüfen für den Abschlussstatus von {0}
                            ]]>
                            </value>
                        </Row>
                        <Row>
                            <name>
                            <![CDATA[
                            PTC.Factory.Import.AbortMessage
                            ]]>
                            </name>
                            <value>
                            <![CDATA[
                            Entitäts- und Datenimport wurde abgebrochen. Siehe Protokoll für Importstatus.
                            ]]>
                            </value>
                        </Row>
                        <Row>
                            <name>
                            <![CDATA[
                            PTC.Factory.Import.ErrortMessage
                            ]]>
                            </name>
                            <value>
                            <![CDATA[
                            Die Aufgabe wurde mit Fehlern abgeschlossen.
                            ]]>
                            </value>
                        </Row>
                        <Row>
                            <name>
                            <![CDATA[
                            PTC.Factory.Import.WorkInBackgroundMessage
                            ]]>
                            </name>
                            <value>
                            <![CDATA[
                            Import von Entitäten und Daten wird im Hintergrund ausgeführt.
                            ]]>
                            </value>
                        </Row>
                        <Row>
                            <name>
                            <![CDATA[
                            PTC.Factory.Import.DeleteErrorMessage
                            ]]>
                            </name>
                            <value>
                            <![CDATA[
                            Beim Löschen der importierten Datei ist ein Fehler aufgetreten. Löschen Sie die Datei manuell. Importierte Datei: {0}
                            ]]>
                            </value>
                        </Row>
                        <Row>
                            <name>
                            <![CDATA[
                            PTC.Factory.Import.GetLinkErrorMessage
                            ]]>
                            </name>
                            <value>
                            <![CDATA[
                            Ausnahme bei Abrufen von getUploadFileLink.
                            ]]>
                            </value>
                        </Row>
                        <Row>
                            <name>
                            <![CDATA[
                            PTC.Factory.Import.TaskPrefix
                            ]]>
                            </name>
                            <value>
                            <![CDATA[
                            Aufgabe-
                            ]]>
                            </value>
                        </Row>
                        <Row>
                            <name>
                            <![CDATA[
                            PTC.Factory.Import.MaxAllowableMessage
                            ]]>
                            </name>
                            <value>
                            <![CDATA[
                            Entitäts- und Datenimport konnte nicht gestartet werden. Es werden dien maximal zulässigen Entitäts- und Datenimporte ausgeführt. Versuchen Sie es später noch einmal.
                            ]]>
                            </value>
                        </Row>
                        <Row>
                            <name>
                            <![CDATA[
                            PTC.Factory.Import.ImportTitle
                            ]]>
                            </name>
                            <value>
                            <![CDATA[
                            KONFIGURATION UND DATEN IMPORTIEREN
                            ]]>
                            </value>
                        </Row>
                        <Row>
                            <name>
                            <![CDATA[
                            PTC.Factory.Import.Import
                            ]]>
                            </name>
                            <value>
                            <![CDATA[
                            IMPORTIEREN?
                            ]]>
                            </value>
                        </Row>
                        <Row>
                            <name>
                            <![CDATA[
                            PTC.Factory.Import.ImportConfirmationMessage
                            ]]>
                            </name>
                            <value>
                            <![CDATA[
                            Der Import kann einige Zeit dauern und die Leistung beeinträchtigen. Sie können diese Seite verlassen. Der Importprozess wird im Hintergrund fortgesetzt und nach dem Abschluss wird eine Statusmeldung angezeigt.
                            ]]>
                            </value>
                        </Row>
                        <Row>
                            <name>
                            <![CDATA[
                            PTC.Factory.Import.FileNameErrortMessage
                            ]]>
                            </name>
                            <value>
                            <![CDATA[
                            Richtige Datei auswählen.
                            ]]>
                            </value>
                        </Row>
                        <Row>
                            <name>
                            <![CDATA[
                            PTC.Factory.Import.ImportMenu
                            ]]>
                            </name>
                            <value>
                            <![CDATA[
                            Konfiguration und Daten importieren
                            ]]>
                            </value>
                        </Row>
                        <Row>
                            <name>
                            <![CDATA[
                            PTC.Factory.UpdateLicense_LicenseExpired
                            ]]>
                            </name>
                            <value>
                            <![CDATA[
                            Ihre Lizenz ist abgelaufen.
                            ]]>
                            </value>
                        </Row>
                        <Row>
                            <name>
                            <![CDATA[
                            PTC.Factory.UpdateLicense_LicenseExpiringInNextFewDays
                            ]]>
                            </name>
                            <value>
                            <![CDATA[
                            Ihre Lizenz läuft in {0} Tagen ab.
                            ]]>
                            </value>
                        </Row>
                        <Row>
                            <name>
                            <![CDATA[
                            PTC.Factory.UpdateLicense_LicenseExpiringInNextFewDays_ServiceApp
                            ]]>
                            </name>
                            <value>
                            <![CDATA[
                            <span style='color:#ed684a'><b>Ihre Lizenz läuft in {0} Tagen ab.</b></span>
                            ]]>
                            </value>
                        </Row>
                        <Row>
                            <name>
                            <![CDATA[
                            PTC.Factory.Console_LicenseExpirationInfo.OneDay_ServiceApp
                            ]]>
                            </name>
                            <value>
                            <![CDATA[
                            <span style='color:#ed684a'><b>Ihre Lizenz läuft in 1 Tag ab.</b></span>
                            ]]>
                            </value>
                        </Row>
                        <Row>
                            <name>
                            <![CDATA[
                            PTC.Factory.Console_LicenseExpirationInfo_ServiceApp.Expired
                            ]]>
                            </name>
                            <value>
                            <![CDATA[
                            <span style='color:#ed684a'><b>Ihre Lizenz ist abgelaufen.</b></span>
                            ]]>
                            </value>
                        </Row>
                        <Row>
                            <name>
                            <![CDATA[
                            PTC.Factory.UpdateLicense_LicenseExpiringTomorrow
                            ]]>
                            </name>
                            <value>
                            <![CDATA[
                            Ihre Lizenz läuft in 1 Tag ab.
                            ]]>
                            </value>
                        </Row>
                        <Row>
                            <name>
                            <![CDATA[
                            PTC.Factory.UpdateLicense_LicensePurchaseInstructions
                            ]]>
                            </name>
                            <value>
                            <![CDATA[
                            Befolgen Sie folgende Anweisung, um ThingWorx Manufacturing Apps zu erwerben oder eine Lizenzverlängerung anzufordern.
                            ]]>
                            </value>
                        </Row>
                        <Row>
                            <name>
                            <![CDATA[
                            PTC.Factory.UpdateLicense_BuyProductInstructions
                            ]]>
                            </name>
                            <value>
                            <![CDATA[
                            <span style='color:#232b2d;font-size:12px;line-height:23px'><b>1. </b>Wenden Sie sich an Ihre lokale PTC Vertriebsstelle unter <a style="color:#1b3c84;font-weight:bold" href="https://www.ptc.com/industries/manufacturing/contact-us" target="_blank">https://www.ptc.com/industries/manufacturing/contact-us</a>, um eine ThingWorx Manufacturing Apps Lizenz zu erwerben.<br/>
                             <b>2. </b>Sie erhalten die Lizenzdatei per E-Mail.<br/>
                             <b>3. </b>Speichern Sie die Lizenzdatei unter <tt>{0}</tt> auf Ihrem ThingWorx Server und ersetzen Sie die vorhandene Datei.<br/>
                             <b>4. </b>Starten Sie ThingWorx neu, um die neue Lizenz anzuwenden.</span>
                            ]]>
                            </value>
                        </Row>
                        <Row>
                            <name>
                            <![CDATA[
                            PTC.Factory.UpdateLicense_ExtensionRequest_1A
                            ]]>
                            </name>
                            <value>
                            <![CDATA[
                            <span style='color:#232b2d;font-size:12px;line-height:17px'><b>1. </b>Klicken Sie auf "Verwendungsbericht".</span>
                            ]]>
                            </value>
                        </Row>
                        <Row>
                            <name>
                            <![CDATA[
                            PTC.Factory.UpdateLicense_ExtensionRequest_1B
                            ]]>
                            </name>
                            <value>
                            <![CDATA[
                            <span style='color:#232b2d;font-size:12px;line-height:17px'>Dieser Bericht listet auf, welche Apps von vom verwendet werden.</span>
                            ]]>
                            </value>
                        </Row>
                        <Row>
                            <name>
                            <![CDATA[
                            PTC.Factory.UpdateLicense_ExtensionRequest_2
                            ]]>
                            </name>
                            <value>
                            <![CDATA[
                            <span style='color:#232b2d;font-size:12px;line-height:23px'><b>2. </b>Suchen Sie nach dem Verwendungsbericht im Ordner "Downloads".</span><br/>
                             <span style='color:#232b2d;font-size:12px;line-height:17px'><b>3. </b>Senden Sie den Bericht an PTC <a style="color:#1b3c84;font-weight:bold" href="https://www.ptc.com/mfg-renewal" target="_blank">https://www.ptc.com/mfg-renewal</a>, um eine erweiterte Lizenz zu beantragen. Wird Ihr Antrag genehmigt, so wird eine neue Lizenzdatei bereitgestellt.</span><br/>
                             <span style='color:#232b2d;font-size:12px;line-height:23px'><b>4. </b>Speichern Sie die Lizenz unter <tt>{0}</tt> auf Ihrem ThingWorx Server und ersetzen Sie die vorhandene Datei.</span><br/>
                             <span style='color:#232b2d;font-size:12px;line-height:23px'><b>5. </b>Starten Sie ThingWorx neu, um die neue Lizenz anzuwenden.</span>
                            ]]>
                            </value>
                        </Row>
                        <Row>
                            <name>
                            <![CDATA[
                            PTC.Factory.BuyProduct
                            ]]>
                            </name>
                            <value>
                            <![CDATA[
                            Produkt kaufen
                            ]]>
                            </value>
                        </Row>
                        <Row>
                            <name>
                            <![CDATA[
                            PTC.Factory.ExtensionRequest
                            ]]>
                            </name>
                            <value>
                            <![CDATA[
                            Verlängerung anfordern
                            ]]>
                            </value>
                        </Row>
                        <Row>
                            <name>
                            <![CDATA[
                            PTC.Factory.UpdateLicense_LicenseExpirationInfo
                            ]]>
                            </name>
                            <value>
                            <![CDATA[
                            Sie haben {0} Tage, um Feedback zu geben, indem Sie die nachfolgenden Schritte befolgen.
                            ]]>
                            </value>
                        </Row>
                        <Row>
                            <name>
                            <![CDATA[
                            PTC.Factory.Console_LicenseExpirationInfoWithLink.MoreThanOneDays
                            ]]>
                            </name>
                            <value>
                            <![CDATA[
                            <span style='color:#ed684a'><b>Ihre Lizenz läuft in {0} Tagen ab. Erwerben Sie ThingWorx Manufacturing Apps oder fordern Sie über die Seite <a href="index.html#master=PTC.Factory.RenewLicense.Master&mashup=PTC.Factory.RenewLicense" class='factory_black_16_link_console' style='color:#ed684a'><b>Lizenz aktualisieren</b></a> eine Verlängerung an.</b></span>
                            ]]>
                            </value>
                        </Row>
                        <Row>
                            <name>
                            <![CDATA[
                            PTC.Factory.Console_LicenseExpirationInfoWithLink.OneDay
                            ]]>
                            </name>
                            <value>
                            <![CDATA[
                            <span style='color:#ed684a'><b>Ihre Lizenz läuft in 1 Tag ab. Erwerben Sie ThingWorx Manufacturing Apps oder fordern Sie über die Seite <a href="index.html#master=PTC.Factory.RenewLicense.Master&mashup=PTC.Factory.RenewLicense" class='factory_black_16_link_console' style='color:#ed684a'><b>Lizenz aktualisieren</b></a> eine Verlängerung an.</b></span>
                            ]]>
                            </value>
                        </Row>
                        <Row>
                            <name>
                            <![CDATA[
                            PTC.Factory.Console_LicenseExpirationInfoWithLink.Expired
                            ]]>
                            </name>
                            <value>
                            <![CDATA[
                            <span style='color:#ed684a'><b>Ihre Lizenz ist abgelaufen. Erwerben Sie ThingWorx Manufacturing Apps oder fordern Sie über die Seite <a href="index.html#master=PTC.Factory.RenewLicense.Master&mashup=PTC.Factory.RenewLicense" class='factory_black_16_link_console' style='color:#ed684a'><b>Lizenz aktualisieren</b></a> eine Verlängerung an.</b></span>
                            ]]>
                            </value>
                        </Row>
                        <Row>
                            <name>
                            <![CDATA[
                            PTC.Factory.Console_LicenseExpirationInfoWithoutLink.MoreThanOneDays
                            ]]>
                            </name>
                            <value>
                            <![CDATA[
                            <span style='color:#ed684a'><b>Ihre Lizenz läuft in {0} Tagen ab. Erwerben Sie ThingWorx Manufacturing Apps oder fordern Sie über die Seite "Lizenz aktualisieren" eine Verlängerung an.</b></span>
                            ]]>
                            </value>
                        </Row>
                        <Row>
                            <name>
                            <![CDATA[
                            PTC.Factory.Console_LicenseExpirationInfoWithoutLink.OneDay
                            ]]>
                            </name>
                            <value>
                            <![CDATA[
                            <span style='color:#ed684a'><b>Ihre Lizenz läuft in 1 Tag ab. Erwerben Sie ThingWorx Manufacturing Apps oder fordern Sie über die Seite "Lizenz aktualisieren" eine Verlängerung an.</b></span>
                            ]]>
                            </value>
                        </Row>
                        <Row>
                            <name>
                            <![CDATA[
                            PTC.Factory.Console_LicenseExpirationInfoWithoutLink.Expired
                            ]]>
                            </name>
                            <value>
                            <![CDATA[
                            <span style='color:#ed684a'><b>Ihre Lizenz ist abgelaufen. Erwerben Sie ThingWorx Manufacturing Apps oder fordern Sie über die Seite "Lizenz aktualisieren" eine Verlängerung an.</b></span>
                            ]]>
                            </value>
                        </Row>
                        <Row>
                            <name>
                            <![CDATA[
                            PTC.Factory.TextMessageRatesWarning
                            ]]>
                            </name>
                            <value>
                            <![CDATA[
                            Es gilt der Tarif für Standardnachrichten.
                            ]]>
                            </value>
                        </Row>
                        <Row>
                            <name>
                            <![CDATA[
                            PTC.Factory.MobileNumberFormattingTwilioErrorMessage
                            ]]>
                            </name>
                            <value>
                            <![CDATA[
                            Mobiltelefonnummer muss Ländercode und Nummer des Teilnehmers enthalten. Beispiel: +151423567
                            ]]>
                            </value>
                        </Row>
                        <Row>
                            <name>
                            <![CDATA[
                            PTC.Factory.DisplayTypeName
                            ]]>
                            </name>
                            <value>
                            <![CDATA[
                            {0} {1} ({2})
                            ]]>
                            </value>
                        </Row>
                    </Rows>
                </ConfigurationTable>
            </ConfigurationTables>
        </LocalizationTable>
    </LocalizationTables>
</Entities>
