<?xml version="1.0" encoding="UTF-8"?>
<Entities
 build="b3079"
 majorVersion="0"
 minorVersion="0"
 modelPersistenceProviderPackage="PostgresPersistenceProviderPackage"
 revision="0"
 schemaVersion="940">
    <MediaEntities>
        <MediaEntity
         description="***DEPRECATED-J*** This entity will be deleted in a future release. Calibrating indicator (186x15) {PTC.SCA.SCO.AssetMonitor.AssetDetail.MonitoredProperty.Calibrating186x15Image}"
         documentationContent=""
         homeMashup=""
         lastModifiedDate="2017-05-04T10:13:38.241Z"
         name="PTC.SCA.SCO.AssetMonitor.AssetDetail.MonitoredProperty.Calibrating186x15Image"
         projectName="PTC.SCA.SCO.Asset Monitor"
         tags="PTC:sca-sco;PTC:MediaEntity;PTC:sca-sco-assetmonitor">
            <avatar></avatar>
            <DesignTimePermissions>
                <Create></Create>
                <Read></Read>
                <Update></Update>
                <Delete></Delete>
                <Metadata></Metadata>
            </DesignTimePermissions>
            <RunTimePermissions></RunTimePermissions>
            <VisibilityPermissions>
                <Visibility>
                    <Principal
                     isPermitted="true"
                     name="PTC.Factory.MachineVisibility:AssetPerformance"
                     type="OrganizationalUnit"></Principal>
                </Visibility>
            </VisibilityPermissions>
            <content>
            <![CDATA[
            iVBORw0KGgoAAAANSUhEUgAAAA8AAAC6CAYAAABx0ReMAAAA6ElEQVR42u3aqxECUQxG4VsZBVAA
            HoqgFRqgFQQKPAI6QLAOscyGWbHsfST/CszJTOQnc1TS6rTp1U1/wbvrXsMDfL27OB7hMEmFIfwL
            3TgHXbgEm7gGq7gFi9gDs9gLZzgCJzgKb939ixW4Pm/7pEI7SRUaVqEb56ALl2AT12AVt2ARe2AW
            e6HVU4VWTxXaYajQsAoNq5B6Uk/qST2pJ/WkntSTelJP6kk9qSf1pJ7Uk3pST+pJPakn9aSe1JN6
            Uk/qST2pJ/WkntSTelJP6rmgnjMcgRMchSN+KtDw4XG8KPB/37WL8QdflsahN4gSvAAAAABJRU5E
            rkJggg==
            ]]>
            </content>
        </MediaEntity>
    </MediaEntities>
</Entities>
