<?xml version="1.0" encoding="UTF-8"?>
<Entities
 build="b482"
 majorVersion="7"
 minorVersion="0"
 modelPersistenceProviderPackage="NeoPersistenceProviderPackage"
 revision="1"
 schemaVersion="900">
    <Things>
        <Thing
         aspect.isEditableExtensionObject="true"
         aspect.isExtension="true"
         description="DataTable for the ThingWorx Utilities Console {PTC.FactoryConsole.DataTable}"
         documentationContent="&lt;p&gt;&lt;br&gt;&lt;/p&gt;&#xA;"
         effectiveThingPackage="DataTableThing"
         enabled="true"
         homeMashup="DataTableEditor"
         identifier=""
         lastModifiedDate="2016-04-04T19:58:47.464Z"
         name="PTC.FactoryConsole.C_DataTable_9.1.0_02"
         projectName="PTC.SCA.SCO.Application Home Page"
         published="false"
         tags="PTC:sca-sco;PTC:Thing;PTC:sca-sco-applicationhomepage"
         thingTemplate="DataTable"
         valueStream="">
            <avatar></avatar>
            <DesignTimePermissions>
                <Create></Create>
                <Read></Read>
                <Update></Update>
                <Delete></Delete>
                <Metadata></Metadata>
            </DesignTimePermissions>
            <RunTimePermissions>
                <Permissions
                 resourceName="QueryDataTableEntries">
                    <PropertyRead></PropertyRead>
                    <PropertyWrite></PropertyWrite>
                    <ServiceInvoke>
                        <Principal
                         isPermitted="true"
                         name="Users"
                         type="Group"></Principal>
                    </ServiceInvoke>
                    <EventInvoke></EventInvoke>
                    <EventSubscribe></EventSubscribe>
                </Permissions>
                <Permissions
                 resourceName="*">
                    <PropertyRead>
                        <Principal
                         isPermitted="true"
                         name="Users"
                         type="Group"></Principal>
                    </PropertyRead>
                    <PropertyWrite></PropertyWrite>
                    <ServiceInvoke></ServiceInvoke>
                    <EventInvoke></EventInvoke>
                    <EventSubscribe></EventSubscribe>
                </Permissions>
                <Permissions
                 resourceName="CheckDesignTimePermission">
                    <PropertyRead></PropertyRead>
                    <PropertyWrite></PropertyWrite>
                    <ServiceInvoke>
                        <Principal
                         isPermitted="true"
                         name="Users"
                         type="Group"></Principal>
                    </ServiceInvoke>
                    <EventInvoke></EventInvoke>
                    <EventSubscribe></EventSubscribe>
                </Permissions>
                <Permissions
                 resourceName="GetNamedProperties">
                    <PropertyRead></PropertyRead>
                    <PropertyWrite></PropertyWrite>
                    <ServiceInvoke>
                        <Principal
                         isPermitted="true"
                         name="Users"
                         type="Group"></Principal>
                    </ServiceInvoke>
                    <EventInvoke></EventInvoke>
                    <EventSubscribe></EventSubscribe>
                </Permissions>
                <Permissions
                 resourceName="GetDataTableEntriesLocalized">
                    <PropertyRead></PropertyRead>
                    <PropertyWrite></PropertyWrite>
                    <ServiceInvoke>
                        <Principal
                         isPermitted="true"
                         name="Users"
                         type="Group"></Principal>
                    </ServiceInvoke>
                    <EventInvoke></EventInvoke>
                    <EventSubscribe></EventSubscribe>
                </Permissions>
                <Permissions
                 resourceName="CheckPermission">
                    <PropertyRead></PropertyRead>
                    <PropertyWrite></PropertyWrite>
                    <ServiceInvoke>
                        <Principal
                         isPermitted="true"
                         name="Users"
                         type="Group"></Principal>
                    </ServiceInvoke>
                    <EventInvoke></EventInvoke>
                    <EventSubscribe></EventSubscribe>
                </Permissions>
                <Permissions
                 resourceName="QueryDataTableEntriesLocalized">
                    <PropertyRead></PropertyRead>
                    <PropertyWrite></PropertyWrite>
                    <ServiceInvoke>
                        <Principal
                         isPermitted="true"
                         name="Users"
                         type="Group"></Principal>
                    </ServiceInvoke>
                    <EventInvoke></EventInvoke>
                    <EventSubscribe></EventSubscribe>
                </Permissions>
            </RunTimePermissions>
            <VisibilityPermissions>
                <Visibility>
                    <Principal
                     isPermitted="true"
                     name="PTC.Factory.MachineVisibility"
                     type="Organization"></Principal>
                </Visibility>
            </VisibilityPermissions>
            <ConfigurationTables>
                <ConfigurationTable
                 description="Data Thing Configuration"
                 isMultiRow="false"
                 name="DataThingSettings"
                 ordinal="0">
                    <DataShape>
                        <FieldDefinitions>
                            <FieldDefinition
                             baseType="STRING"
                             description="Persistence Provider Name"
                             name="persistenceProvider"
                             ordinal="0"></FieldDefinition>
                        </FieldDefinitions>
                    </DataShape>
                    <Rows>
                        <Row>
                            <persistenceProvider>
                            <![CDATA[
                            ThingworxPersistenceProvider
                            ]]>
                            </persistenceProvider>
                        </Row>
                    </Rows>
                </ConfigurationTable>
                <ConfigurationTable
                 description="Index Settings"
                 isMultiRow="true"
                 name="Indexes"
                 ordinal="1">
                    <DataShape>
                        <FieldDefinitions>
                            <FieldDefinition
                             aspect.friendlyName="Index Field Names"
                             baseType="STRING"
                             description="Index fields"
                             name="fieldNames"
                             ordinal="1"></FieldDefinition>
                            <FieldDefinition
                             aspect.friendlyName="Index Name"
                             baseType="STRING"
                             description="Index name"
                             name="name"
                             ordinal="0"></FieldDefinition>
                        </FieldDefinitions>
                    </DataShape>
                    <Rows></Rows>
                </ConfigurationTable>
                <ConfigurationTable
                 description="Configurable options to tune Data Table performance"
                 isMultiRow="false"
                 name="PersistenceProviderCustomSettings"
                 ordinal="2">
                    <DataShape>
                        <FieldDefinitions>
                            <FieldDefinition
                             aspect.friendlyName="Persistence Provider Custom Settings Table"
                             baseType="INFOTABLE"
                             description="Persistence Provider Custom Config Table"
                             name="customConfigTable"
                             ordinal="0"></FieldDefinition>
                        </FieldDefinitions>
                    </DataShape>
                    <Rows>
                        <Row>
                            <customConfigTable>
                                <infoTable>
                                    <DataShape>
                                        <FieldDefinitions></FieldDefinitions>
                                    </DataShape>
                                    <Rows></Rows>
                                </infoTable>
                            </customConfigTable>
                        </Row>
                    </Rows>
                </ConfigurationTable>
                <ConfigurationTable
                 description="Data Shape Configuration"
                 isMultiRow="false"
                 name="Settings"
                 ordinal="0">
                    <DataShape>
                        <FieldDefinitions>
                            <FieldDefinition
                             aspect.friendlyName="Data Shape"
                             baseType="DATASHAPENAME"
                             description="Data shape"
                             name="dataShape"
                             ordinal="0"></FieldDefinition>
                        </FieldDefinitions>
                    </DataShape>
                    <Rows>
                        <Row>
                            <accumulatedDataShape>
                                <json>
                                <![CDATA[
                                {"fieldDefinitions":{"Context":{"name":"Context","aspects":{"tagType":"ModelTags"},"description":"Tag Context","baseType":"TAGS","ordinal":0},"TileLabel":{"name":"TileLabel","aspects":{},"description":"","baseType":"TEXT","ordinal":10},"TileBackground":{"name":"TileBackground","aspects":{},"description":"","baseType":"STRING","ordinal":8},"InAppSwitcher":{"name":"InAppSwitcher","aspects":{"defaultValue":true},"description":"","baseType":"BOOLEAN","ordinal":1},"TileIcon":{"name":"TileIcon","aspects":{},"description":"","baseType":"STRING","ordinal":9},"LocalizedLabel":{"name":"LocalizedLabel","aspects":{},"description":"","baseType":"TEXT","ordinal":5},"OpenInNewWindow":{"name":"OpenInNewWindow","aspects":{},"description":"","baseType":"BOOLEAN","ordinal":7},"InConvergeConsole":{"name":"InConvergeConsole","aspects":{"defaultValue":true},"description":"","baseType":"BOOLEAN","ordinal":2},"TileMasterMashup":{"name":"TileMasterMashup","aspects":{},"description":"","baseType":"STRING","ordinal":13},TileMashupOrURL":{"name":"TileMashupOrURL","aspects":{},"description":"","baseType":"STRING","ordinal":11},"TileTooltip":{"name":"TileTooltip","aspects":{},"description":"","baseType":"TEXT","ordinal":13},"TileOrder":{"name":"TileOrder","aspects":{},"description":"","baseType":"INTEGER","ordinal":12},"IsMashup":{"name":"IsMashup","aspects":{"defaultValue":true},"description":"","baseType":"BOOLEAN","ordinal":3},"LocalizedTooltip":{"name":"LocalizedTooltip","aspects":{},"description":"","baseType":"TEXT","ordinal":6},"key":{"name":"key","aspects":{"isPrimaryKey":true},"description":"","baseType":"STRING","ordinal":4}}}
                                ]]>
                                </json>
                            </accumulatedDataShape>
                            <dataShape>
                            <![CDATA[
                            PTC.FactoryConsole.DataShape
                            ]]>
                            </dataShape>
                        </Row>
                    </Rows>
                </ConfigurationTable>
            </ConfigurationTables>
            <ThingShape>
                <PropertyDefinitions>
                    <PropertyDefinition
                     aspect.cacheTime="0.0"
                     aspect.dataChangeType="VALUE"
                     aspect.isLogged="false"
                     aspect.isPersistent="false"
                     aspect.isReadOnly="false"
                     baseType="MASHUPNAME"
                     category=""
                     description=""
                     isLocalOnly="false"
                     name="MashupName"
                     ordinal="4"></PropertyDefinition>
                    <PropertyDefinition
                     aspect.cacheTime="0.0"
                     aspect.dataChangeType="VALUE"
                     aspect.defaultValue="&lt;p&gt;This utility is used to add/remove tiles to/from the ThingWorx Console or App Switcher. Each row in the table represents a tile.&lt;/p&gt;&lt;p&gt;To add/update a tile&lt;/p&gt;&lt;blockquote&gt;Specify the following fields&lt;/blockquote&gt;&lt;blockquote&gt;&lt;blockquote&gt;&lt;b&gt;Order&lt;/b&gt;: specify an integer number (0 - 1000) to indicate the tile order; a tile with a smaller number will appear before a tile with a larger number.&lt;/blockquote&gt;&lt;blockquote&gt;&lt;b&gt;Label&lt;/b&gt;: type a label if desirable.&lt;/blockquote&gt;&lt;blockquote&gt;&lt;b&gt;Show in Console&lt;/b&gt;: check to show the tile in the ThingWorx Console.&lt;/blockquote&gt;&lt;blockquote&gt;&lt;b&gt;Show in App Switcher&lt;/b&gt;: check to show the tile in the App Switcher.&lt;/blockquote&gt;&lt;blockquote&gt;&lt;b&gt;Mashup or URL&lt;/b&gt;: specify a Thingworx Mashup or URL to open upon the tile is clicked.&lt;/blockquote&gt;&lt;blockquote&gt;&lt;b&gt;Open in new window&lt;/b&gt;: check to open the mashup or URL in a new window.&lt;/blockquote&gt;&lt;blockquote&gt;&lt;b&gt;Icon&lt;/b&gt;: specify a ThingWorx Media for the icon.&lt;/blockquote&gt;&lt;blockquote&gt;&lt;b&gt;Background&lt;/b&gt;: specify a ThingWorx Media for the background.&lt;/blockquote&gt;&lt;/blockquote&gt;&lt;blockquote&gt;Choose&amp;nbsp;&lt;b&gt;Add/Update&lt;/b&gt;&lt;/blockquote&gt;&lt;p&gt;To delete a tile&lt;/p&gt;&lt;blockquote&gt;Select a row&lt;/blockquote&gt;&lt;blockquote&gt;Choose&amp;nbsp;&lt;b&gt;Delete Tile&lt;/b&gt;&lt;/blockquote&gt;&lt;p&gt;&lt;b&gt;Note: to change the position of a tile, add a new one at the desired position and delete the existing one.&lt;/b&gt;&lt;/p&gt; "
                     aspect.isLogged="false"
                     aspect.isPersistent="true"
                     aspect.isReadOnly="false"
                     baseType="HTML"
                     category=""
                     description=""
                     isLocalOnly="false"
                     name="Notes"
                     ordinal="3"></PropertyDefinition>
                    <PropertyDefinition
                     aspect.cacheTime="0.0"
                     aspect.dataChangeThreshold="0.0"
                     aspect.dataChangeType="VALUE"
                     aspect.defaultValue="3"
                     aspect.isLogged="false"
                     aspect.isPersistent="true"
                     aspect.isReadOnly="false"
                     baseType="INTEGER"
                     category=""
                     description="Number of the columns in the App Switcher"
                     isLocalOnly="false"
                     name="NumberOfColumn"
                     ordinal="1"></PropertyDefinition>
                    <PropertyDefinition
                     aspect.cacheTime="0.0"
                     aspect.dataChangeThreshold="0.0"
                     aspect.dataChangeType="VALUE"
                     aspect.defaultValue="3"
                     aspect.isLogged="false"
                     aspect.isPersistent="true"
                     aspect.isReadOnly="false"
                     baseType="INTEGER"
                     category=""
                     description="Number of rows in the App Switcher"
                     isLocalOnly="false"
                     name="NumberOfRow"
                     ordinal="2"></PropertyDefinition>
                </PropertyDefinitions>
                <ServiceDefinitions></ServiceDefinitions>
                <EventDefinitions></EventDefinitions>
                <ServiceMappings></ServiceMappings>
                <ServiceImplementations></ServiceImplementations>
                <Subscriptions>
                    <Subscription
                     enabled="true"
                     eventName="ThingStart"
                     source=""
                     sourceProperty="">
                        <ServiceImplementation
                         description=""
                         handlerName="Script"
                         name="ThingStart">
                            <ConfigurationTables>
                                <ConfigurationTable
                                 description=""
                                 isMultiRow="false"
                                 name="Script"
                                 ordinal="0">
                                    <DataShape>
                                        <FieldDefinitions>
                                            <FieldDefinition
                                             baseType="STRING"
                                             description="code"
                                             name="code"
                                             ordinal="0"></FieldDefinition>
                                        </FieldDefinitions>
                                    </DataShape>
                                    <Rows>
                                        <Row>
                                            <code>
                                            <![CDATA[
                                            me.initFactoryTiles();
                                            ]]>
                                            </code>
                                        </Row>
                                    </Rows>
                                </ConfigurationTable>
                            </ConfigurationTables>
                        </ServiceImplementation>
                    </Subscription>
                </Subscriptions>
            </ThingShape>
            <PropertyBindings></PropertyBindings>
            <RemotePropertyBindings></RemotePropertyBindings>
            <RemoteServiceBindings></RemoteServiceBindings>
            <RemoteEventBindings></RemoteEventBindings>
            <AlertConfigurations>
                <AlertDefinitions
                 name="MashupName"></AlertDefinitions>
                <AlertDefinitions
                 name="Notes"></AlertDefinitions>
                <AlertDefinitions
                 name="NumberOfColumn"></AlertDefinitions>
                <AlertDefinitions
                 name="NumberOfRow"></AlertDefinitions>
            </AlertConfigurations>
            <ImplementedShapes>
                <ImplementedShape
                 name="PTC.Factory.TileServiceProvider"
                 type="ThingShape"></ImplementedShape>
            </ImplementedShapes>
            <ThingProperties>
                <NumberOfColumn>3</NumberOfColumn>
                <NumberOfRow>3</NumberOfRow>
                <Notes>
                <![CDATA[
                <p>This utility is used to add/remove tiles to/from the ThingWorx Console or App Switcher. Each row in the table represents a tile.</p><p>To add/update a tile</p><blockquote>Specify the following fields</blockquote><blockquote><blockquote><b>Order</b>: specify an integer number (0 - 1000) to indicate the tile order; a tile with a smaller number will appear before a tile with a larger number.</blockquote><blockquote><b>Label</b>: type a label if desirable.</blockquote><blockquote><b>Show in Console</b>: check to show the tile in the ThingWorx Console.</blockquote><blockquote><b>Show in App Switcher</b>: check to show the tile in the App Switcher.</blockquote><blockquote><b>Mashup or URL</b>: specify a Thingworx Mashup or URL to open upon the tile is clicked.</blockquote><blockquote><b>Open in new window</b>: check to open the mashup or URL in a new window.</blockquote><blockquote><b>Icon</b>: specify a ThingWorx Media for the icon.</blockquote><blockquote><b>Background</b>: specify a ThingWorx Media for the background.</blockquote></blockquote><blockquote>Choose&nbsp;<b>Add/Update</b></blockquote><p>To delete a tile</p><blockquote>Select a row</blockquote><blockquote>Choose&nbsp;<b>Delete Tile</b></blockquote><p><b>Note: to change the position of a tile, add a new one at the desired position and delete the existing one.</b></p>
                ]]>
                </Notes>
            </ThingProperties>
        </Thing>
    </Things>
</Entities>
