<?xml version="1.0" encoding="UTF-8"?>
<Entities
 build="b3079"
 majorVersion="0"
 minorVersion="0"
 modelPersistenceProviderPackage="NeoPersistenceProviderPackage"
 revision="0"
 schemaVersion="940">
    <MediaEntities>
        <MediaEntity
         aspect.isEditableExtensionObject="true"
         aspect.isExtension="true"
         description="Clear history icon {PTC.SCA.SCO.ClearHistoryIcon}"
         documentationContent=""
         homeMashup=""
         lastModifiedDate="2017-05-04T10:39:10.953-04:00"
         name="PTC.SCA.SCO.ClearHistoryIcon"
         projectName="PTC.SCA.SCO.Common"
         tags="PTC:sca-sco;PTC:MediaEntity;PTC:sca-sco-common">
            <avatar></avatar>
            <DesignTimePermissions>
                <Create></Create>
                <Read></Read>
                <Update></Update>
                <Delete></Delete>
                <Metadata></Metadata>
            </DesignTimePermissions>
            <RunTimePermissions></RunTimePermissions>
            <VisibilityPermissions>
                <Visibility>
                    <Principal
                     isPermitted="true"
                     name="PTC.Factory.MachineVisibility"
                     type="Organization"></Principal>
                </Visibility>
            </VisibilityPermissions>
            <ConfigurationTables></ConfigurationTables>
            <content>
            <![CDATA[
            iVBORw0KGgoAAAANSUhEUgAAAB4AAAAeCAYAAAA7MK6iAAABWklEQVR42r2XDxGFIAzGiWAEIhjB
            CEYgghFsQAQiGMEIRjCCEXj4bnqf+G9TYXe7d6eMH+yNj6kUw7z3OngTvA8++b1N9G4eo5XEQkBL
            k/TwrKQJpdbNsY/A4dce7MoFN8GryA29i7NhJeCBfLGRJi4YcxQ0doT44TIWwGiOAzxZgGPBD8AO
            UqlPCk7fLMAgXLLjxdqD8T0WIhNuvwD/jZl6THup3pgQXEDBddnABynXitRmPvB1SjDFLOe8UaBM
            LgPYrSIFqzAZwEu6JwV5rwQT1BBXC+KqdcHSMsdgsJ1+S8AVE2yZN1QfK1sucBvrcwwWFRdp9BRd
            l/pJcYmPE8Fbcv30ODXrKhIayeZGQDRWZ0LwVjLpYQfdRpFot/tLgpo6/0Q6X1+L0TExiVJszwYN
            X8JZrQ/8F0PWZu8Czm5vYZejCHojjXFDX37S0J/ASzhqaT5hcn+0/QAbBzwUQXMNQwAAAABJRU5E
            rkJggg==
            ]]>
            </content>
        </MediaEntity>
    </MediaEntities>
</Entities>
