<?xml version="1.0" encoding="UTF-8"?>
<Entities
 build="b50"
 majorVersion="7"
 minorVersion="3"
 modelPersistenceProviderPackage="NeoPersistenceProviderPackage"
 revision="0"
 schemaVersion="931">
    <StyleDefinitions>
        <StyleDefinition
         aspect.isEditableExtensionObject="true"
         aspect.isExtension="true"
         description="Running style {PTC.Factory.Status.Running}"
         documentationContent=""
         homeMashup=""
         lastModifiedDate="2017-02-15T11:20:52.348-05:00"
         name="PTC.Factory.Status.Running"
         projectName="PTC.SCA.SCO.Common"
         tags="PTC:sca-sco-common;PTC:sca-common;PTC:StyleDefinition">
            <avatar></avatar>
            <DesignTimePermissions>
                <Create></Create>
                <Read></Read>
                <Update></Update>
                <Delete></Delete>
                <Metadata></Metadata>
            </DesignTimePermissions>
            <RunTimePermissions></RunTimePermissions>
            <VisibilityPermissions>
                <Visibility>
                    <Principal
                     isPermitted="true"
                     name="PTC.Factory.MachineVisibility"
                     type="Organization"></Principal>
                </Visibility>
            </VisibilityPermissions>
            <ConfigurationTables></ConfigurationTables>
            <content>
            <![CDATA[
            {"image":"","backgroundColor":"#3ec556","textSize":"normal","lineStyle":"solid","displayString":"","fontEmphasisUnderline":false,"fontEmphasisItalic":false,"lineThickness":1,"foregroundColor":"#3ec556","lineColor":"#3ec556","fontEmphasisBold":false,"secondaryBackgroundColor":"#3ec556"}
            ]]>
            </content>
        </StyleDefinition>
    </StyleDefinitions>
</Entities>
