<?xml version="1.0" encoding="UTF-8"?>
<Entities
 build="b158"
 majorVersion="7"
 minorVersion="4"
 modelPersistenceProviderPackage="PostgresPersistenceProviderPackage"
 revision="0"
 schemaVersion="940">
    <ThingTemplates>
        <!-- The template name must use SCO instead of Mfg so AssetManager
             can look up based on the name -->
        <ThingTemplate
         aspect.isEditableExtensionObject="false"
         description="Mfg Asset Resource Provider template. {PTC.SCA.SCO.AssetResourceProviderTemplate}"
         documentationContent=""
         homeMashup=""
         lastModifiedDate="2017-04-12T20:25:40.543Z"
         name="PTC.SCA.SCO.AssetResourceProviderTemplate"
         projectName="PTC.SCA.SCO.Asset.Model"
         tags="PTC:sca-sco;PTC:ThingTemplate;PTC:sca-sco-asset-model"
         thingPackage="PTC.SCA.Mfg.AssetResourceProviderPackage"
         valueStream="">
            <avatar></avatar>
            <DesignTimePermissions>
                <Create></Create>
                <Read></Read>
                <Update></Update>
                <Delete></Delete>
                <Metadata></Metadata>
            </DesignTimePermissions>
            <RunTimePermissions></RunTimePermissions>
            <VisibilityPermissions>
                <Visibility></Visibility>
            </VisibilityPermissions>
            <ConfigurationTableDefinitions></ConfigurationTableDefinitions>
            <ConfigurationTables>
                <ConfigurationTable
                 description="Resource Attribute Mapping Configuration"
                 isMultiRow="true"
                 name="Attribute Mapping Configuration"
                 ordinal="0">
                    <DataShape>
                        <FieldDefinitions>
                            <FieldDefinition
                             aspect.defaultValue="STRING"
                             baseType="BASETYPENAME"
                             description="The base type of the attribute (must be the same for normalized and originalattributes"
                             name="BaseType"
                             ordinal="3"></FieldDefinition>
                            <FieldDefinition
                             aspect.isPrimaryKey="true"
                             baseType="STRING"
                             description="The normalized attribute name of the resource"
                             name="Normalized"
                             ordinal="1"></FieldDefinition>
                            <FieldDefinition
                             baseType="STRING"
                             description="The original name of the attribute used in the business service for the resource"
                             name="Original"
                             ordinal="2"></FieldDefinition>
                        </FieldDefinitions>
                    </DataShape>
                    <Rows></Rows>
                </ConfigurationTable>
                <ConfigurationTable
                 description="Thing Resource Provider Configuration"
                 isMultiRow="false"
                 name="Thing Resource Provider Configuration"
                 ordinal="0">
                    <DataShape>
                        <FieldDefinitions>
                            <FieldDefinition
                             baseType="THINGTEMPLATENAME"
                             description="ThingTemplate used by this provider when creating new Things when the resource data does not specify the ThingTemplate to use"
                             name="DefaultResourceTemplate"
                             ordinal="0"></FieldDefinition>
                            <FieldDefinition
                             baseType="THINGSHAPENAME"
                             description="ThingShape that denotes Things to be treated as resources by this provider"
                             name="ResourceThingShape"
                             ordinal="0"></FieldDefinition>
                        </FieldDefinitions>
                    </DataShape>
                    <Rows>
                        <Row>
                            <DefaultResourceTemplate></DefaultResourceTemplate>
                            <ResourceThingShape></ResourceThingShape>
                        </Row>
                    </Rows>
                </ConfigurationTable>
                <ConfigurationTable
                 description="Resource Provider Configuration"
                 isMultiRow="false"
                 name="Resource Provider Configuration"
                 ordinal="0">
                    <DataShape>
                        <FieldDefinitions>
                            <FieldDefinition
                             baseType="THINGNAME"
                             description="The Thing name of the connector to a business service for the resource"
                             name="Connector"
                             ordinal="0"></FieldDefinition>
                            <FieldDefinition
                             baseType="MASHUPNAME"
                             description="The name of the mashup to create a new asset"
                             name="CreateMashup"
                             ordinal="0"></FieldDefinition>
                            <FieldDefinition
                             baseType="MASHUPNAME"
                             description="The name of the mashup to show the details of the resource"
                             name="DetailMashup"
                             ordinal="0"></FieldDefinition>
                        </FieldDefinitions>
                    </DataShape>
                    <Rows>
                        <Row>
                            <Connector></Connector>
                            <CreateMashup></CreateMashup>
                            <DetailMashup></DetailMashup>
                        </Row>
                    </Rows>
                </ConfigurationTable>
            </ConfigurationTables>
            <PropertyBindings></PropertyBindings>
            <RemotePropertyBindings></RemotePropertyBindings>
            <RemoteServiceBindings></RemoteServiceBindings>
            <RemoteEventBindings></RemoteEventBindings>
            <AlertConfigurations></AlertConfigurations>
            <ThingShape>
                <PropertyDefinitions></PropertyDefinitions>
                <ServiceDefinitions></ServiceDefinitions>
                <EventDefinitions></EventDefinitions>
                <ServiceMappings></ServiceMappings>
                <ServiceImplementations>
                    <ServiceImplementation
                     description=""
                     handlerName="Script"
                     name="CreateEquipmentInstance">
                        <ConfigurationTables>
                            <ConfigurationTable
                             description=""
                             isMultiRow="false"
                             name="Script"
                             ordinal="0">
                                <DataShape>
                                    <FieldDefinitions>
                                        <FieldDefinition
                                         baseType="STRING"
                                         description="code"
                                         name="code"
                                         ordinal="0"></FieldDefinition>
                                    </FieldDefinitions>
                                </DataShape>
                                <Rows>
                                    <Row>
                                        <code>
                                        <![CDATA[
                                        // Create Thing
                                        Resources["EntityServices"].CreateThing({
                                        	name: equipmentName /* STRING */,
                                        	description: this.description /* STRING */,
                                        	thingTemplateName: this.thingTemplateName /* THINGTEMPLATENAME */,
                                        	tags: "PTC:factory-mv;PTC:FactoryEquipmentInstance;PTC:FactoryPhysicalAssetInstance" /* TAGS */
                                        });
                                        
                                        // Set Thing properties
                                        var equipmentCreated = Things[equipmentName];
                                        equipmentCreated.EnableThing();
                                        equipmentCreated.RestartThing();
                                        equipmentCreated.displayName = this.displayName;
                                        if (equipmentCreated.assetImage) {
                                            equipmentCreated.assetImage = MediaEntities["PTC.Factory.DefaultPhysicalAssetIcon"].GetImage();
                                        } else {
                                            equipmentCreated.AssetImage = MediaEntities["PTC.Factory.DefaultPhysicalAssetIcon"].GetImage();
                                        }
                                        
                                        // Set runtime permissions property read and property write to true for the current user, which is equivalent to Write permission in context
                                        var currentUser =  Resources["CurrentSessionInfo"].GetCurrentUser();
                                        equipmentCreated.AddRunTimePermission({
                                        	allow: true /* BOOLEAN */,
                                        	principal: currentUser /* STRING */,
                                        	resource: "*" /* STRING */,
                                        	type: "PropertyRead" /* STRING */,
                                        	principalType: "User" /* STRING */
                                        });
                                        equipmentCreated.AddRunTimePermission({
                                        	allow: true /* BOOLEAN */,
                                        	principal: currentUser /* STRING */,
                                        	resource: "*" /* STRING */,
                                        	type: "PropertyWrite" /* STRING */,
                                        	principalType: "User" /* STRING */
                                        });
                                        equipmentCreated.AddRunTimePermission({
                                        	allow: true /* BOOLEAN */,
                                        	principal: currentUser /* STRING */,
                                        	resource: "*" /* STRING */,
                                        	type: "ServiceInvoke" /* STRING */,
                                        	principalType: "User" /* STRING */
                                        });
                                        
                                         // Create ValueStream and assign to Thing
                                         var valueStreamName = "ValueStream_" + equipmentName;
                                         Resources["EntityServices"].CreateThing({
                                         	name: valueStreamName /* STRING */,
                                         	description: "ValueStream for " + equipmentName /* STRING */,
                                         	thingTemplateName: "PTC.ISA95.PhysicalAssetValueStreamTemplate" /* THINGTEMPLATENAME */,
                                         	tags: "PTC:factory-mv;PTC:FactoryEquipmentInstance;PTC:FactoryPhysicalAssetInstance" /* TAGS */
                                         });
                                         Things[valueStreamName].EnableThing();
                                         Things[valueStreamName].RestartThing();
                                         equipmentCreated.SetValueStream({
                                         	name: valueStreamName /* THINGNAME */
                                         });
                                        
                                         // Return the name of the equipment instance created
                                         result = equipmentName;
                                        
                                         function getActualStatusDisplayName() {
                                             var definitions = equipmentCreated.GetStatusDefinitions();
                                             var currentStatusDefinition = definitions.Find({'id': equipmentCreated.status});
                                             return getEnglishLocalization(currentStatusDefinition);
                                         }
                                        
                                         function getEnglishLocalization(statusDefinition) {
                                             var localizedValue = Resources["RuntimeLocalizationFunctions"].GetEffectiveTokenForLanguage({
                                                     'language': 'en' /* STRING */,
                                                     'token': statusDefinition.localizationToken /* STRING */
                                             });
                                             return localizeOrDefault (localizedValue, statusDefinition.name);
                                         }
                                        
                                         function localizeOrDefault (localizedValue, defaultString) {
                                             // default to internal name if no localization was found
                                             if (localizedValue === '???') {
                                                 localizedValue = defaultString;
                                             }
                                             return localizedValue;
                                         }
                                        ]]>
                                        </code>
                                    </Row>
                                </Rows>
                            </ConfigurationTable>
                        </ConfigurationTables>
                    </ServiceImplementation>
                    <ServiceImplementation
                     description=""
                     handlerName="Script"
                     name="UpdateEquipment">
                        <ConfigurationTables>
                            <ConfigurationTable
                             description=""
                             isMultiRow="false"
                             name="Script"
                             ordinal="0">
                                <DataShape>
                                    <FieldDefinitions>
                                        <FieldDefinition
                                         baseType="STRING"
                                         description="code"
                                         name="code"
                                         ordinal="0"></FieldDefinition>
                                    </FieldDefinitions>
                                </DataShape>
                                <Rows>
                                    <Row>
                                        <code>
                                        <![CDATA[
                                        if (Things[physicalAssetThingName]) {
                                            Things[physicalAssetThingName].displayName = displayName ? displayName : Things[physicalAssetThingName].displayName;
                                             Things[physicalAssetThingName].SetDescription({
                                                description: description /* STRING */
                                            });
                                        
                                            Things[physicalAssetThingName].physicalLocation = physicalLocation;
                                            Things[physicalAssetThingName].modelNumber = modelNumber;
                                            Things[physicalAssetThingName].serialNumber = serialNumber;
                                            Things[physicalAssetThingName].assetImage = image;
                                           
                                            var isKpiShapeImplemented =  Things[physicalAssetThingName].ImplementsShape({
                                                thingShapeName: "PTC.SCA.SCO.KPIsThingShape" /* THINGSHAPENAME */
                                            });
                                            
                                            //Old Model service still work and check if the thing is implementing PTC.Factory.ShiftThingShape
                                            var isOldShiftShape = Things[physicalAssetThingName].ImplementsShape({
                                                thingShapeName: "PTC.Factory.ShiftThingShape" /* THINGSHAPENAME */
                                            });
                                            if ( isOldShiftShape ){
                                                Things[physicalAssetThingName].shiftDuration = shiftDuration ? shiftDuration : Things[physicalAssetThingName].shiftDuration;
                                                Things[physicalAssetThingName].shiftStartTime = shiftStartTime ? shiftStartTime : Things[physicalAssetThingName].shiftStartTime;
                                                Things[physicalAssetThingName].kpisCalculationPeriod = kpiPeriod ? kpiPeriod : Things[physicalAssetThingName].kpisCalculationPeriod;
                                            }
                                        
                                            if ( isKpiShapeImplemented ){
                                                var kpiSame = Things["PTC.SCA.SCO.ManageResourceUtils"].IsKPISimilar({
                                                    physicalAssetThingName: physicalAssetThingName,
                                                    kpisCalculationPeriod: kpiPeriod
                                                });
                                        
                                                if (Things[physicalAssetThingName].kpiForceUpdate) {
                                                    Things[physicalAssetThingName].kpiForceUpdate = kpiSame;
                                                }
                                            }
                                        }
                                        ]]>
                                        </code>
                                    </Row>
                                </Rows>
                            </ConfigurationTable>
                        </ConfigurationTables>
                    </ServiceImplementation>
                </ServiceImplementations>
                <Subscriptions></Subscriptions>
            </ThingShape>
            <ImplementedShapes></ImplementedShapes>
            <SharedConfigurationTables></SharedConfigurationTables>
            <InstanceDesignTimePermissions>
                <Create></Create>
                <Read></Read>
                <Update></Update>
                <Delete></Delete>
                <Metadata></Metadata>
            </InstanceDesignTimePermissions>
            <InstanceRunTimePermissions></InstanceRunTimePermissions>
            <InstanceVisibilityPermissions>
                <Visibility></Visibility>
            </InstanceVisibilityPermissions>
        </ThingTemplate>
    </ThingTemplates>
</Entities>
