<?xml version="1.0" encoding="utf-8"?><Entities><ExtensionPackages><ExtensionPackage name="OA_OperatorAdvisor-customization-9.1.0-02-extension" haCompatible="true" description="Operator Advisor Extension Customization" vendor="PTC" packageVersion="9.1.0" buildNumber="02" minimumThingWorxVersion="8.1.0" dependsOn="OA_OperatorAdvisor-extension:9.1.0" licensed="true" licenseName="twx_mfg_common" namedLicensedGroup="twx_mfg_common_named"><Licensed><Entity name="PTC.SCA.SCO.JobOrder.C_DetailContainerMashup_9.1.0_02"></Entity><Entity name="PTC.SCA.SCO.JobOrder.C_SummaryContainerSimpleMashup_9.1.0_02"></Entity><Entity name="PTC.SCA.SCO.JobOrder.C_SummaryContainerCollectionMashup_9.1.0_02"></Entity><Entity name="PTC.SCA.SCO.JobOrder.C_ListContainerMashup_9.1.0_02"></Entity></Licensed><JarResources><FileResource file="oa-OperatorAdvisor-customization-extension.jar" type="JAR"></FileResource></JarResources></ExtensionPackage></ExtensionPackages></Entities>