<?xml version="1.0" encoding="UTF-8"?>
<Entities>
    <LocalizationTables>
        <LocalizationTable
         description="ru localization table"
         homeMashup=""
         name="ru"
         tags="PTC:factory-mv">
            <avatar></avatar>
            <DesignTimePermissions>
                <Create></Create>
                <Read></Read>
                <Update></Update>
                <Delete></Delete>
                <Metadata></Metadata>
            </DesignTimePermissions>
            <RunTimePermissions></RunTimePermissions>
            <VisibilityPermissions>
                <Visibility>
                    <Principal
                     isPermitted="true"
                     name="PTC.Factory.MachineVisibility"
                     type="Organization"></Principal>
                </Visibility>
            </VisibilityPermissions>
            <ConfigurationTables>
                <ConfigurationTable
                 description="Localization Tokens"
                 isMultiRow="true"
                 name="LocalizationTokens"
                 ordinal="0">
                    <DataShape>
                        <FieldDefinitions>
                            <FieldDefinition
                             aspect.friendlyName="Translation context"
                             baseType="STRING"
                             description="Translation context"
                             name="context"
                             ordinal="3"></FieldDefinition>
                            <FieldDefinition
                             aspect.friendlyName="Token name"
                             baseType="STRING"
                             description="Token name"
                             name="name"
                             ordinal="0"></FieldDefinition>
                            <FieldDefinition
                             aspect.friendlyName="Token usage"
                             baseType="STRING"
                             description="Token usage"
                             name="usage"
                             ordinal="2"></FieldDefinition>
                            <FieldDefinition
                             aspect.friendlyName="Localized value"
                             baseType="STRING"
                             description="Localized value"
                             name="value"
                             ordinal="1"></FieldDefinition>
                        </FieldDefinitions>
                    </DataShape>
                    <Rows>
                        <Row>
                            <name>
                            <![CDATA[
                            PTC.Factory.TrendAndTroubleshooting.DELETE_TREND.TITLE
                            ]]>
                            </name>
                            <value>
                            <![CDATA[
                            УДАЛИТЬ ТЕНДЕНЦИЮ
                            ]]>
                            </value>
                        </Row>
                        <Row>
                            <name>
                            <![CDATA[
                            PTC.Factory.TrendAndTroubleshooting.NEW_TREND.TITLE
                            ]]>
                            </name>
                            <value>
                            <![CDATA[
                            НОВАЯ ТЕНДЕНЦИЯ
                            ]]>
                            </value>
                        </Row>
                        <Row>
                            <name>
                            <![CDATA[
                            PTC.Factory.TrendAndTroubleshooting.EDIT_TREND.TITLE
                            ]]>
                            </name>
                            <value>
                            <![CDATA[
                            ИЗМЕНИТЬ ТЕНДЕНЦИЮ
                            ]]>
                            </value>
                        </Row>
                        <Row>
                            <name>
                            <![CDATA[
                            PTC.Factory.TrendAndTroubleshooting.ADD_TAGS.TITLE
                            ]]>
                            </name>
                            <value>
                            <![CDATA[
                            ДОБАВИТЬ ТЕГИ ИЛИ СВОЙСТВА В ТЕНДЕНЦИЮ
                            ]]>
                            </value>
                        </Row>
                        <Row>
                            <name>
                            <![CDATA[
                            PTC.Factory.TrendAndTroubleshooting.DELETE_TAG.TITLE
                            ]]>
                            </name>
                            <value>
                            <![CDATA[
                            УДАЛИТЬ ТЕГ
                            ]]>
                            </value>
                        </Row>
                        <Row>
                            <name>
                            <![CDATA[
                            PTC.Factory.TrendAndTroubleshooting.DELETE_TREND.TOOLTIP
                            ]]>
                            </name>
                            <value>
                            <![CDATA[
                            Удалить тенденцию
                            ]]>
                            </value>
                        </Row>
                        <Row>
                            <name>
                            <![CDATA[
                            PTC.Factory.TrendAndTroubleshooting.NEW_TREND.TOOLTIP
                            ]]>
                            </name>
                            <value>
                            <![CDATA[
                            Новая тенденция
                            ]]>
                            </value>
                        </Row>
                        <Row>
                            <name>
                            <![CDATA[
                            PTC.Factory.TrendAndTroubleshooting.EDIT_TREND.TOOLTIP
                            ]]>
                            </name>
                            <value>
                            <![CDATA[
                            Изменить тенденцию
                            ]]>
                            </value>
                        </Row>
                        <Row>
                            <name>
                            <![CDATA[
                            PTC.Factory.TrendAndTroubleshooting.Title
                            ]]>
                            </name>
                            <value>
                            <![CDATA[
                            ТЕНДЕНЦИИ
                            ]]>
                            </value>
                        </Row>
                        <Row>
                            <name>
                            <![CDATA[
                            PTC.Factory.TrendAndTroubleshooting.OverviewTile
                            ]]>
                            </name>
                            <value>
                            <![CDATA[
                            ОБЗОР: {0}
                            ]]>
                            </value>
                        </Row>
                        <Row>
                            <name>
                            <![CDATA[
                            PTC.Factory.TrendAndTroubleshooting.MissingInfo
                            ]]>
                            </name>
                            <value>
                            <![CDATA[
                            Поле имени не может быть пустым
                            ]]>
                            </value>
                        </Row>
                        <Row>
                            <name>
                            <![CDATA[
                            PTC.Factory.TrendAndTroubleshooting.MaxSizeExceeded
                            ]]>
                            </name>
                            <value>
                            <![CDATA[
                            Число максимально допустимых символов в имени тенденции {0} равно 150
                            ]]>
                            </value>
                        </Row>
                        <Row>
                            <name>
                            <![CDATA[
                            PTC.Factory.TrendAndTroubleshooting.TagOrPropertyName
                            ]]>
                            </name>
                            <value>
                            <![CDATA[
                            Тег или свойство
                            ]]>
                            </value>
                        </Row>
                        <Row>
                            <name>
                            <![CDATA[
                            PTC.Factory.ms
                            ]]>
                            </name>
                            <value>
                            <![CDATA[
                            мс
                            ]]>
                            </value>
                        </Row>
                        <Row>
                            <name>
                            <![CDATA[
                            PTC.Factory.Trend
                            ]]>
                            </name>
                            <value>
                            <![CDATA[
                            Тенденция
                            ]]>
                            </value>
                        </Row>
                        <Row>
                            <name>
                            <![CDATA[
                            PTC.Factory.Save
                            ]]>
                            </name>
                            <value>
                            <![CDATA[
                            Сохранить
                            ]]>
                            </value>
                        </Row>
                        <Row>
                            <name>
                            <![CDATA[
                            PTC.Factory.Trend Name
                            ]]>
                            </name>
                            <value>
                            <![CDATA[
                            Имя тенденции *
                            ]]>
                            </value>
                        </Row>
                        <Row>
                            <name>
                            <![CDATA[
                            PTC.Factory.Trend Period
                            ]]>
                            </name>
                            <value>
                            <![CDATA[
                            Период тенденции
                            ]]>
                            </value>
                        </Row>
                        <Row>
                            <name>
                            <![CDATA[
                            PTC.Factory.View Trend
                            ]]>
                            </name>
                            <value>
                            <![CDATA[
                            Просмотреть сведения о тенденции
                            ]]>
                            </value>
                        </Row>
                        <Row>
                            <name>
                            <![CDATA[
                            PTC.Factory.DeleteTrendLabel
                            ]]>
                            </name>
                            <value>
                            <![CDATA[
                            Удалить {0}?
                            ]]>
                            </value>
                        </Row>
                        <Row>
                            <name>
                            <![CDATA[
                            PTC.Factory.Radio.Week
                            ]]>
                            </name>
                            <value>
                            <![CDATA[
                            Неделя
                            ]]>
                            </value>
                        </Row>
                        <Row>
                            <name>
                            <![CDATA[
                            PTC.Factory.Radio.last15min
                            ]]>
                            </name>
                            <value>
                            <![CDATA[
                            Последние 15 мин.
                            ]]>
                            </value>
                        </Row>
                        <Row>
                            <name>
                            <![CDATA[
                            PTC.Factory.Radio.lastHour
                            ]]>
                            </name>
                            <value>
                            <![CDATA[
                            Последний час
                            ]]>
                            </value>
                        </Row>
                        <Row>
                            <name>
                            <![CDATA[
                            PTC.Factory.Radio.lastDay
                            ]]>
                            </name>
                            <value>
                            <![CDATA[
                            Вчерашний день
                            ]]>
                            </value>
                        </Row>
                        <Row>
                            <name>
                            <![CDATA[
                            PTC.Factory.Radio.custom
                            ]]>
                            </name>
                            <value>
                            <![CDATA[
                            Пользовательское
                            ]]>
                            </value>
                        </Row>
                        <Row>
                            <name>
                            <![CDATA[
                            PTC.Factory.Radio.Today
                            ]]>
                            </name>
                            <value>
                            <![CDATA[
                            Сегодня
                            ]]>
                            </value>
                        </Row>
                        <Row>
                            <name>
                            <![CDATA[
                            PTC.Factory.Radio.Yesterday
                            ]]>
                            </name>
                            <value>
                            <![CDATA[
                            Вчера
                            ]]>
                            </value>
                        </Row>
                        <Row>
                            <name>
                            <![CDATA[
                            PTC.Factory.Radio.Day3
                            ]]>
                            </name>
                            <value>
                            <![CDATA[
                            3 день
                            ]]>
                            </value>
                        </Row>
                        <Row>
                            <name>
                            <![CDATA[
                            PTC.Factory.Radio.Day4
                            ]]>
                            </name>
                            <value>
                            <![CDATA[
                            4 день
                            ]]>
                            </value>
                        </Row>
                        <Row>
                            <name>
                            <![CDATA[
                            PTC.Factory.Radio.Day5
                            ]]>
                            </name>
                            <value>
                            <![CDATA[
                            5 день
                            ]]>
                            </value>
                        </Row>
                        <Row>
                            <name>
                            <![CDATA[
                            PTC.Factory.Radio.Day6
                            ]]>
                            </name>
                            <value>
                            <![CDATA[
                            6 день
                            ]]>
                            </value>
                        </Row>
                        <Row>
                            <name>
                            <![CDATA[
                            PTC.Factory.Radio.Day7
                            ]]>
                            </name>
                            <value>
                            <![CDATA[
                            7 день
                            ]]>
                            </value>
                        </Row>
                        <Row>
                            <name>
                            <![CDATA[
                            PTC.Factory.Created On
                            ]]>
                            </name>
                            <value>
                            <![CDATA[
                            Дата создания
                            ]]>
                            </value>
                        </Row>
                        <Row>
                            <name>
                            <![CDATA[
                            PTC.Factory.Created By
                            ]]>
                            </name>
                            <value>
                            <![CDATA[
                            Создано
                            ]]>
                            </value>
                        </Row>
                        <Row>
                            <name>
                            <![CDATA[
                            PTC.Factory.Start Time
                            ]]>
                            </name>
                            <value>
                            <![CDATA[
                            Время начала
                            ]]>
                            </value>
                        </Row>
                        <Row>
                            <name>
                            <![CDATA[
                            PTC.Factory.End Time
                            ]]>
                            </name>
                            <value>
                            <![CDATA[
                            Время окончания
                            ]]>
                            </value>
                        </Row>
                        <Row>
                            <name>
                            <![CDATA[
                            PTC.Factory.Tags
                            ]]>
                            </name>
                            <value>
                            <![CDATA[
                            Теги
                            ]]>
                            </value>
                        </Row>
                        <Row>
                            <name>
                            <![CDATA[
                            PTC.Factory.Add Tags
                            ]]>
                            </name>
                            <value>
                            <![CDATA[
                            Добавьте до 5 тегов к тенденции
                            ]]>
                            </value>
                        </Row>
                        <Row>
                            <name>
                            <![CDATA[
                            PTC.Factory.Apply
                            ]]>
                            </name>
                            <value>
                            <![CDATA[
                            Применить
                            ]]>
                            </value>
                        </Row>
                        <Row>
                            <name>
                            <![CDATA[
                            PTC.Factory.RemoveTag
                            ]]>
                            </name>
                            <value>
                            <![CDATA[
                            Удалить тег
                            ]]>
                            </value>
                        </Row>
                        <Row>
                            <name>
                            <![CDATA[
                            PTC.Factory.On
                            ]]>
                            </name>
                            <value>
                            <![CDATA[
                            Вкл.
                            ]]>
                            </value>
                        </Row>
                        <Row>
                            <name>
                            <![CDATA[
                            PTC.Factory.Off
                            ]]>
                            </name>
                            <value>
                            <![CDATA[
                            Выкл.
                            ]]>
                            </value>
                        </Row>
                        <Row>
                            <name>
                            <![CDATA[
                            PTC.Factory.Error.CannotFindOPCDAThingByName
                            ]]>
                            </name>
                            <value>
                            <![CDATA[
                            Не удалось найти OPCDAThing с именем {0}.
                            ]]>
                            </value>
                        </Row>
                        <Row>
                            <name>
                            <![CDATA[
                            PTC.Factory.ConfirmationMessageForAddTags
                            ]]>
                            </name>
                            <value>
                            <![CDATA[
                            Выделенные теги были добавлены в тенденцию.
                            ]]>
                            </value>
                        </Row>
                        <Row>
                            <name>
                            <![CDATA[
                            PTC.Factory.ShowValueRange
                            ]]>
                            </name>
                            <value>
                            <![CDATA[
                            Показать диапазон значения
                            ]]>
                            </value>
                        </Row>
                        <Row>
                            <name>
                            <![CDATA[
                            PTC.Factory.ProductionHistoricalData.SyncZoom.TOOLTIP
                            ]]>
                            </name>
                            <value>
                            <![CDATA[
                            Переключатель синхронизации масштаба
                            ]]>
                            </value>
                        </Row>
                        <Row>
                            <name>
                            <![CDATA[
                            PTC.Factory.ProductionHistoricalData.SyncZoom.LABEL
                            ]]>
                            </name>
                            <value>
                            <![CDATA[
                            Синхронизировать масштаб
                            ]]>
                            </value>
                        </Row>
                        <Row>
                            <name>
                            <![CDATA[
                            PTC.Factory.LocalizedDateTimeFormat
                            ]]>
                            </name>
                            <value>
                            <![CDATA[
                            dd-mm-yyyy
                            ]]>
                            </value>
                        </Row>
                        <Row>
                            <name>
                            <![CDATA[
                            PTC.SCA.SCO.AxisIconTooltip
                            ]]>
                            </name>
                            <value>
                            <![CDATA[
                            Отобразить на левой или правой оси Y
                            ]]>
                            </value>
                        </Row>
                        <Row>
                            <name>
                            <![CDATA[
                            PTC.SCA.SCO.VisibilityIconTooltip
                            ]]>
                            </name>
                            <value>
                            <![CDATA[
                            Показать значения на графике
                            ]]>
                            </value>
                        </Row>
                    </Rows>
                </ConfigurationTable>
            </ConfigurationTables>
        </LocalizationTable>
    </LocalizationTables>
</Entities>
