<?xml version="1.0" encoding="UTF-8"?>
<Entities>
    <LocalizationTables>
        <LocalizationTable
         description="fr localization table"
         homeMashup=""
         name="fr"
         tags="PTC:factory-mv">
            <avatar></avatar>
            <DesignTimePermissions>
                <Create></Create>
                <Read></Read>
                <Update></Update>
                <Delete></Delete>
                <Metadata></Metadata>
            </DesignTimePermissions>
            <RunTimePermissions></RunTimePermissions>
            <VisibilityPermissions>
                <Visibility>
                    <Principal
                     isPermitted="true"
                     name="PTC.Factory.MachineVisibility"
                     type="Organization"></Principal>
                </Visibility>
            </VisibilityPermissions>
            <ConfigurationTables>
                <ConfigurationTable
                 description="Localization Tokens"
                 isMultiRow="true"
                 name="LocalizationTokens"
                 ordinal="0">
                    <DataShape>
                        <FieldDefinitions>
                            <FieldDefinition
                             aspect.friendlyName="Translation context"
                             baseType="STRING"
                             description="Translation context"
                             name="context"
                             ordinal="3"></FieldDefinition>
                            <FieldDefinition
                             aspect.friendlyName="Token name"
                             baseType="STRING"
                             description="Token name"
                             name="name"
                             ordinal="0"></FieldDefinition>
                            <FieldDefinition
                             aspect.friendlyName="Token usage"
                             baseType="STRING"
                             description="Token usage"
                             name="usage"
                             ordinal="2"></FieldDefinition>
                            <FieldDefinition
                             aspect.friendlyName="Localized value"
                             baseType="STRING"
                             description="Localized value"
                             name="value"
                             ordinal="1"></FieldDefinition>
                        </FieldDefinitions>
                    </DataShape>
                    <Rows>
                        <Row>
                            <name>
                            <![CDATA[
                            PTC.Factory.TrendAndTroubleshooting.DELETE_TREND.TITLE
                            ]]>
                            </name>
                            <value>
                            <![CDATA[
                            SUPPRIMER LA TENDANCE
                            ]]>
                            </value>
                        </Row>
                        <Row>
                            <name>
                            <![CDATA[
                            PTC.Factory.TrendAndTroubleshooting.NEW_TREND.TITLE
                            ]]>
                            </name>
                            <value>
                            <![CDATA[
                            NOUVELLE TENDANCE
                            ]]>
                            </value>
                        </Row>
                        <Row>
                            <name>
                            <![CDATA[
                            PTC.Factory.TrendAndTroubleshooting.EDIT_TREND.TITLE
                            ]]>
                            </name>
                            <value>
                            <![CDATA[
                            MODIFIER LA TENDANCE
                            ]]>
                            </value>
                        </Row>
                        <Row>
                            <name>
                            <![CDATA[
                            PTC.Factory.TrendAndTroubleshooting.ADD_TAGS.TITLE
                            ]]>
                            </name>
                            <value>
                            <![CDATA[
                            AJOUTER DES TAGS OU DES PROPRIETES A LA TENDANCE
                            ]]>
                            </value>
                        </Row>
                        <Row>
                            <name>
                            <![CDATA[
                            PTC.Factory.TrendAndTroubleshooting.DELETE_TAG.TITLE
                            ]]>
                            </name>
                            <value>
                            <![CDATA[
                            SUPPRIMER LE TAG
                            ]]>
                            </value>
                        </Row>
                        <Row>
                            <name>
                            <![CDATA[
                            PTC.Factory.TrendAndTroubleshooting.DELETE_TREND.TOOLTIP
                            ]]>
                            </name>
                            <value>
                            <![CDATA[
                            Supprimer la tendance
                            ]]>
                            </value>
                        </Row>
                        <Row>
                            <name>
                            <![CDATA[
                            PTC.Factory.TrendAndTroubleshooting.NEW_TREND.TOOLTIP
                            ]]>
                            </name>
                            <value>
                            <![CDATA[
                            Nouvelle tendance
                            ]]>
                            </value>
                        </Row>
                        <Row>
                            <name>
                            <![CDATA[
                            PTC.Factory.TrendAndTroubleshooting.EDIT_TREND.TOOLTIP
                            ]]>
                            </name>
                            <value>
                            <![CDATA[
                            Modifier la tendance
                            ]]>
                            </value>
                        </Row>
                        <Row>
                            <name>
                            <![CDATA[
                            PTC.Factory.TrendAndTroubleshooting.Title
                            ]]>
                            </name>
                            <value>
                            <![CDATA[
                            TENDANCES
                            ]]>
                            </value>
                        </Row>
                        <Row>
                            <name>
                            <![CDATA[
                            PTC.Factory.TrendAndTroubleshooting.OverviewTile
                            ]]>
                            </name>
                            <value>
                            <![CDATA[
                            VUE D'ENSEMBLE : {0}
                            ]]>
                            </value>
                        </Row>
                        <Row>
                            <name>
                            <![CDATA[
                            PTC.Factory.TrendAndTroubleshooting.MissingInfo
                            ]]>
                            </name>
                            <value>
                            <![CDATA[
                            Le champ Nom ne peut pas être vide.
                            ]]>
                            </value>
                        </Row>
                        <Row>
                            <name>
                            <![CDATA[
                            PTC.Factory.TrendAndTroubleshooting.MaxSizeExceeded
                            ]]>
                            </name>
                            <value>
                            <![CDATA[
                            Le nom de tendance ne doit pas dépasser 150 caractères.
                            ]]>
                            </value>
                        </Row>
                        <Row>
                            <name>
                            <![CDATA[
                            PTC.Factory.TrendAndTroubleshooting.TagOrPropertyName
                            ]]>
                            </name>
                            <value>
                            <![CDATA[
                            Tag ou propriété
                            ]]>
                            </value>
                        </Row>
                        <Row>
                            <name>
                            <![CDATA[
                            PTC.Factory.ms
                            ]]>
                            </name>
                            <value>
                            <![CDATA[
                            ms
                            ]]>
                            </value>
                        </Row>
                        <Row>
                            <name>
                            <![CDATA[
                            PTC.Factory.Trend
                            ]]>
                            </name>
                            <value>
                            <![CDATA[
                            Tendance
                            ]]>
                            </value>
                        </Row>
                        <Row>
                            <name>
                            <![CDATA[
                            PTC.Factory.Save
                            ]]>
                            </name>
                            <value>
                            <![CDATA[
                            Enregistrer
                            ]]>
                            </value>
                        </Row>
                        <Row>
                            <name>
                            <![CDATA[
                            PTC.Factory.Trend Name
                            ]]>
                            </name>
                            <value>
                            <![CDATA[
                            Nom de tendance *
                            ]]>
                            </value>
                        </Row>
                        <Row>
                            <name>
                            <![CDATA[
                            PTC.Factory.Trend Period
                            ]]>
                            </name>
                            <value>
                            <![CDATA[
                            Période de tendance
                            ]]>
                            </value>
                        </Row>
                        <Row>
                            <name>
                            <![CDATA[
                            PTC.Factory.View Trend
                            ]]>
                            </name>
                            <value>
                            <![CDATA[
                            Afficher les détails de la tendance
                            ]]>
                            </value>
                        </Row>
                        <Row>
                            <name>
                            <![CDATA[
                            PTC.Factory.DeleteTrendLabel
                            ]]>
                            </name>
                            <value>
                            <![CDATA[
                            Etes-vous sûr de vouloir supprimer {0} ?
                            ]]>
                            </value>
                        </Row>
                        <Row>
                            <name>
                            <![CDATA[
                            PTC.Factory.Radio.Week
                            ]]>
                            </name>
                            <value>
                            <![CDATA[
                            Semaine
                            ]]>
                            </value>
                        </Row>
                        <Row>
                            <name>
                            <![CDATA[
                            PTC.Factory.Radio.last15min
                            ]]>
                            </name>
                            <value>
                            <![CDATA[
                            15 dernières min
                            ]]>
                            </value>
                        </Row>
                        <Row>
                            <name>
                            <![CDATA[
                            PTC.Factory.Radio.lastHour
                            ]]>
                            </name>
                            <value>
                            <![CDATA[
                            Dernière heure
                            ]]>
                            </value>
                        </Row>
                        <Row>
                            <name>
                            <![CDATA[
                            PTC.Factory.Radio.lastDay
                            ]]>
                            </name>
                            <value>
                            <![CDATA[
                            Dernier jour
                            ]]>
                            </value>
                        </Row>
                        <Row>
                            <name>
                            <![CDATA[
                            PTC.Factory.Radio.custom
                            ]]>
                            </name>
                            <value>
                            <![CDATA[
                            Personnalisé
                            ]]>
                            </value>
                        </Row>
                        <Row>
                            <name>
                            <![CDATA[
                            PTC.Factory.Radio.Today
                            ]]>
                            </name>
                            <value>
                            <![CDATA[
                            Aujourd'hui
                            ]]>
                            </value>
                        </Row>
                        <Row>
                            <name>
                            <![CDATA[
                            PTC.Factory.Radio.Yesterday
                            ]]>
                            </name>
                            <value>
                            <![CDATA[
                            Hier
                            ]]>
                            </value>
                        </Row>
                        <Row>
                            <name>
                            <![CDATA[
                            PTC.Factory.Radio.Day3
                            ]]>
                            </name>
                            <value>
                            <![CDATA[
                            Jour 3
                            ]]>
                            </value>
                        </Row>
                        <Row>
                            <name>
                            <![CDATA[
                            PTC.Factory.Radio.Day4
                            ]]>
                            </name>
                            <value>
                            <![CDATA[
                            Jour 4
                            ]]>
                            </value>
                        </Row>
                        <Row>
                            <name>
                            <![CDATA[
                            PTC.Factory.Radio.Day5
                            ]]>
                            </name>
                            <value>
                            <![CDATA[
                            Jour 5
                            ]]>
                            </value>
                        </Row>
                        <Row>
                            <name>
                            <![CDATA[
                            PTC.Factory.Radio.Day6
                            ]]>
                            </name>
                            <value>
                            <![CDATA[
                            Jour 6
                            ]]>
                            </value>
                        </Row>
                        <Row>
                            <name>
                            <![CDATA[
                            PTC.Factory.Radio.Day7
                            ]]>
                            </name>
                            <value>
                            <![CDATA[
                            Jour 7
                            ]]>
                            </value>
                        </Row>
                        <Row>
                            <name>
                            <![CDATA[
                            PTC.Factory.Created On
                            ]]>
                            </name>
                            <value>
                            <![CDATA[
                            Créé le
                            ]]>
                            </value>
                        </Row>
                        <Row>
                            <name>
                            <![CDATA[
                            PTC.Factory.Created By
                            ]]>
                            </name>
                            <value>
                            <![CDATA[
                            Créé par
                            ]]>
                            </value>
                        </Row>
                        <Row>
                            <name>
                            <![CDATA[
                            PTC.Factory.Start Time
                            ]]>
                            </name>
                            <value>
                            <![CDATA[
                            Heure de début
                            ]]>
                            </value>
                        </Row>
                        <Row>
                            <name>
                            <![CDATA[
                            PTC.Factory.End Time
                            ]]>
                            </name>
                            <value>
                            <![CDATA[
                            Heure de fin
                            ]]>
                            </value>
                        </Row>
                        <Row>
                            <name>
                            <![CDATA[
                            PTC.Factory.Tags
                            ]]>
                            </name>
                            <value>
                            <![CDATA[
                            Tags
                            ]]>
                            </value>
                        </Row>
                        <Row>
                            <name>
                            <![CDATA[
                            PTC.Factory.Add Tags
                            ]]>
                            </name>
                            <value>
                            <![CDATA[
                            Ajouter jusqu'à 5 tags à une tendance
                            ]]>
                            </value>
                        </Row>
                        <Row>
                            <name>
                            <![CDATA[
                            PTC.Factory.Apply
                            ]]>
                            </name>
                            <value>
                            <![CDATA[
                            Appliquer
                            ]]>
                            </value>
                        </Row>
                        <Row>
                            <name>
                            <![CDATA[
                            PTC.Factory.RemoveTag
                            ]]>
                            </name>
                            <value>
                            <![CDATA[
                            Supprimer le tag
                            ]]>
                            </value>
                        </Row>
                        <Row>
                            <name>
                            <![CDATA[
                            PTC.Factory.On
                            ]]>
                            </name>
                            <value>
                            <![CDATA[
                            Actif
                            ]]>
                            </value>
                        </Row>
                        <Row>
                            <name>
                            <![CDATA[
                            PTC.Factory.Off
                            ]]>
                            </name>
                            <value>
                            <![CDATA[
                            Inactif
                            ]]>
                            </value>
                        </Row>
                        <Row>
                            <name>
                            <![CDATA[
                            PTC.Factory.Error.CannotFindOPCDAThingByName
                            ]]>
                            </name>
                            <value>
                            <![CDATA[
                            OPCDAThing nommé {0} introuvable.
                            ]]>
                            </value>
                        </Row>
                        <Row>
                            <name>
                            <![CDATA[
                            PTC.Factory.ConfirmationMessageForAddTags
                            ]]>
                            </name>
                            <value>
                            <![CDATA[
                            Les tags sélectionnés ont été ajoutés à la tendance.
                            ]]>
                            </value>
                        </Row>
                        <Row>
                            <name>
                            <![CDATA[
                            PTC.Factory.ShowValueRange
                            ]]>
                            </name>
                            <value>
                            <![CDATA[
                            Afficher la plage de valeurs
                            ]]>
                            </value>
                        </Row>
                        <Row>
                            <name>
                            <![CDATA[
                            PTC.Factory.ProductionHistoricalData.SyncZoom.TOOLTIP
                            ]]>
                            </name>
                            <value>
                            <![CDATA[
                            Activer/désactiver Synchroniser le zoom
                            ]]>
                            </value>
                        </Row>
                        <Row>
                            <name>
                            <![CDATA[
                            PTC.Factory.ProductionHistoricalData.SyncZoom.LABEL
                            ]]>
                            </name>
                            <value>
                            <![CDATA[
                            Synchroniser le zoom
                            ]]>
                            </value>
                        </Row>
                        <Row>
                            <name>
                            <![CDATA[
                            PTC.Factory.LocalizedDateTimeFormat
                            ]]>
                            </name>
                            <value>
                            <![CDATA[
                            dd/mm/yyyy
                            ]]>
                            </value>
                        </Row>
                        <Row>
                            <name>
                            <![CDATA[
                            PTC.SCA.SCO.AxisIconTooltip
                            ]]>
                            </name>
                            <value>
                            <![CDATA[
                            Afficher sur l'axe Y gauche ou droit
                            ]]>
                            </value>
                        </Row>
                        <Row>
                            <name>
                            <![CDATA[
                            PTC.SCA.SCO.VisibilityIconTooltip
                            ]]>
                            </name>
                            <value>
                            <![CDATA[
                            Afficher les valeurs dans un graphe
                            ]]>
                            </value>
                        </Row>
                    </Rows>
                </ConfigurationTable>
            </ConfigurationTables>
        </LocalizationTable>
    </LocalizationTables>
</Entities>
