<?xml version="1.0" encoding="UTF-8"?>
<Entities
 build="b261"
 majorVersion="8"
 minorVersion="3"
 modelPersistenceProviderPackage="PostgresPersistenceProviderPackage"
 revision="0"
 schemaVersion="1030"
 universal="">
    <DataShapes>
        <DataShape
         aspect.isEditableExtensionObject="false"
         aspect.isExtension="true"
         baseDataShape=""
         description="Data Shape containing properties for control characteristic response of a work definition {PTC.SCA.SCO.WorkDefinitionControlCharacteristicResponse}"
         documentationContent=""
         homeMashup=""
         lastModifiedDate="2018-05-09T10:35:53.133-04:00"
         name="PTC.SCA.SCO.WorkDefinitionControlCharacteristicResponse"
         projectName="PTC.SCA.SCO.WorkDefinition.Model"
         tags="PTC:sca-sco;PTC:DataShape;PTC:sca-sco-workdefinition-model">
            <avatar></avatar>
            <DesignTimePermissions>
                <Create></Create>
                <Read></Read>
                <Update></Update>
                <Delete></Delete>
                <Metadata></Metadata>
            </DesignTimePermissions>
            <RunTimePermissions></RunTimePermissions>
            <VisibilityPermissions></VisibilityPermissions>
            <ConfigurationTables></ConfigurationTables>
            <FieldDefinitions>
                <FieldDefinition
                 aspect.isPrimaryKey="true"
                 baseType="LONG"
                 description=""
                 name="UID"
                 ordinal="1"></FieldDefinition>
                <FieldDefinition
                 baseType="LONG"
                 description=""
                 name="WorkDefinitionControlCharacteristicUID"
                 ordinal="2"></FieldDefinition>
                <FieldDefinition
                 baseType="STRING"
                 description="way of identifying a specific instance of a WorkDefinition"
                 name="SerialNumber"
                 ordinal="3"></FieldDefinition>
                <FieldDefinition
                 baseType="STRING"
                 description="Actual Value of Control Characteristics for an instance"
                 name="ControlCharacteristicActualValue"
                 ordinal="4"></FieldDefinition>
                <FieldDefinition
                 baseType="STRING"
                 description="Additional Notes/Comments"
                 name="Comments"
                 ordinal="5"></FieldDefinition>
            </FieldDefinitions>
        </DataShape>
    </DataShapes>
</Entities>
