<?xml version="1.0" encoding="UTF-8"?>
<Entities
 build="b7975"
 majorVersion="0"
 minorVersion="0"
 modelPersistenceProviderPackage="PostgresPersistenceProviderPackage"
 revision="0"
 schemaVersion="1100"
 universal="password">
    <DataShapes>
        <DataShape
         aspect.isEditableExtensionObject="false"
         aspect.isExtension="true"
         baseDataShape=""
         description="Data Shape containing properties for batch action {PTC.SCA.SCO.BatchAction}"
         documentationContent=""
         homeMashup=""
         lastModifiedDate="2019-11-14T09:02:40.555-05:00"
         name="PTC.SCA.SCO.BatchAction"
         projectName="PTC.SCA.SCO.OperatorAdvisor.Model"
         tags="PTC:OA;PTC:sco-common-layer">
            <avatar></avatar>
            <DesignTimePermissions>
                <Create></Create>
                <Read></Read>
                <Update></Update>
                <Delete></Delete>
                <Metadata></Metadata>
            </DesignTimePermissions>
            <RunTimePermissions></RunTimePermissions>
            <VisibilityPermissions>
                <Visibility>
                    <Principal
                     isPermitted="true"
                     name="PTC.Factory.MachineVisibility"
                     type="Organization"></Principal>
                </Visibility>
            </VisibilityPermissions>
            <ConfigurationTableDefinitions></ConfigurationTableDefinitions>
            <ConfigurationTables></ConfigurationTables>
            <FieldDefinitions>
                <FieldDefinition
                 aspect.isPrimaryKey="false"
                 baseType="STRING"
                 description=""
                 name="action"
                 ordinal="3"></FieldDefinition>
                <FieldDefinition
                 baseType="DATASHAPENAME"
                 description=""
                 name="dataShapeName"
                 ordinal="1"></FieldDefinition>
                <FieldDefinition
                 aspect.isPrimaryKey="false"
                 baseType="INFOTABLE"
                 description=""
                 name="values"
                 ordinal="4"></FieldDefinition>
            </FieldDefinitions>
        </DataShape>
    </DataShapes>
</Entities>
