<?xml version="1.0" encoding="UTF-8"?>
<Entities
 build="b9338"
 majorVersion="0"
 minorVersion="0"
 modelPersistenceProviderPackage="PostgresPersistenceProviderPackage"
 revision="0"
 schemaVersion="1100"
 universal="password">
    <DataShapes>
        <DataShape
         aspect.isEditableExtensionObject="false"
         aspect.isExtension="true"
         baseDataShape=""
         description="Data Shape containing the properties for a job order {PTC.SCA.SCO.JobOrder}"
         documentationContent=""
         homeMashup=""
         lastModifiedDate="2020-05-15T09:11:41.350-04:00"
         name="PTC.SCA.SCO.JobOrder"
         projectName="PTC.SCA.SCO.JobOrder.Model"
         tags="PTC:sca-sco;PTC:DataShape;PTC:sca-sco-joborder-model">
            <avatar></avatar>
            <DesignTimePermissions>
                <Create></Create>
                <Read></Read>
                <Update></Update>
                <Delete></Delete>
                <Metadata></Metadata>
            </DesignTimePermissions>
            <RunTimePermissions></RunTimePermissions>
            <VisibilityPermissions>
                <Visibility></Visibility>
            </VisibilityPermissions>
            <ConfigurationTableDefinitions></ConfigurationTableDefinitions>
            <ConfigurationTables></ConfigurationTables>
            <FieldDefinitions>
                <FieldDefinition
                 baseType="DATETIME"
                 description=""
                 name="ActualEndTime"
                 ordinal="7"></FieldDefinition>
                <FieldDefinition
                 baseType="DATETIME"
                 description=""
                 name="ActualStartTime"
                 ordinal="6"></FieldDefinition>
                <FieldDefinition
                 baseType="INTEGER"
                 description=""
                 name="Command"
                 ordinal="11"></FieldDefinition>
                <FieldDefinition
                 baseType="STRING"
                 description=""
                 name="CommandRule"
                 ordinal="13"></FieldDefinition>
                <FieldDefinition
                 baseType="STRING"
                 description=""
                 name="Description"
                 ordinal="4"></FieldDefinition>
                <FieldDefinition
                 baseType="INTEGER"
                 description=""
                 name="DispatchStatus"
                 ordinal="10"></FieldDefinition>
                <FieldDefinition
                 baseType="STRING"
                 description=""
                 name="HierarchyScope"
                 ordinal="9"></FieldDefinition>
                <FieldDefinition
                 baseType="STRING"
                 description=""
                 name="ID"
                 ordinal="2"></FieldDefinition>
                <FieldDefinition
                 baseType="DATETIME"
                 description=""
                 name="PlannedEndTime"
                 ordinal="14"></FieldDefinition>
                <FieldDefinition
                 baseType="DATETIME"
                 description=""
                 name="PlannedStartTime"
                 ordinal="12"></FieldDefinition>
                <FieldDefinition
                 baseType="STRING"
                 description=""
                 name="Priority"
                 ordinal="8"></FieldDefinition>
                <FieldDefinition
                 aspect.isPrimaryKey="false"
                 baseType="LONG"
                 description=""
                 name="SiteUID"
                 ordinal="15"></FieldDefinition>
                <FieldDefinition
                 aspect.isPrimaryKey="true"
                 baseType="LONG"
                 description=""
                 name="UID"
                 ordinal="1"></FieldDefinition>
                <FieldDefinition
                 baseType="INTEGER"
                 description=""
                 name="WorkType"
                 ordinal="3"></FieldDefinition>
            </FieldDefinitions>
        </DataShape>
    </DataShapes>
</Entities>
