<?xml version="1.0" encoding="UTF-8"?>
<Entities
 build="b36"
 majorVersion="8"
 minorVersion="2"
 modelPersistenceProviderPackage="PostgresPersistenceProviderPackage"
 revision="3"
 schemaVersion="1020"
 universal="">
    <DataShapes>
        <DataShape
         aspect.isEditableExtensionObject="false"
         aspect.isExtension="true"
         baseDataShape=""
         description="Data Shape containing properties for personnel use {PTC.SCA.SCO.PersonnelUse}"
         documentationContent=""
         homeMashup=""
         lastModifiedDate="2018-04-10T09:46:22.000-04:00"
         name="PTC.SCA.SCO.PersonnelUse"
         projectName="PTC.SCA.SCO.Personel.Model"
         tags="PTC:sca-sco;PTC:DataShape;PTC:sca-sco-personel-model">
            <avatar></avatar>
            <DesignTimePermissions>
                <Create></Create>
                <Read></Read>
                <Update></Update>
                <Delete></Delete>
                <Metadata></Metadata>
            </DesignTimePermissions>
            <RunTimePermissions></RunTimePermissions>
            <VisibilityPermissions>
                <Visibility></Visibility>
            </VisibilityPermissions>
            <ConfigurationTables></ConfigurationTables>
            <FieldDefinitions>
                <FieldDefinition
                 aspect.isPrimaryKey="true"
                 baseType="INTEGER"
                 description=""
                 name="UID"
                 ordinal="1"></FieldDefinition>
                <FieldDefinition
                 baseType="STRING"
                 description=""
                 name="Name"
                 ordinal="2"></FieldDefinition>
            </FieldDefinitions>
        </DataShape>
    </DataShapes>
</Entities>
