<?xml version="1.0" encoding="UTF-8"?>
<Entities
 build="b198"
 majorVersion="8"
 minorVersion="3"
 modelPersistenceProviderPackage="PostgresPersistenceProviderPackage"
 revision="0"
 schemaVersion="1030"
 universal="">
    <DataShapes>
        <DataShape
         aspect.isEditableExtensionObject="false"
         aspect.isExtension="true"
         baseDataShape=""
         description="Data Shape containing properties for a processing resource to class link {PTC.SCA.SCO.ProcessingResourceToClassLink}"
         documentationContent=""
         homeMashup=""
         lastModifiedDate="2018-05-04T16:06:05.041-04:00"
         name="PTC.SCA.SCO.ProcessingResourceToClassLink"
         projectName="PTC.SCA.SCO.ProcessingResource.Model"
         tags="PTC:sca-sco;PTC:DataShape;PTC:sca-sco-processingresource-model">
            <avatar></avatar>
            <DesignTimePermissions>
                <Create></Create>
                <Read></Read>
                <Update></Update>
                <Delete></Delete>
                <Metadata></Metadata>
            </DesignTimePermissions>
            <RunTimePermissions></RunTimePermissions>
            <VisibilityPermissions>
                <Visibility></Visibility>
            </VisibilityPermissions>
            <ConfigurationTables></ConfigurationTables>
            <FieldDefinitions>
                <FieldDefinition
                 baseType="LONG"
                 description=""
                 name="ProcessingResourceUID"
                 ordinal="4"></FieldDefinition>
                <FieldDefinition
                 baseType="LONG"
                 description=""
                 name="ProcessingResourceClassUID"
                 ordinal="3"></FieldDefinition>
                <FieldDefinition
                 aspect.isPrimaryKey="true"
                 baseType="LONG"
                 description=""
                 name="UID"
                 ordinal="1"></FieldDefinition>
            </FieldDefinitions>
        </DataShape>
    </DataShapes>
</Entities>
