<?xml version="1.0" encoding="UTF-8"?>
<Entities
 majorVersion="0"
 minorVersion="0"
 universal="password">
    <DataShapes>
        <DataShape
         aspect.isEditableExtensionObject="false"
         aspect.isExtension="true"
         baseDataShape=""
         description="Data Shape containing properties for the metadata of a work definition. {PTC.SCA.SCO.WorkDefinitionMetadata}"
         documentationContent=""
         homeMashup=""
         name="PTC.SCA.SCO.WorkDefinitionMetadata"
         projectName="PTC.SCA.SCO.WorkDefinition.Model"
         tags="PTC:sca-sco;PTC:DataShape;PTC:sca-sco-workdefinition-model">
            <avatar></avatar>
            <DesignTimePermissions>
                <Create></Create>
                <Read></Read>
                <Update></Update>
                <Delete></Delete>
                <Metadata></Metadata>
            </DesignTimePermissions>
            <RunTimePermissions></RunTimePermissions>
            <VisibilityPermissions>
                <Visibility></Visibility>
            </VisibilityPermissions>
            <ConfigurationTableDefinitions></ConfigurationTableDefinitions>
            <ConfigurationTables></ConfigurationTables>
            <FieldDefinitions>
                <FieldDefinition
                 aspect.isPrimaryKey="false"
                 baseType="LONG"
                 description="UID for the external system that is the source of the cached work definition"
                 name="ExternalSystemUID"
                 ordinal="3"></FieldDefinition>
                <FieldDefinition
                 aspect.defaultValue="false"
                 aspect.isPrimaryKey="false"
                 baseType="BOOLEAN"
                 description="If true, this is a cached work definition"
                 name="IsCached"
                 ordinal="4"></FieldDefinition>
                <FieldDefinition
                 aspect.isPrimaryKey="false"
                 baseType="LONG"
                 description="UID of the cached work definition from which this work definition was cloned"
                 name="SourceWorkDefinitionUID"
                 ordinal="5"></FieldDefinition>
                <FieldDefinition
                 aspect.isPrimaryKey="true"
                 baseType="LONG"
                 description="UID for the work definition metadata"
                 name="UID"
                 ordinal="1"></FieldDefinition>
                <FieldDefinition
                 aspect.isPrimaryKey="false"
                 baseType="LONG"
                 description="UID for the associated work definition"
                 name="WorkDefinitionUID"
                 ordinal="2"></FieldDefinition>
            </FieldDefinitions>
        </DataShape>
    </DataShapes>
</Entities>
